key	ko
53a2t2gge1w3_7md/alternative1	실종된 상인이다. 말렌이 보여 준 사진 속에서 그가 쓰고 있던 안경이다.
53a2t2gge1w3_7md/alternative2	실종된 상인이다. 그의 딸이 보여 준 사진 속에서 그가 쓰고 있던 안경이다.
53a2t2gge1w3_7md/alternative3	실종된 남자다. 파티용품 상인이 보여 준 사진 속에서 그가 쓰고 있던 안경이다.
mdatgcl1yxt4afgo/alternative1	"""정수리가 훤해요. 문지르면 기분 좋은 머리예요."""
kkeg9bw6ksf644gy/alternative1	그가 먼 곳을 바라본다. 위에서 쏟아지는 빛에 흠뻑 젖은 도시의 스카이라인이다. 끊임없이 오가는 행인들의 웅성거림과 바닷새 울음이 두 사람 사이의 불편한 침묵을 채운다.
_jrmgsyhor0m8fhp/alternative1	"""빗속에서 뭘 하며 기다리는 거예요?"
_jrmgsyhor0m8fhp/alternative2	"""이런 날씨에 뭘 하며 기다리는 거예요?"""
_jrmgsyhor0m8fhp/alternative3	"""어둠 속에서 뭘 하며 기다리는 거예요?"""
_jrmgsyhor0m8fhp/alternative4	"""여기서 뭘 하며 기다리는 거예요?"""
_jrmgsyhor0m8fhp/alternative5	"""어둠 속에서 뭘 하며 기다리는 거예요?"""
9yudgc3xymos281q/alternative1	"""안녕, 안녕! 조심해요!"" 그가 머리를 톡톡 치며 걱정스러운 눈으로 쳐다본다."
fu75u3iypbtm7_ks/alternative1	"""다시 당신이랑 에스티 얘기인데요..."""
wice6wgi_bnrqacn/alternative1	그의 얼굴에서 미소는 꿈쩍도 하지 않고, 모자를 들어 올려 반들반들하고 작은 매끈한 부분을 문지른다.
kabh2rzavx8dysk4/alternative1	행운을 한 번 받으려고 그의 모자를 들어 올리고 벗겨진 부분을 문지른다.
y4846razolx4l1_h/alternative1	"""이걸 고칠 다른 방법 생각해 봤어요?"" 그녀가 텔레비전을 가리킨다."
rro8r521fhnq9ytx/alternative1	젊은 카르무나가 슈퍼블록 억양의 남자가 준 소포를 두 손에 들고 방으로 달려 들어온다. 얼굴이 상기된 채 서두른다.
ly_1cjgp53ayhwqg/alternative1	"""그 사람이... 젠장. 게다가 내가 당신을 찔렀다니, 정말 미안해, 자기."" 걸쇠가 딸깍 열린다. ""일단... 들어와."""
lwxman25z43jbq1l/alternative1	다시 노크한다.
od00_h1uyi9vq38h/alternative1	파란 하우스보트 문은 비를 피하고 있지만, 머리 위 지붕에서 빗방울이 춤추는 소리는 그대로 들린다.
od00_h1uyi9vq38h/alternative2	파란 하우스보트 문이 바람 속에서 투덜대듯 삐걱거린다.
od00_h1uyi9vq38h/alternative3	하우스보트 문 아래 틈으로 빛이 새어 나와 발치에 주황빛을 드리운다.
vlg58vddyel47q2z/alternative1	"""그분이 안심하도록 말씀 전해 주시면 감사하겠습니다. 말씀드렸듯 저는 일 때문에 여기 있을 뿐입니다."""
canbj9o1o6nbmgc4/alternative1	슈도팟이 이걸 왜 암호로 썼을까?
_ycx9b6gos_jk2py/alternative1	다시 펜을 들고 파스칼에게 쓴 사과문 아래에 또 한 장의 사과문을 쓸 채비를 해요. 갈 길이 멀지만, 해낼 수 있어요. *진심*을 담을 수 있어요.
zwwsi1jbj3xajtir/alternative1	다시 펜을 들어 에스티에게 쓴 사과문 아래 빈 자리에 펜촉을 대요. 이렇게 써요. '친애하는 캐버노 씨께...'
9osnr88f9i7oqnx_/alternative1	"""이 약해 빠진 꼴은 뭐야, 영블러드? 우린 이겼어."""
9osnr88f9i7oqnx_/alternative2	"""이 약해 빠진 꼴은 뭐야, 요요? 우린 이겼어."""
omgnx9ayjba5d9tr/alternative1	"""충분해, 고마워."""
luwr56wzzfrjptr7/alternative1	"""걔네 수준이 높다고 내가 말했잖아."""
luwr56wzzfrjptr7/alternative2	"""기적이 필요할 거라고 내가 말했잖아."""
luwr56wzzfrjptr7/alternative3	"""한 번 말했지. 오페라는 지치지 않는다고."""
luwr56wzzfrjptr7/alternative4	"""이게 다 내일이면 끝날 거야."""
7dp7ujmhtu_7hmmz/alternative1	"""우리가 한 수 위였나 봐... 그것들 존나 박살 냈잖아."""
7dp7ujmhtu_7hmmz/alternative2	"""너랑 나랑 살아남았잖아... 그럼 반은 기적이야."""
7dp7ujmhtu_7hmmz/alternative3	"""참고로... 나도 씨발 안 지쳤어. 그냥 좀 심하게 총 맞았을 뿐이야."""
7dp7ujmhtu_7hmmz/alternative4	"""벌써 끝났어... 우리가 이겼어."""
thxv7n9oolq80lon/alternative1	"""난 증강인간 전쟁의 첫 희생자는 *안* 될 거예요. 허튼 생각 말아요."""
xi4gl1paroj0pzxu/alternative1	"""봐라? 재밌잖아."""
88as4ed6y5xue2la/alternative1	"""응, 괜찮아."""
3sj96ce75w041z54/alternative1	이거다. 사람이 사라지는 공중전화, 일명 '다들 도청되는 줄 아는 전화'.
0z5_0ylz7hxkxybd/alternative1	오스카 메타모토!
dg03i2cuz59rh0zp/alternative1	심장을 집어 펼친다.
xqtveoh4jjkbda14/alternative1	그 이상한 부편집자 여자가 날 확실히 봤어.
bfp9v9t04hv49cff/alternative1	공교롭게도, 아까 대범하게 무시했던 그 핵심 부분이 여기 있다.
nt9zpajm_flpor3m/alternative1	터널을 빠져나오니 넓은 홀이다. 손에 든 하얀 빛줄기 앞에서 어둠이 움찔 물러난다.
k3vvtblq0e1hm3tg/alternative1	"""어젯밤엔 별 샤먼이 안 나왔어요."" 그녀가 한숨을 쉰다. ""*좋은* 꿈을 꿨어요. 아니... 좋았을 수도 있었을 꿈이요. 모르겠어요."""
k3vvtblq0e1hm3tg/alternative2	"""네. 또 좋은 꿈이었어요. 밤에 노 젓는 보트를 탔는데 우주비행사 피규어랑 함께였어요. 근데 그가 사람 크기였고, 우릴 느긋하게 저어 주고 있었어요."""
k3vvtblq0e1hm3tg/alternative3	"""허쉬, 네... 별 샤먼을 또 봤어요. 좀... 실망스러웠어요. 그 사람이 진짜일지도 모른다고, 제가 정말로 과거의 일을 보고 있는 걸지도 모른다고 생각하기 시작했거든요. 바보 같게 들리겠지만요."""
40u61n5o9l1kpe13/alternative1	"""피규어 가지고 돌아올게요."" (떠난다.)"
x8p9elnp285zmn3v/alternative1	"""하지만 그건 진짜가 아니야, 셉티무스."" 그녀가 쏘아붙인다. ""진짜는 이거야, 나, 흉터, 죽은 친구들. 러그 따위는 상관없어, 이걸 그냥 잊어버릴 순 없어."""
_0ur2dandql4v6ck/alternative1	"""안 돼! 이 러그도 없는 년 말은 무시해 — 씨발 절대 안 돼!"""
t9qqo5psjt31lpc_/alternative1	좀도둑질의 현장에서 슬그머니 빠져나온다.
yvyic516peyvb8j9/alternative1	"""따님이 정말 슈퍼블록을 위해 첩보 활동을 했다고 보세요?"""
ab8noyaz5pjgjyqn/alternative1	"""면허는 진짜입니다만, 만료되었습니다 — 4년 전에요. 의료위원회는 곤살로 때처럼 취소하지는 않았고, 다만 '갱신을 거부'했을 뿐입니다."""
4h4rty0nommrdnc7/alternative1	"""별말씀을요. 가설 속 치료가 어떻게 되는지 알려 주십시오... 그저 가설상의 연구 관심에서요."""
7j5ih5m57yr5um2k/alternative1	"""아. 네, 그렇게 보입니다."" 그의 시선이 당신의 인조 수염에 꽂힌다. ""뭐. 흥미로운 부작용이군요."""
wfdmc8zf1znismpp/alternative1	"""물론입니다."" 그가 목에 걸고 있던 안경을 들어 올려, 그 너머로 당신을 가늘게 뜬 눈으로 본다. ""약간 뇌진탕 증세가 있어 보이시는군요."""
wfdmc8zf1znismpp/alternative2	"""물론입니다."" 그가 목에 걸고 있던 안경을 들어 올려, 그 너머로 당신을 가늘게 뜬 눈으로 본다. ""멍이 좀 드셨군요."""
wfdmc8zf1znismpp/alternative3	"""물론입니다."" 그가 목에 걸고 있던 안경을 들어 올려, 그 너머로 당신을 가늘게 뜬 눈으로 본다. ""넘어지셨습니까?"""
s7ng_9iuhg5pvd85/alternative1	V를 바라본다.
xo4g_h67rq_ay1cz/alternative1	페트레가 말한 그 팝스타야. 슈도팟의 디스크에 있던 여자.
xo4g_h67rq_ay1cz/alternative2	말렌이 말한 그 팝스타야. 슈도팟의 디스크에 있던 여자.
xo4g_h67rq_ay1cz/alternative3	십대 소녀들이 따라 입던 그 팝스타야. 슈도팟의 디스크에 있던 여자.
lg2phffi_emz_fzb/alternative1	팝스타의 목소리가 밤 속으로 뜨겁게 파고든다.
i4bbsvwmvbqayihg/alternative1	또 보자, V. [떠난다.]
klfnhswl6ztbh9ek/alternative1	보라색 속에 모셔진, 노래하다 멈춘 울트라 비올레타를 올려다본다. 근처 로파이 스피커에서 음악이 흘러나온다.
22l80eiz8awb4xap/alternative1	"""말씀드렸듯이, 파티가 있었습니다."" 그가 차분히 말한다. ""초대장이 있어야 들어갑니다."""
1dccmrdrnueksx21/alternative1	"""말씀드렸듯이, 사교 모임의 해산을 감독하는 중입니다."""
rydy80772jhyk7fy/alternative1	패션 감각으로 다시 한번 저들에게 깊은 인상을 주려 한다.
cns8bhutyt195fun/alternative1	"""그 고객센터 통화 다시 들어 보자."""
1m7qcb21r86ma9ax/alternative1	"""두 번째 거 틀어 줘."""
1m7qcb21r86ma9ax/alternative2	"""아내 나오는 거 다시 틀어 줘."""
k4wkhbac4vsx07jw/alternative1	"""응."""
0qhk2iprw8pe0qej/alternative1	"""좋아, 이제 재미 삼아 마지막 거."""
0qhk2iprw8pe0qej/alternative2	"""휴고 박사 나오는 거 다시 들어 보자."""
y12j0rtl59dulv__/alternative1	"""의사 대 의사라. 볼만하겠는데."" 그가 씩 웃으며 몸을 숙여 재생을 누른다."
lgfz8vzcgbr348kk/alternative1	"""제가 오페라 재목이라는 걸 보여 드릴게요. 쉬울 거예요."""
d2f_fi7cpo1zq_yb/alternative1	"""저랑요? 람세스는요?"""
kd96zt_o2wcpq5ga/alternative1	이번에도 팔이 배출구 트레이를 우아하게 통과해 기계 속으로 올라간다. 어깨가 욱신하지만 각도는 잘 잡혔다.
7orlbkchu_ekf5wh/alternative1	좋아. 이번 판은 선진 세계에 양보하지. [떠난다.]
729ncqnkt06hiqep/alternative1	어쩌면 모든 판을 말이다.
f4kip1kldb14cb97/alternative1	"""레노가 어디 사는지 혹시 아세요?"""
dqmsg0s_kylogajs/alternative1	"""한 부 얻을 수 있을까요? 전에 받은 건 남에게 줘 버렸어요."""
x04ir5q3tiiu9so1/alternative1	"""*또 한 편* 투고하고 싶어요."""
x04ir5q3tiiu9so1/alternative2	"""시를 한 편 투고하고 싶어요."""
c5gli92ljqr854to/alternative1	"""양심 거래는 도둑질만 부추기는 거 아닌가요? 나도 해 봤거든요."""
1hzgk1lr209rf9po/alternative1	"""그 말은 이미 했잖아요."""
yz2fe3lj82mp21k7/alternative1	이번엔 진심이에요.
oig3zw1d9z9qc9a4/alternative1	"""나 만나는 사람 있어요. 이름은 조에예요."""
wu0ekwrcde2xw6pc/alternative1	"""막은 내렸어요. 앙코르는 없고요. 이상한 밤 보내요, 공작원."""
wu0ekwrcde2xw6pc/alternative2	"""막은 내렸어요. 앙코르는 없고요. 프로다운 밤 보내요, 공작원."""
cqcjw6b86emoeoc_/alternative1	기차 *본체* 없이 바퀴 하나만으로 할 수 있는 수리는 많지 않다.
5hmancantdrkmswk/alternative1	냄비 안에서 모형 기차가 고통스러운 변신을 시작하자, 독성 있는 흰 연기가 섬뜩할 만큼 순식간에 피어오른다.
5hmancantdrkmswk/alternative2	냄비 안에서 떡막대가 고통스러운 변신을 시작하자, 독성 있는 흰 연기가 섬뜩할 만큼 순식간에 피어오른다.
5hmancantdrkmswk/alternative3	냄비 안에서 늑대 컵이 고통스러운 변신을 시작하자, 독성 있는 흰 연기가 섬뜩할 만큼 순식간에 피어오른다.
5hmancantdrkmswk/alternative4	냄비 안에서 우주비행사가 고통스러운 변신을 시작하자, 독성 있는 흰 연기가 섬뜩할 만큼 순식간에 피어오른다.
e_u8rml6t_x0r0_z/alternative1	갈색 종이봉투로는 아무 방어도 되지 않는다. 연기가 콧속 털을 그을리고 기관지에 이상한 막을 남긴다.
e_u8rml6t_x0r0_z/alternative2	큼직한 마스코트 탈로는 아무 방어도 되지 않는다. 연기가 콧속 털을 그을리고 기관지에 이상한 막을 남긴다.
8hr7dcugqwzgzv75/alternative1	"""좋아, 작업 시작이다."""
sl0fm2koa1yiqbjg/alternative1	총기는 이미 만들었다. 이곳에서 달리 할 일은 없다. 아직은.
pagz7_g7rw5ndtnj/alternative1	"""난 비둘기일세. 그리고 자네 *친구* 말인데, 저쪽이 슬라바지."" 그가 시가를 문 사내에게 고갯짓한다."
9km20jrhb1tnc9_r/alternative1	"""폰섹스 때문에 포르토피로에 오는 사람이 많다던데요."""
7q1tez93b53pze1o/alternative1	"""통화 독점꾼은 사연이 뭐예요?"""
ibzt0pqy8u3ni5vi/alternative1	"""우리 모두 차례를 원해, 예쁜이. 너도 마찬가지고. 저쪽에서 재미 보는 거 우리가 다 봤어."""
zmyi16yajsvf3cow/alternative1	"""동료를 찾고 있어요 — 슈퍼블록에서 온 양말 수입업자요. 저 공중전화를 썼을지도 몰라요."""
iocy8zhqzm57jlom/alternative1	"""질문에 답하자면, 이런 게 몇 장씩 돌아다니곤 했지만 몇 년째 못 봤네."""
y4ktpmeouhvgrspm/alternative1	"""자네가 마음을 돌릴 줄 알았네, 미르체아. 솔직히 내가 직접 못 가는 게 서글플 뿐이야."""
v9qksf804ta5whnu/alternative1	"""더치스 얘기는 이제 그만."" (돌아간다.)"
g2p7wf71cn425v_4/alternative1	"""저 위에서 아주 이상한 일이 벌어지고 있었어요. 향정신성 약물에 관한 문서랑 그 밖에 께름칙한 것들이 나왔어요."""
g2p7wf71cn425v_4/alternative2	"""저 위에서 아주 이상한 일이 벌어지고 있었어요. 비밀 구금 모듈에 관한 문서랑 그 밖에 께름칙한 것들이 나왔어요."""
g2p7wf71cn425v_4/alternative3	"""저 위에서 아주 이상한 일이 벌어지고 있었어요. 향정신성 약물, 비밀 구금 모듈에 관한 문서랑 그 밖에 께름칙한 것들이 나왔어요."""
g2p7wf71cn425v_4/alternative4	"""저 위에서 아주 이상한 일이 벌어지고 있었어요—비밀 구금 모듈, 향정신성 물질, '원격 호스트 구간'에 관한 문서가 나왔어요. 정말 섬뜩한 것들이었어요."""
o_t1hepy8kfph197/alternative1	늙은 스파이가 천천히 이쪽 손에서 자기 손을 뗀다. 헤드폰을 벗고 몸을 돌린다.
1gj4m28dri5kcqkx/alternative1	"""울트라 비올레타의 미발표곡에 들어 있던 거예요. 제목은 '꿈에서 온 너'고요. 백맨의 졸개가 내게서 훔쳐 간 '형이상학적 초병기'가 바로 그거예요."""
h28fdbfgf6pgw8qn/alternative1	늙은 스파이가 천천히 잡고 있던 손을 놓는다. 헤드폰을 벗는다.
mwxl19ainnil3544/alternative1	"""특정 별들이 나타나는 시기에 맞춰서 실험 시점을 잡고 있었어요."""
uz68hrgn7v_oz4g2/alternative1	"""계단을 한 번 겪어 봤어요. 또 해낼 수 있어요."" (마무리한다.)"
9wvuwhcs9nu7_nid/alternative1	"""아우토노미아 얘기를 하는 거죠. 쾅쾅 했다는 그 로켓요."""
l6y08ruc5lkm6c6w/alternative1	"""*쾅쾅 했다고 널리 믿어지고* 있지. 중요한 차이야."""
5uynjp8__du2zrud/alternative1	"""이건 불공평해요. 나한텐 *잇*이 없고, 한 번도 있었던 적이 없다고요."""
6198coxx91fqjaaf/alternative1	이 시간대의 바는 사실상 텅 비어 있다. 유리잔 몇 개와 접시 몇 장이 방금 다녀간 손님들을 증언하지만, 지금은 두 사람뿐이다.
6198coxx91fqjaaf/alternative2	이 시간대의 바는 골수 알코올 중독자들을 빼면 거의 비어 있다. 물론 두 사람도 빼고.
6198coxx91fqjaaf/alternative3	이 시간대의 바는 다시 살아나기 시작한다. 단골 몇이 터덜터덜 들어와 늘 앉던 자리를 차지한다. 두 사람에게 눈길을 주는 사람은 없다.
6198coxx91fqjaaf/alternative4	이 시간대의 바는 '북적인다'고 할 만한 가장 가까운 상태다. 여섯 명쯤 되는 손님들이 수다를 떨거나 멍하니 펠로타 경기를 구경한다. 두 사람에게 눈길을 주는 사람은 없다.
_qeflz5hqk9jtl4q/alternative1	"""함정에 빠졌어요."""
_qeflz5hqk9jtl4q/alternative2	"""완전 아마추어에, 초경량급이에요. 이번 임무는 감당 못 했어요."""
_qeflz5hqk9jtl4q/alternative3	"""지금은 번데기 단계예요. 뭐가 될지는 아무도 몰라요."""
_qeflz5hqk9jtl4q/alternative4	"""안 좋아요. 그 사람이 필요로 할 때 내가 실망시켰어요."""
8ual_mo4dzm_z0q5/alternative1	"""음. 어두운 세력이 탈역사 유물론의 순진한 일꾼들에게 교활한 덫을 놓는군."""
8ual_mo4dzm_z0q5/alternative2	"""놀랍지도 않아. 안경 너머로 보였거든, 그 친구의 신경이 하나둘 풀려 나오기 시작하는 게.""\n"
8ual_mo4dzm_z0q5/alternative3	"""음, 한편 물질계로 돌아오면, 자네는 지원군이 없다는 얘기가 되지.""\n"
8ual_mo4dzm_z0q5/alternative4	"""명성 그대로군. 유대를 저버리는 자, 실망 10종 경기 선수.""\n"
ycm0298flnw_wy2m/alternative1	"""냉동고에 있어 본 적 있어요, 하우츠만?"""
9wdfij8prcph9rbp/alternative1	그가 담배로 카운터 쪽을 가리킨다. 루시아가 가장자리에 맥주가 말라붙은 유리잔 더미를 저글링하고 있다.
y4ipgdrwnvt0agae/alternative1	"""인재 발굴이라고 해 두지. 나는 무효 존재일지는 몰라도 *완전히* 판에서 빠진 건 아니라네. 오페라가 한때 자네에게서 뭘 보았는지 내 눈으로 직접 보고 싶었네.""\n"
73im0ccs_3ac92xk/alternative1	"""나중에 봐요, 하우츠만."" [떠난다]"
73im0ccs_3ac92xk/alternative2	"""나중에 다시 올지도 몰라요."" [떠난다]"
73im0ccs_3ac92xk/alternative3	"""곧 돌아올게요."" [떠난다]"
73im0ccs_3ac92xk/alternative4	"""기록을 구하면 흐려진 거울에서 봐요."" [떠난다]"
haboz24nhp1i28zn/alternative1	"""제법 우쭐해 있지, 그렇지 않나?"""
1z6bkpo7do9gcqro/alternative1	"""하우츠만. 여기서 뭐 해요?"""
q90a3jqi8a0htv7q/alternative1	"""물론 그렇게 느껴지진 않을 테지만."""
mj3kkj651_dz06bo/alternative1	"""온갖 것들이지. '그녀가 정말 그랜드 리치를 직접 제로 처리할 건가?', '분대엔 누구를 뽑을 건가?', '그녀에게 아직 *잇*이 남아 있나?' 하나같이 손에 땀을 쥐게 하는 질문이야..."""
h5oty61k3rdm7vji/alternative1	"""그들은 거리가 있어도 개의치 않아 -- 관심을 돋우는 데 그보다 좋은 건 없으니까. 거품을 물고 달아올라서 이렇게 묻는 소리가 들리네. ""그녀가 리치를 직접 제로 처리할까?', '분대엔 누구를 뽑을까?', '그녀에게 아직 *잇*이 남아 있나?' 하나같이 손에 땀을 쥐게 하는 질문이야..."""
nr48i99vhnmwi3lj/alternative1	"""*무효 존재*의 비극적 운명이지. 옛 친구들과 동지들에게조차 기억 속에서 저주받는 신세라네. 이제 난 그저 흉한 셔츠를 입고 주택 캠페인에서 시간이나 죽이는 슬픈 늙은이일 뿐이야."""
uvssvfjkx11v2uwo/alternative1	"""그렇지, 그렇고말고. 나도 한두 번 양말 수입업자였지. 물론 *무효 존재*가 되기 전 일이야. 요즘은 그저 흉한 셔츠를 입고 주택 캠페인에서 시간이나 죽이는 슬픈 늙은이일 뿐이고."""
bro5glhfw6z6_8hm/alternative1	"""공식적으로 난 아무도 아니야 -- *무효 존재*지. 흉한 셔츠를 입고 주택 캠페인에서 시간이나 죽이는 슬픈 늙은이일 뿐이네."""
i7ayxbefytro5v93/alternative1	"""흐려진 거울에 있던 그 영감님이군요."""
lkeitw2_figjr60b/alternative1	"""그 사람 찾으러 안 가요? 저 절벽 바로 너머였던 것 같은데요..."""
y5ryu9msyf4y_989/alternative1	한 걸음 물러나 장식 성과 전체를 둘러본다. 하찮은 포스터 세 장이 주위를 에워싼 광대한 허공 탓에 더욱 작아 보인다.
mrsry_53dgvatd14/alternative1	이 양반은 내가 *두개골에 구멍을 뚫어서* 안경원숭이를 꺼내 오길 바라는 거야?
mrsry_53dgvatd14/alternative2	이 양반은 내가 *두개골에 구멍을 뚫어서* 종양을 꺼내 오길 바라는 거야?
mrsry_53dgvatd14/alternative3	이 양반은 내가 *두개골에 구멍을 뚫어서* 배아를 꺼내 오길 바라는 거야?
c94jxq_0ux3pnaj8/alternative1	계속 그린다.
16xez65umel00i0y/alternative1	"""더 고백할 나쁜 짓이 있어요..."""
y90ijgg0k4u60xxd/alternative1	"""듣고 있어, 자기야. 다 털어놔."""
3yok5ickcmkbw5v5/alternative1	"""모피 코트를 훔쳤어요. 지금 입고 있어요."""
_c4lzljinvclvozf/alternative1	"""이쯤 고백하면 됐어요..."" [뒤로.]"
rxheaqfgove6b_i0/alternative1	"""자기 마음대로 해, 자기야."""
1qigt49fdktlav65/alternative1	"""다시 내 환상 속으로 들어가고 싶어요."""
6ceqxxgxovjc_1r2/alternative1	"""다시 내 관리관이 되어 줄래요?"""
u6aa6zj6ulxzd7re/alternative1	"""난 당신 관리관이에요..."""
ies1g0_ng60pb3vx/alternative1	"""다시 증강인간 얘기로..."""
1qa4ez3emdojyrzn/alternative1	"""어디로 데려가 줄까, 자기야."""
1qa4ez3emdojyrzn/alternative2	"""그래, 자기."""
1qa4ez3emdojyrzn/alternative3	"""응, 원한다면..."""
979bidzq3mkcf6b9/alternative1	"""우리 임무는 비밀로 할게, 자기야. 몸조심해, 밖에서."""
ibvd88jnmjaqa49j/alternative1	전화 부스의 덮개 밖으로 나서자 비가 맞이한다.
ibvd88jnmjaqa49j/alternative2	바람이 전화선을 후려친다.
ibvd88jnmjaqa49j/alternative3	전화기에서 물러나 어둠 속으로 걸어간다.
ibvd88jnmjaqa49j/alternative4	전화기 덮개 밖으로 나서자 햇빛에 눈을 찡그린다.
ibvd88jnmjaqa49j/alternative5	전화기에서 물러나 어둠 속으로 걸어간다.
qk7ay0wc_4135ohv/alternative1	그러니까 EMTERR가 헤드폰 남자를 통해서 슈도팟한테... 울트라 비올레타 디스크를 줬다는 거지.
dwntbgkz52ohmy8c/description	지금 무슨 일이 벌어지고 있지?
_fl_u3akig4aw6sz/description	회피 기동을 발동한다.
kwlf1eftcl9h5qu7/description	가만히 있기. 때로는 그것이 최선의 행동이다.
ybt7441vx3u_i0rg/alternative1	"""그래서... 무엇을 도와드릴까요? 목소리 때문에 불편하시지 않게 조용히 말해 볼게요."""
ybt7441vx3u_i0rg/alternative2	"""그래서... 무엇을 도와드릴까요? 아니면 그냥 제 목소리를 듣고 싶으신 건가요?"" "
50j3m14tnl0xskh8/alternative1	"""그럼 남자가 주요 직책을 맡고 있진 않은 거네요?"""
n97j54wd5w0kqihp/alternative1	"""부편집 계속 잘해요."" [떠난다.]"
0nna8e5uigrq1_z_/alternative1	"""그럴게요. 읽기도, 정리도, 커피 내리기도요."" 그녀의 눈꺼풀이 거의 알아챌 수 없게 윙크하듯 깜빡인다."
tpswvqe1tiyuu1bu/alternative1	"""오, 포맷에 민감한 내 친구. 어찌 지내시오?"""
hybir0ab56uofwl5/alternative1	"""'리플레이어'라고 자꾸 말씀하시는데, 그게 무슨 뜻이에요?"""
7aqst4km0n3qp8e9/alternative1	"""세상이란 게 그런 것이오, 친구. 당신은 그걸 아주 잘 이해하리라 믿소."""
nb6ld_kfb8b1silh/alternative1	"""정말 서글픈 건 헌신할 만한 이상이 없는 것이오."""
95w9cxj7zvec1ag3/alternative1	"""서글픈 삶처럼 들리는구려."""
w9et7ew0tkfa4m37/alternative1	"""내가 보여 준 그 다 쓴 아인첼톤 기억나요? *다시* 재생할 수 있게 복원했어요!"" (복원한 붉은 디스크를 보여 준다.)"
w9et7ew0tkfa4m37/alternative2	"""이봐요, 페트레, 이론상 당신 말이 맞았어요! 그 붉은 디스크를 복원했다고요!"" (복원한 붉은 디스크를 보여 준다.)"
1zuzz8riecusosx2/alternative1	"""그걸로 *그 디스크들*을 *듣는* 거요. 아인첼톤! 아픈, 아주 아픈 사람이지..."""
mr9ak_414in80bf2/alternative1	슈퍼블록에서도 현실 상황을 방송하게 해 봐야겠어.
jh6r8eswf59dgxu4/alternative1	로타네브의 사당으로 다가가 잿빛 비를 피한다.
jh6r8eswf59dgxu4/alternative2	로타네브의 사당으로 다가가 살을 에는 바닷바람을 피한다.
jh6r8eswf59dgxu4/alternative3	로타네브의 사당이 실낱같은 초승달의 차가운 빛에 잠겨 있다.
r24mbx2el_5izo9m/alternative1	"""이보게, 이렇게 문명을 긍정해 주는 고양이를 쓰다듬는다는 건 큰일일세. 어떻게 나올지 알 수 없다네..."""
ld9x91cszjuuj4f2/alternative1	손가락을 다시 쉬게 한다.
8flza6ncokxszl9f/alternative1	"""이 아름답고 순수한 고양이가 그 역겨운 짐승들 중 하나라는 말은 하지 마."""
z6r97gyzx6yidka6/alternative1	"""당신이 거짓말을 하든지 카르무나가 하든지 둘 중 하나예요. 난 당신 쪽에 걸게요."""
z6r97gyzx6yidka6/alternative2	"""당신이 거짓말을 하든지 노점 상인들이 하든지 둘 중 하나예요. 난 당신 쪽에 걸게요."""
zg2j5ih_gpcz98wp/alternative1	"""그 애가 그랬나요."" 그가 노점들 쪽을 흘끗 본다. ""아, 맞다. 그 안절부절못하던 공산주의자. 이제 누군지 알겠네요."""
zg2j5ih_gpcz98wp/alternative2	"""그 사람들이 그랬나요."" 그가 노점들 쪽을 흘끗 본다. ""아, 맞다. 그 안절부절못하던 공산주의자. 이제 누군지 알겠네요."""
g54rwtx0isqhv7yq/alternative1	"""얼마 전에 내 동료가 바자르를 지나갔어요. 둘이 얘기를 나눴을 텐데요."""
1nik3bdfnbep6to9/alternative1	"""이상하네요. 카르무나는 당신이 꽤 잘 아는 사이라던데요."""
1nik3bdfnbep6to9/alternative2	"""이상하네요. 노점 상인들은 당신이 꽤 잘 아는 사이라던데요."""
h1uwf1x7v885tzrb/alternative1	정지된 순간. 물 위에서 배들이 삐걱거린다. 근처 어디선가 무언가 첨벙한다.
5_a31b4j2xyqlqyu/alternative1	그가 천천히 고개를 끄덕인다. 어스름 속이라 이쪽을 보는지 알 수가 없다.
nzg7lgcy654p77o4/alternative1	"""봤어요. 자물쇠 따는 솜씨가 프로 같던데요."" 그가 이쪽을 보며 기다린다."
w8iax7prh9z4o53x/alternative1	그가 가만히 서 있다. 어깨는 느슨하고, 선글라스가 창백한 빛을 머금는다. 렌즈 속의 바자르가 반쯤 번져 일렁인다.
w8iax7prh9z4o53x/alternative2	그가 가만히 서 있다. 어깨는 느슨하고, 안경이 한낮 빛의 파편을 머금는다. 렌즈 속에서 바자르의 색채가 부풀어 오른다.
w8iax7prh9z4o53x/alternative3	그가 가만히 서 있다. 어깨가 처지고, 안경이 시들어 가는 빛을 머금는다. 호박빛과 멍든 보랏빛에 잠긴 바자르가 그의 안경 위로 흘러간다.
w8iax7prh9z4o53x/alternative4	그가 자세를 고친다. 어깨는 축 처졌고, 가로등 불빛이 안경 위에서 부서진다. 그림자 사이로 바자르가 거의 멈춘 듯 보인다.
8ym76bavhdxcdvri/alternative1	"""당신 행운의 모자인 줄 알았는데요."" 그가 배의 접힌 자국을 살핀다. ""왜죠?"""
2q6z2ef5cwpys7zb/alternative1	"""옮길 상자 있어요? (몇 시간 일한다.)"
ekyj5g52_7kjahs0/alternative1	부두를 따라 놓인 상자들을 가리킨다.
ekyj5g52_7kjahs0/alternative2	고개를 한 번 끄덕일 뿐, 더는 없다.
jg28aeqe6vq0zi47/alternative1	"""밤에 선글라스요? 듣던 것만큼 멋있는 사람은 아니네요."""
7cw3b7gefb3utr3h/alternative1	"""세상이 받아 마땅한 만큼의 추위죠, 맞죠, 허쉬?"" 목소리에 애써 지어 보인 미소가 묻어난다."
7vc_kf41j62hy3pc/alternative1	"""전에 말했죠, 대부분의 사람은 저를 만나지 않았으면 좋았을 거라고 생각한다고요. 저도 당신을 만나지 않았으면 좋았을 거예요."""
u1l12a285v0jerjh/alternative1	"""이름 없는 친구가 있어. 걘 여전히 아주 이상해."""
u1l12a285v0jerjh/alternative2	"""이름 없는 친구가 있었어. 이젠 죽었지."""
8ezji27u0wo5p6ss/alternative1	"""안됐네요. 멋진 분 같았는데. 아주 얼터너티브하고요."""
sf22u0lexi9xetgj/alternative1	"""내가 이름 하나 지어 줄 수 있어, 파트너."""
5d5g28n4b9c5igsl/alternative1	"""아, *당신이* 하겠다고요? 그래요... 괜찮을 것 같아요... 야나 생각도 한번 들어 보면 좋겠지만요..."""
5d5g28n4b9c5igsl/alternative2	"""알겠어요, 허쉬. 믿어요."""
ph7ltyqpiov9raaq/alternative1	"""내가 하나 만들어 줄게, 파트너."""
4f7bu9_a6siwo2ot/alternative1	"""고마워요, 허쉬. 당신도요, 엄청 이상하게 굴지 않을 때는요."""
6uxvrle7ti1awi9g/alternative1	"""네, 이미 말씀하셨어요."""
0xuiquv2rm8hw_yv/alternative1	"""카스카 티어. 그러네요. 나쁘지 않아요."""
1zftyhf5k5a4ov9u/alternative1	"""정말 멋질 것 같아요."" 그녀가 바닥을 본다. ""그 비전이 마음에 들어요."""
t5qtlp6j2goze_ql/alternative1	"""완전 동감이에요."" 그녀가 바닥을 본다. ""엄청 멋져요."""
bg7ugj_1spr3u5sn/alternative1	"""이해해 줘. 듣자니 너 엄청 유명하다며."""
7e5ey1xux0u614sj/alternative1	"""허쉬, 또 발작이야? 들리면 눈 깜빡여 봐."""
skjt5dr521c2z7qb/alternative1	"""언제든 끼어들어, 브이."" (시를 친다.)"
4d1p7y052wzcgcdo/alternative1	"""지난번에 고양이는 질리도록 봤어. 넘어가자."""
b5lkhd9q7n2b6zy2/alternative1	"""사실 꽤 근사해. 나 사진에 진짜 장래가 있는 것 같아. 다만 *너한테*는 줄 수 없어."""
b5lkhd9q7n2b6zy2/alternative2	"""렌즈를 엄지로 가린 사진이라 해도 너한텐 안 줄 거야."""
rprjlgv9ge4n7a9_/alternative1	하우츠만의 말로는 문예지 행세를 하고 있다고 한다. 정문으로 가 *볼 수도* 있다.
rprjlgv9ge4n7a9_/alternative2	문예지 행세를 하고 있다. 이미 말솜씨로 들어가 본 곳이다. 그냥 걸어 들어갈 *수도* 있다.
rprjlgv9ge4n7a9_/alternative3	직접 본 바로는 *실제로* 문예지로 운영되고 있다. 한 번 더 찾아가 볼 만하다.
ixzv_62qt6jq3bn1/alternative1	누가 대장인지 똑똑히 보여 줘라.
ru_s0c0t_jy0a5yz/alternative1	이럴 시간 없어!
4hfiuv_i_fw9n3eb/alternative1	그럼 예의 차리는 건 그만둬라.
ktna0bdwut0nvh8z/alternative1	다시 올게. [떠난다.]
xx7_1gk2hxyf_s3a/alternative1	철문으로 다시 다가간다. 이번에는 이 문이 누구의 것인지 알고 있다.
g5s_rb8_zjn024lm/alternative1	"""미사일은 어디 있어요, 멜리타? 나 여기서 죽겠다고요!"""
hlut5irbiaiypd2j/alternative1	"""미사일 공습은 어디 있습니까? 저는 공작원 캐스케이드입니다. 노베사에서 파견됐습니다. 제 이름은..."""
wlyz1xhx_s_kfswq/alternative1	그의 책상 위에는 발코니에서 본 것과 똑같은 병정 피규어가 서 있다. 냉담하게 그를 지켜보고 있다.
a7wo7q01z040fvhp/alternative1	"""좋아, 이번엔 네 말 믿어 볼게."" (10솔을 호랑이에 건다.)"
gpzjr_pjr_9ki6bo/alternative1	"""하지만... 펠로타 공이 있잖아요. 우린 함께 섬유 산업을 구원할 운명입니다."""
twx6reo9805l2koe/alternative1	"""역시 그랬어요. 펠로타 공. 우린 함께 섬유 산업을 구원할 운명입니다."""
zzv7mx3gk2isw7z2/alternative1	"""..."""
fyqq0fo2ofszo874/alternative1	"""내 속은 절대 못 읽을걸! 네 앞에서 스파이짓을 아주 작살나게 해 주지!"""
5ux5yd4fciyzqflt/alternative1	"""포기할게. 네가 대장 해."""
hws304ri2thzqovw/alternative1	그는 공을 주머니에 넣고 시선을 피한다. 눈을 마주치지 못한다.
uxlq3pm3urwn08z0/alternative1	"""그럼 이건 세 기관이 함께하는 임무네요 — 오페라, EMTERR, *그리고* M.I.H.O. 공은 어떻게 나누죠?"""
2g5j37qqtkpc2fgh/alternative1	"""세 기관 — EMTERR, 우리, 그리고 M.I.H.O.가 공을 어떻게 나눠야 하죠?"""
pp_m7h8w97212bs7/alternative1	의료위원회는 곤자 박사의 자격도 박탈했다. 겉보기에 더 존경받던 휴고 박사도 면허 문제를 겪었는지 모른다.
wm0oet_7f9i8onwh/alternative1	"""얼른 하는 게 좋을걸요. 안 그러면 또 걷어찰 거예요."""
dvpsynzae7nanwp3/alternative1	"""프레데리크 말로는 당신이 인적 자본국장 찾는 걸 도와줄 수 있다던데요."""
hqwg_2xyazqt0bq_/alternative1	"""사실 그분께 최소 세 번은 사과해야 해요."""
9_ajunp6j0s4bbew/alternative1	그가 술을 목구멍으로 털어 넣는다. 눈은 크게 뜬 채 빗줄기를 바라본다.
9_ajunp6j0s4bbew/alternative2	그가 술을 목구멍으로 털어 넣는다. 눈은 크게 뜬 채 별을 바라본다.
_dssh9b423woc8yf/alternative1	"""이 모형 열차가 당신네 비밀 조약을 *탈선*시키는 건 아닐까요?"""
0re1eqdo38ucz4wv/alternative1	"""술 좀 더 어때요? 재발한 김에 쭉 가 보죠."""
0re1eqdo38ucz4wv/alternative2	"""제가 한 잔 살게요. 안 될 거 있나요."""
6yw1bv1n0wmaigh5/alternative1	"""상태가 아주 안 좋아요, 전하기 죄송하지만. 이 동네 섹스 라인에 중독됐어요."""
dz5qflcmes_mraw9/alternative1	"""그래요. 술 좀 더 드세요."""
6m4kxghk_hiynj2b/alternative1	"""정 그렇다면야..."" 그가 손가락을 펄럭인다."
6m4kxghk_hiynj2b/alternative2	"""헌주를 바치게나..."""
122rye_sm0jclub_/alternative1	"""분명 그의 피에다테르였겠죠."""
6n_0sqscf3c_cqw6/alternative1	"""그래, 그래! 피로 물든 경기장..."" 웃음이 얼굴을 타고 흘러내린다. ""우리가 마지막 항전을 벌였던 원형 경기장."""
wjsw94zka7xs_aj5/alternative1	"""어서 다시 일어서길 바랄게요."" (돌아간다.)"
3wds__jaekr74qjw/alternative1	"""고맙네."" 진심 어린 목소리다."
esga0bdpzgi1qtsh/alternative1	"""누굴 두려움 없이 사랑하는지 짐작이 가는데요..."""
p89tvv1dsxosbfbm/alternative1	"""물러가라, 더러운 하피여... 오스카 메타모토는 *적어도* 세 번의 사과를 받을 때까지 *현역 불능*이다."""
n4yhoxqzaetls5y7/alternative1	울트라 비올레타는 여전히 팬클럽 가입을 권하고 있다.
hqv91b32bwdr_jpq/alternative1	잠깐, '팬'? 나랑 V는 대형 콜라보도 계획 중인데.
es95b_09d5i0ztbe/alternative1	세상은 아직 그 일을 알 준비가 되어 있지 않다.
3egcns11z893t2fo/alternative1	그가 들려주는 음악도 절대 듣지 마십시오.
j32yx9etgggqpun0/alternative1	담뱃갑에서 단테의 출국 서류를 빼내 주머니에 밀어 넣는다.
ni2dckva68wlra6c/alternative1	아무튼, 갈 시간이야. [떠난다.]
pvrrc7gq_7fd8386/alternative1	폴라리스의 성소에 등을 돌린다.
3f2pqmgnpx7s2n3i/alternative1	폴라리스에게서 돌아선다. 새벽의 여린 빛 속으로.
3f2pqmgnpx7s2n3i/alternative2	부두 노동자들의 목소리가 산들바람을 타고 들려와 사당의 기묘한 평화를 깨뜨린다.
3f2pqmgnpx7s2n3i/alternative3	주위의 빛이 어두워진다. 둘러선 지붕들 뒤로 땅거미가 번져 올라간다.
afmx8gt14fmw_9qp/alternative1	'재생'을 누른다.
3es1zuaas0zrhhry/alternative1	볼륨을 원래대로 돌려놓자 잡음이 잦아든다. 정신 나간 박사에게 이 물건 얘기를 해 두는 게 좋겠다.
4pe0grydkz7_1rvz/alternative1	빗방울이 사방에서 터진다. 시간이 실제보다 늦게 느껴진다.
4pe0grydkz7_1rvz/alternative2	바람이 모든 것을 끌고 간다. 머리 위에서 전차선과 전선이 보이지 않는 거대한 짐승의 고삐처럼 흔들린다.
4pe0grydkz7_1rvz/alternative3	공기가 후텁지근하다. 머리 위에서 전차 선로가 가능성으로 지직거린다.\n
1komtikts6wor6j7/alternative1	"""서두르지 않는 묵직한 박자가 의식 특유의 것이긴 합니다. 좋은 지적입니다. 드디어 말입니다."""
24lbkkfywx4ia7pa/alternative1	"""영블러드는 다듬어지지 않았어도 의리는 있어."""
24lbkkfywx4ia7pa/alternative2	"""요요는 다듬어지지 않았어도 의리는 있어."""
entd5ckqatb77a80/alternative1	"""자, 출발이 좀 거칠었네, 다시 해 보자... 같이 일하게 돼서 기대돼?"""
9p1fz4lfi0fhl1fd/alternative1	남자의 입가에서 침이 새어 나와 바닥에 고인다.
sbv3u31f0y896d5p/alternative1	음, 나쁘지 않네. (계속 씹는다.)
sbv3u31f0y896d5p/alternative2	내 입엔 괜찮은데. (계속 씹는다.)
ydzgmkut1p9rbm1x/alternative1	여기선 더 할 게 없어. [떠난다.]
ydzgmkut1p9rbm1x/alternative2	"""나중에 다시 올게."" [떠난다.]"
xxpszm70279nsa3c/alternative1	분신의 큰대자로 뒤집힌 몸 곁으로 돌아온다.
t9qifqxh8pxjfr67/alternative1	내가 또 실망시킨 친구야.
5a2cp6fheu690dbz/alternative1	우리 주변에서 어둠의 세력이 더 깊은 음모를 추진하고 있어. 난 함정에 빠진 거야.
dhjjvinj7ltsbby6/alternative1	그렇다면 당신은 정확히 그 안으로 걸어 들어온 것이다. 이 *세력*들이 끔찍하게 움직이며, 이해의 평면 위를 영혼처럼 미끄러져 간다.
pi38m2cvor9lnhmk/alternative1	첫인상: 이 사람, 씨발 다 망쳤어.
an9dyahp1i9thuwy/alternative1	"""그러니까 EMTERR가 길마르를 잡아가고, 그다음에 아버지를 잡아갔다는 거죠?"""
42t6ysfi6cmmx1hz/alternative1	"""전화가 끊기기 전에 길마르가 아버지한테 한 말이 그거였나요?"""
6j3_sag4nk9j3i18/alternative1	"""잠깐만요, 아까 말한 그 감옥 말인데요, 그 밖에 뭐 본 거 있어요? 뭐라도요?"""
jv9wxrlk939i674w/alternative1	"""아뇨, 그 밖에는 아무것도요. 죄송해요."""
sbwdtwp6q_twenlp/alternative1	"""그 밖에 뭐라도 봤어요? 뭐라도요?"""
t5uk6vnucnwf4in0/alternative1	"""제발요..."" 절박함에 눈물이 날 지경이다. ""그 밖에 뭐라도 봤는지만 알고 싶어요. 뭐라도요?"""
mtz1ao3dvmbmm1ag/alternative1	"""노스코렌테스 리뷰 사무실 안에 비밀 감옥이 있는 것 같아요."""
mtz1ao3dvmbmm1ag/alternative2	"""아버지는 뭔가 제대로 짚으셨어요 -- EMTERR는 *정말로* 사람들을 사라지게 하고 있어요. 방금 키사치 로터리 옆 비밀 감옥에서 심문당하고 왔거든요."""
w_u2rhh9sn4gmyil/alternative1	"""아니요, 못 봤어요. 미안해요."" (거짓말한다.)"
lz2mfumwyyn788j_/alternative1	"""포르토피로 파티 씬에 대해 물어볼 게 있어요."""
cje6aktvmoz_twae/alternative1	"""아는 건 답해 드릴게요. 이제는 별로 그쪽 사람이 아니라서요."""
ln7ysr0gwz3l_yto/alternative1	빗속에서 포르토피로는 벽돌과 돌로 된 축 처진 짐승이다. 구리 핏줄이 흐르는 속은 음악으로 부풀어 있다.
ln7ysr0gwz3l_yto/alternative2	포르토피로는 벽돌과 돌로 된 짐승이다. 바람에 털가죽이 물결치고, 구리 핏줄이 흐르는 속은 음악으로 부풀어 있다.
ln7ysr0gwz3l_yto/alternative3	포르토피로는 벽돌과 돌로 된 짐승이다. 옆구리에는 불빛이 점점이 흩어져 있다. 굵은 구리 혈관이 몸속을 가로지르고, 그 하나하나가 음악으로 부풀어 있다.
ln7ysr0gwz3l_yto/alternative4	포르토피로는 벽돌과 돌로 된 축 처진 짐승이다. 열기 속에서 아른거리고, 구리 핏줄이 흐르는 속은 음악으로 부풀어 있다.
ln7ysr0gwz3l_yto/alternative5	포르토피로는 달빛 어린 벽돌과 돌로 된 드넓게 뻗은 짐승이다. 구리 핏줄이 흐르는 속은 음악으로 부풀어 있다.
69n8q7e8eqywnqbe/alternative1	'혈액형: 헤카톰'을 찾아본다.
goa6i6zh2zimt4mn/alternative1	하우츠만의 시 잡지를 찾아본다.
f9pzkrwu_y2gop4m/alternative1	바로 일 미터 옆에 서 있던 편집장이 어깨 너머로 힐끗 보더니 큰 소리로 혀를 찬다.
vt77pv4cpfiy61v9/alternative1	근데 이제 그 사람한테 가져다주기엔 너무 늦었어. 에휴...
_y3gj_w4c7_cvf_7/alternative1	웃기네. 하우츠만한테는 인정할 수밖에 없겠어.
e6s8wqr0gb2gh15w/alternative1	심장 없는 남자가 말한 그 명예 책 가판대네.
e6s8wqr0gb2gh15w/alternative2	하우츠만이 말한 그 명예 책 가판대네.
98pu0jlpzibk5qgn/alternative1	다시 옛 루스 은행나무 앞에 서 있다.
2uytxpsggg60a2lo/alternative1	옛 루스 은행나무를 제 볼일에 맡기고 자리를 뜬다.
kipnv5cbksvf4wl0/alternative1	"""도와줘요, 방금 총에 맞았어요!"""
ayt_wwly2ue0pup7/alternative1	"""내 남편이 그 일이 일어나기 전에 이걸 듣고 있었어요."" (디스크를 보여 준다.)"
nd3lld3i1m_abgsg/alternative1	"""이게 내 동료의 상태와 무슨 상관인지 모르겠는데요?"""
nd3lld3i1m_abgsg/alternative2	"""이게 내 남편의 상태와 무슨 상관인지 모르겠어요."""
nd3lld3i1m_abgsg/alternative3	"""이게 이 아무개 남자의 상태와 무슨 상관인지 모르겠어요."""
6l4vl5djeb4ambo4/alternative1	"""아니, 그게 문제예요, 죽은 게 아니라 혼수상태예요, 완전히 무반응이라고요."""
45mciodutlc9jvjp/alternative1	"""죽은 게 아니에요. 망상에 빠졌을 뿐이에요."""
meaucf4tvxvc4mob/alternative1	"""그런 판단을 내릴 자격이 있다고 생각해? 네가 포름알데히드 마시는 걸 내가 봤는데 말이야."" 그가 씩 웃는다."
meaucf4tvxvc4mob/alternative2	"""그런 판단을 내릴 자격이 있다고 생각해? 넌 재미 삼아 말 자지도 터뜨릴 만큼 발기 약을 퍼먹었잖아, 자지도 없는 주제에."" 그가 씩 웃는다."
02f5dxef2k2snf9e/alternative1	"""여자인데요. 잠을 못 자요. 몇 달째 제대로 못 잤어요."""
baic_oxkpojgzuyu/alternative1	"""아니, 죽은 게 아니에요. 간질이에요."""
gea0j7h_cnxgep1_/alternative1	"""밖에서 네 꼬마 동료랑 얘기하는 거 봤어. 네가 의료위원회 사람인 거 알아 -- 그리고 그놈이 날 감시해 왔다는 것도."""
aypq49t9niqv6s3r/alternative1	"""불 있어요?"" (계속한다.)"
4kjwj46bvl196z8s/alternative1	"""그럼요."""
olpd114y3h2a7ftf/alternative1	금지된 사다리로 돌아온다.
vc3f2849d2mhigra/alternative1	"""돌아왔네요. 그리고 여전히... 네. 안 볼 수가 없더라고요. 그거."""
k245p8138hgergrw/alternative1	"""루스 브랜드 앰배서더 같아요. 며칠 전에 제가 접근해서 포르토피로 씬을 대표해 보고 싶다고 했는데, 아까 말했듯이 별로 말이 없고 자기 일이나 신경 쓰라더군요."""
plrpgpsz17w9k2xl/alternative1	"""브랜드 앰배서더 같아요. 며칠 전에 제가 접근해서 포르토피로 씬을 대표해 보고 싶다고 했는데, 아까 말했듯이 말이 별로 없고 자기 일이나 신경 쓰라고 하더라고요."""
wqnq1o94pt7mgnrl/alternative1	"""세계 씬에 대해 더 궁금한 게 있어요..."""
qnpjozgc93vohq0z/alternative1	"""아버지가..."" 그가 머뭇거린다. ""주택 캠페인 빗질을 도우면 솔을 좀 쥐여 주실지도 몰라요. 저도 그렇게 해서 씬 초기 진출 자금을 댔어요."""
b8kbaij42a64sncz/alternative1	"""씬에 경쟁자가 생기는 게 싫은 거죠, 이해해요. 나 같은 급의 볼러가 당신 같은 앙상블로 나서는 거니까요. 하지만 그렇게 해야 신선함이 유지돼요."""
7ch_phynctdu4e33/alternative1	"""새 협조자가 생겼어요. 보틀그린. 그 사람이 별을 받도록 챙겨 줘요."""
7ch_phynctdu4e33/alternative2	"""새 협조자가 생겼어요. 앤틀러스. 그 사람이 별을 받도록 챙겨 줘요."""
7ch_phynctdu4e33/alternative3	"""새 협조자가 생겼어요. 카라페이스. 그 사람이 별을 받도록 챙겨 줘요."""
is8kssi5e1s2obnb/alternative1	"""바로 그거예요. 그 사일로 밑에 그냥 두세요."""
hk_u5m88py3d4jem/alternative1	"""저 *총에 맞았*어요, 토니오. 아주 국제적인 사안이에요. 영사관에도 통보됐고, 카운터파트와 얘기를 해야 합니다."""
bcj3oyq2a76nic60/alternative1	"""그래서 여긴 어떻게 된 거예요? 그 '위엄'은 다 어디로 갔죠?"""
jhaitvq4vq61_bba/alternative1	"""빗자루가... 날 부르네요."" (다시 쓸겠다고 제안한다.)"
k9y_2jjj8yy0ndtt/alternative1	"""그럼... 요령은 아시겠죠."""
k9y_2jjj8yy0ndtt/alternative2	"""또 오셨습니까?.. 알겠습니다."" 진심으로 걱정하는 얼굴이다."
96sfmc3o_jaevb2w/alternative1	"""그래요, 모를 일이죠, 말씀하신 대로요."""
96sfmc3o_jaevb2w/alternative2	"""그래요, 그 극히 희박한 가능성 말이죠."""
1tjp47m4lowzl397/alternative1	"""돼지 언덕에 아파트를 가진 정신이 오락가락하는 이모가 한 분 계세요. 슈도팟이랑 제가 몇 주쯤 그 집 남는 방에 *얹혀* 지내도 눈치채지 못하실 거예요..."""
jkl7ptes64uu92yq/alternative1	"""그건 부자연스러운 일이에요, 가엾기도 하지. 그러니 그... 변장 같은 걸 하고 다닐 필요를 느끼는 것도 무리는 아니죠."""
y4qzf239hi02wdj4/alternative1	"""전반적인 권태를 받아들이고 나면 꽤나 흡족한 일이에요. 거기까지 가기가 힘들다 싶으면 에테르를 살짝 쓰시길 권해요."""
f4dnlog1f77vepd3/alternative1	"""흠. 그 에테르 조심하세요. 한때는 제가 네스토르 휘하 장군 한 분과 연인 사이라고 믿은 적이 있어요 — 그가 헝겊이 빚어낸 환영일 뿐이라는 걸 깨닫는 데 며칠이 걸렸죠."" 그녀가 한숨을 쉰다. ""그 사람 옷깃에 달린 훈장 맛이 아직도 입에 남아 있어요."""
ijza1i9fux2kyh4i/alternative1	"""그쪽 분도 안 계시잖아요, 캐스케이드. 제 기억이 맞다면 비명을 지르며 현관문으로 뛰쳐나가신 게 마지막이었죠, 제 기억은 정확하니까요."""
ijza1i9fux2kyh4i/alternative2	"""그쪽 분도 안 계시잖아요, 캐스케이드. 제 기억이 맞다면 제 창문으로 뛰어내리신 게 마지막이었죠, 제 기억은 정확하니까요."""
p9ledjvsu7z68sws/alternative1	"""조언대로 내 방에 장식을 좀 해 놨어요."""
mgnc9waj7iv0xt6x/alternative1	"""실례지만, 이게 아직도 시험의 일부인가요? 논지 같은 걸 내놓는 건 *당신* 쪽이어야 하지 않나요?"""
9lt14iggs1gl7r3w/alternative1	"""슈도팟은 이게 다 일의 일부라고 장담했지만, 영 마음이 불안해져요. 게다가 이젠, 글쎄요.""\n"
3qmlwzao9vab3sk_/alternative1	"""우리가 아끼는 동네 사진가 얘기인데요..."""
3qmlwzao9vab3sk_/alternative2	"""이그나츠 말인데요..."""
as8h36n_bo3rfx0x/alternative1	"""네? 그 사람이 왜요?"""
tbat5ifoec0w1n62/alternative1	"""여기 *사진*이에요. 그리고 말씀드리자면, 부끄러운 줄 아세요."""
5vy1oh3d4sz9z4j2/alternative1	"""아니, 그러니까 이래서 난 현장 투입 공작원이고 당신은 특별 정보원, 에테르 계급인 거예요."""
qq6cmzzsu9au2uog/alternative1	"""나한테 온 다른 팩스는 없어요?"""
qq6cmzzsu9au2uog/alternative2	"""EMTERR에서 연락이 올 텐데, 팩스 온 거 있어요?"""
2fpulgl0vqyv3fhq/alternative1	"""그런데 그분은 이미 '안 된다'고 했어요."""
y6lbk2inbfvlca0j/alternative1	"""더는 온전한 사람 같지 않아요. 영혼이 완전히 그를 버린 것 같아요."""
y6lbk2inbfvlca0j/alternative2	"""바닥에 엎어져 있어요. 무슨 프티 부르주아 악마한테 습격당한 것 같아요."""
k8jsbti2m7oudssh/alternative1	"""울트라 비올레타라는 가수를 알아요?"""
_5cvkignc9ipa18t/alternative1	"""그래요, 그럼 그 사람은 당신에게 맡길게요."" (계속한다.)"
tp_whsrmz44vgtc9/alternative1	"""총살대요? 이게 말로만 듣던 당신의 '아이러니한' 공산주의인가요?"""
_yba070mt90ya5tf/alternative1	"""그러려면 중산층의 안락을 포기해야 하는데, 그래서 뭘 하죠 — 노동자 협동조합에라도 들어가요? 오페라를 위해 일한 시간은 나름대로 즐거웠지만, 제 분수는 제가 알아요."""
kqq_n6g7uttol0kz/alternative1	"""공작원님, 부사령관이 또 시작이에요."""
44l_8d4adr6j2rmn/alternative1	"""슈도팟이 면 등급 얘기를 쉬지 않고 늘어놓으면서 나일론의 해악을 열변하고 있어요. 정말, 아주 이상해요."""
n8_1lpyjdru2eow5/alternative1	"""내 통화를 엿듣고 있었군요, 에테르 중독자 씨?"""
5ewmykp14s6xwvef/alternative1	"""이렇게 좋은 아침, 무엇을 도와드릴까요?"""
5ewmykp14s6xwvef/alternative2	"""이렇게 좋은 날, 무엇을 도와드릴까요?"""
5ewmykp14s6xwvef/alternative3	"""이렇게 좋은 저녁, 무엇을 도와드릴까요?"""
5ewmykp14s6xwvef/alternative4	"""이렇게 좋은 밤, 무엇을 도와드릴까요?"""
hw894xvuflozxkax/alternative1	해가 낮게 기울어 피톨 지구를 잿빛과 구릿빛으로 쓸어 간다. 낡은 토대와 짓다 만 벽이 비뚤게 기울어 있다. 병든 풀이 하루의 마지막 숨결 속에 흔들린다.
hw894xvuflozxkax/alternative2	바람이 피톨 지구를 훑으며 누런 풀을 긴 호로 쓸어 눕힌다. 낡은 토대와 짓다 만 벽이 불안한 각도로 기울어 있다.
hw894xvuflozxkax/alternative3	밤이 피톨 지구에 검은 천을 드리운다. 낡은 토대와 짓다 만 벽이 뻣뻣한 실루엣으로 솟아 있고, 그 각도는 어둠 속에 묻혀 있다.
hw894xvuflozxkax/alternative4	햇빛이 피톨 지구를 거친 선으로 내리꽂는다. 토대와 짓다 만 벽이 길고 들쭉날쭉한 그림자를 드리우고, 모서리는 밝은 하늘 아래 부서질 듯 메말라 보인다.
hw894xvuflozxkax/alternative5	달빛이 피톨 지구에 창백한 은빛을 입힌다. 오래된 토대와 짓다 만 벽이 아른거리고, 그 각도는 정확하고 창백하다.
hw894xvuflozxkax/alternative6	비가 피톨 지구를 비스듬히 가르며 콘크리트와 버려진 금속을 두드린다. 낡은 토대와 미완성 벽이 번들거리고, 모서리는 잿빛 빛에 무뎌져 있다.
hw894xvuflozxkax/alternative7	부푼 구름이 피톨 지구 위를 떠돈다. 낡은 토대와 뼈대만 남은 벽이 축축한 그늘 속으로 사라지고, 윤곽이 일렁인다.
rjlovr47mvl2yk4f/alternative1	병이 빗속을 가르며 우아한 포물선을 그린다.
rjlovr47mvl2yk4f/alternative2	병이 바람에 흔들리지 않고 허공에 포물선을 그린다.
rjlovr47mvl2yk4f/alternative3	병이 회전 없이 밤하늘을 가르며 우아한 포물선을 그린다.
rjlovr47mvl2yk4f/alternative4	병이 회전 없이 날아가며 해를 가로지른다.
7aburnb4jua0jw2j/alternative1	병이 빗속에서 회전하기 시작하며 위험하게 궤도를 벗어난다...
7aburnb4jua0jw2j/alternative2	병이 바람에 시달리며 허공을 빙글빙글 돌고, 위험하게 궤도를 벗어난다...
7aburnb4jua0jw2j/alternative3	병이 회전하기 시작한다. 밤하늘의 인공위성 같은 실루엣이다. 추락할 운명이다...
7aburnb4jua0jw2j/alternative4	햇빛에 눈을 찡그린다. 병이 위험하게 궤도를 벗어나는데도 거의 보이지 않는다...
a7t0lurtut82u88_/alternative1	"""폭탄 가져왔어요, 보세요."" (폭탄을 보여 준다.)"
m4dbc70043na8e0b/alternative1	"""노래가 기폭 장치예요. 단지 한 번도 재생되지 않았을 뿐이에요."""
iikb08sa9jche825/alternative1	"""유령 얘기가 더 있어요..."""
y34_wwi1_w_0sgkq/alternative1	"""대박, 또 뭐 있어요?"""
y34_wwi1_w_0sgkq/alternative2	"""이번엔 무슨 일이 있었어요?"""
y34_wwi1_w_0sgkq/alternative3	"""좋네요, 좋아요."""
y34_wwi1_w_0sgkq/alternative4	"""그래요?"""
97105fmdxky4hse6/alternative1	"""두 사람에 대해 더 물어볼 게 있어요."""
q4qosi08gzbjsmti/alternative1	"""제일 쉬운 부류네요. 얼마든지 물어봐요."""
1p1cx1k2va6tby0r/alternative1	"""한동안 머무르며 비를 즐길 생각이에요."""
1p1cx1k2va6tby0r/alternative2	"""한동안 머무를 생각이에요, 여기 위에서는 바람 소리가 정말 아름답거든요."""
1p1cx1k2va6tby0r/alternative3	"""한동안 머무르며 하늘을 즐길 생각이에요. 여기선 별이 더 또렷하게 보이거든요."""
5moavgr9w9t5ht4z/alternative1	"""귀여운 폭탄한테 그분을 넘겨줬어야 하는 건데."""
sj5l11wrku8dnl4n/alternative1	"""사랑스러운 폭탄한테 넘겨줬어야 하는데."""
56ghd94p56qiqzvh/alternative1	음악가들이 인사로 맥주를 들어 올린다. 발밑의 비계를 비가 괴롭히며 녹슨 구멍마다 스며든다.
56ghd94p56qiqzvh/alternative2	음악가들이 인사로 맥주를 들어 올린다. 발밑에서 비계가 삐걱거리며 바람에 흔들린다.
56ghd94p56qiqzvh/alternative3	음악가들이 인사로 맥주를 들어 올린다. 발밑의 사일로는 머리 위 밤하늘보다 더 깊어 보인다.
uhim7k4lx6g2n8hr/alternative1	그녀가 흐려진 거울에서 보자고 한 게 농담이라는 건 알고 있었습니다. 그래도 그날 밤 내내 그녀일지도 모를 사람을 찾아다녔습니다.
j7lexi2rg6hsnjo5/alternative1	"""왜 그 사람들이 그랬겠어?"""
edlo_1yxvw95l56f/alternative1	"""그들에게 직접 물어봐야 합니다. 그런 다음 그들이 하는 말은 정반대로 받아들이십시오."""
urnopdbie6fzpo59/alternative1	"""다시 말하지만, 그 사람이 *장전된 주사기*로 날 공격했다고."""
fmeef64_tb6obam_/alternative1	"""베스파르는 죽었어. 우는 눈이 아주리한테 던져 줬대."""
l0j0fpqs4uy_swyw/alternative1	"""베스파르는 조져졌어. 우는 눈이 아주리한테 던져 줬대."""
kt0oxoxdn72ij_nh/alternative1	"""최근에 *반* 쪽 쓰는 데도 애를 먹었어. 시 말이야. 추천은 못 해."""
kt0oxoxdn72ij_nh/alternative2	"""나도 이제 작가야, 실은. 시인이지. 출간도 했어."""
pl41brm7gbbb5lh7/alternative1	"""내 새 분신이 그런 디스크 하나에 제로 처리됐어."""
tbpsxd4p759o9_ne/alternative1	"""천만에요, 캐스케이드. 고전 라디오 방송국 근처에서는 조심하십시오."""
feqlm8rjiws26zm1/alternative1	"""오, 훌륭합니다. M.I.H.O. 분석관들에게 보낼 보고서를 가급적 빨리 작성해 주십시오."""
uy3125zsb2k7cvmj/alternative1	"""그럼 청소하러 가야겠네..."" [떠난다.]"
uy3125zsb2k7cvmj/alternative2	"""한번 둘러보면서 청소를 *고려*는 해 볼게, *아주 조금만*."" [떠난다.]"
uy3125zsb2k7cvmj/alternative3	"""그럼 한 잔만 더 하자."" [떠난다.]"
g7kga5fnv700uoqi/alternative1	"""편하실 때 하십시오, 캐스케이드."""
g7kga5fnv700uoqi/alternative2	"""M.I.H.O.는 캐스케이드를 믿습니다."""
6sjzh4x1bzo1x6k4/alternative1	레버를 다시 당긴다.
if9l3q5x1h4knrw3/alternative1	"""그 레버를 당길 때마다... 씬이 더 강해져요."""
if9l3q5x1h4knrw3/alternative2	"""우리 아버지가 보냈어요? 전해 줘요, 이건 절대 안 통한다고... 씬은 이런 폭력적 도발에 무너지기엔 너무 강하거든요."""
if9l3q5x1h4knrw3/alternative3	"""내 고통은 씬을 더 끌어올릴 뿐이에요... 역사적 공산주의의 씬을... 잊지 말아요."""
if9l3q5x1h4knrw3/alternative4	"""씬 평론가들은 내가 레버를 생각하길 바라죠... 난 안 할 거예요..."""
if9l3q5x1h4knrw3/alternative5	"""으으..."""
ts4p3ypj62krktmq/alternative1	"""멋진 아이디어를 더 듣고 싶어요."""
00hloz72jtdrt4q_/alternative1	"""그럼요, 그럼요. 역사적 공산주의의 씬엔 아이디어가 철철 넘쳐요."""
_t3yt8zrkdoe4t2z/alternative1	"""고마워요, 공산주의 쥐들! 이제 씬 속에서 이렇게까지 내 *맥박*이 느껴진 적은 없어요. 씬이랑 하나가 된 것 같고... 이게 *진짜로* 얼마나 깊은지 볼 수 있을 것 같아요."""
a4kc1cughiwjq5f2/alternative1	맨발이 금속에 부딪혀 구겨지며 날카로운 통증이 인다.
p8hvsiuyl5v06mcs/alternative1	"""아침 이 시간에 듣기엔 좀 과한데."""
p8hvsiuyl5v06mcs/alternative2	"""한밤중 이 시간에 들어도 과하네."""
7nf9ffylxqmmyj2b/alternative1	"""식물인간이 된 공작원은, 당시에 울트라 비올레타 디스크를 듣고 있었어..."""
64m7b88ezlwa3yyt/alternative1	"""여기 있어."" (모형 기차를 꺼낸다.)"
64m7b88ezlwa3yyt/alternative2	"""일부는 여기 있어."" (모형 기차 바퀴를 꺼낸다.)"
nboosd25mytwn7yp/alternative1	"""내가 물어봤던 가상의 도청 기억나?"""
947fuh88t2jp3dp8/alternative1	"""그건 그렇고... 번호 있어?"" 퀭한 얼굴에 희망이 번진다."
cdik4p8cxqvy0ru6/alternative1	"""불빛 거슬려?"" (몸을 꿈틀거린다.)"
cdik4p8cxqvy0ru6/alternative2	"""불빛 거슬려?"" (손전등을 흔들며 몸을 꿈틀거린다.)"
r4dklk8gf1wkmiro/alternative1	"""내 미래를 말해 봐, 신비로운 양반!"" (몸을 더 꿈틀거린다.)"
t379powkc41r_kv7/alternative1	"""네 의학적 주장을 평가하는 중이야, 레이디언."" (근엄하게 몸을 꿈틀거린다.)"
5x4ht_79y_upv7oz/alternative1	"""미안."" (손전등을 치운다.)"
5x4ht_79y_upv7oz/alternative2	"""알았어, 미안해."" (손전등을 치우고 가만히 서 있는다.)"
_azpazkkord97hro/alternative1	"""네트워크가 무너졌을 때 너한테 무슨 일이 있었는지 얘기해 줘."""
r8pjwv1yw0ucfh9w/alternative1	"""왜 이래, 친구. 방금 레노가 두둑한 돈다발을 두고 가는 거 봤다고."""
emybsiynwtxozsap/alternative1	"""그래, 난 이만 가 볼게."" [떠난다.]"
emybsiynwtxozsap/alternative2	"""나 서둘러 가야 해. 내가 없는 동안엔 발작하지 마."" [떠난다.]"
owc01c8pm1qc4ry0/alternative1	"""아무튼... 소식이 있어."""
hx67jspm78b3677y/alternative1	"""아무튼..."" 그가 경계하듯 쳐다본다. ""아직도 그 불빛 그거야?"""
5vi_tdq7lt6b7n36/alternative1	"""아무튼.""  그가 이쪽에게서 살짝 시선을 피한다. ""얘기하는 건 괜찮은데, 불빛 쇼는 좀 빼 줬으면 좋겠어."""
bwonfihps3240tkv/alternative1	"""아무튼..."""
7m0u9htj5d66x_1c/alternative1	"""거기서 씨발 뭐 하고 서 있는 거예요?"" (그 남자에게 따진다.)"
r6ww5j24hns7w4ka/alternative1	"""쉿!"" 사업가가 경련하는 형체에게서 눈을 떼지 않은 채 이쪽에 쉿 소리를 낸다."
aovxql48nh3605oq/alternative1	몸을 돌리는데 곁눈으로, 레노가 탁자 위에 봉투를 놓고 가는 모습이 눈에 들어온다.
g0c5y5nj3d2g0j73/alternative1	레노를 쳐다본다.
ylwc79hmzm6pabgu/alternative1	"""'거짓 시간'이 무슨 뜻이에요?"""
2t79xpjgsoritdid/alternative1	"""당신 주려고 구리를 좀 더 가져왔어요."""
dkhal_vmn0fbkoay/alternative1	단테가 이런 낙선 시인들이랑 한 방을 써야 했을까, 궁금하네.
zyo3rift6vptoh43/alternative1	RUMBA! 캔 찌꺼기가 종이에 배어 있어, 적힌 글 중 일부만 읽을 수 있다.
z1ju5nw_emqenuds/alternative1	"""사실은 반문화 급진파가 그분을 낚아챈 거라고 들었어요."""
dvh7fxlvigiwra3m/alternative1	"""울트라 비올레타에 대해서요..."""
nzkzn8zh7hnuulw6/alternative1	"""그래요?"""
biqo2_wplf1gj1t_/alternative1	"""거짓말 버릇이 심각하네요. 어릴 때 학대라도 당했어요?"""
a8xa3__5ax7up0eg/alternative1	"""나중에 봐, 달빛아."""
dwvhe5pkcg24c0z4/alternative1	"""안녕, 별먼지야, 재킷 멋지네."""
dwvhe5pkcg24c0z4/alternative2	"""안녕, 별먼지야, 티셔츠 멋지네."""
tavt3cj4jjcp11xi/alternative1	"""울트라 비올레타의 얼굴을 입고 있으면서 그분이 *누군지*도 몰라요?"""
0qc1vmcssrkcoj__/alternative1	"""잠깐, 저 사람이랑 저 사람이 훔친 게 분명한 재킷한테 못되게 굴지 마 — 지금 우린 *울트라*를 대표하고 있잖아."""
0qc1vmcssrkcoj__/alternative2	"""장차 울트라가 될지도 모르는 사람한테 못되게 굴면 안 돼. 나이 많고 정신이 오락가락해도."""
xcwstucsy9dt4ulr/alternative1	"""그 옷은 멋진 사람 코스튬이야, 아니면 지루해서 죽게 만든 마지막 여자애한테서 재킷을 훔친 거야?"""
xcwstucsy9dt4ulr/alternative2	"""*코스튬*? 그만해. 우린 사이비랑은 안 어울려 — '내가 나 자신에게 거짓일 때 나는 백 번 죽는다', 알았냐, 이년아?"""
rm3vanyi660epgwn/alternative1	"""그 셔츠 장난으로 입은 거야? 죽어."""
g6nvcfsy5yi2arxk/alternative1	"""와... 미개발국에서 살다 왔어? 그런 거라면 재킷은 어디서 났어?"" 그녀가 몸을 기울인다. ""*훔친* 거야?"""
g6nvcfsy5yi2arxk/alternative2	"""믿을 수가 없네. 걔 얼굴을 *입고* 있으면서... 미개발국에서 살다 왔어?"""
ln5esg73r424at53/alternative1	"""약 했어? 파티 갔다 온 사람 같아. 이건 가면이야."""
1pycx74bt1hap57b/alternative1	"""이건 시뮬레이션의 일부였어요. 통과해서 다행이네요."""
x9k1z_5sm9zhx7m4/alternative1	"""EMTERR는 초국가 개발 기금이잖아요. 쿠르트가 왜 거기에 빚을 져요?"""
o7110zhmqgvdxusg/alternative1	"""브루스, 저는 *고가치* 정장을 찾고 있어요."""
_teh5qxt3oenjcf9/alternative1	노스코렌테스 리뷰의 부편집자라면 소화할 수도 있겠다. 적어도 카디건보단 나아진 셈이다.
_teh5qxt3oenjcf9/alternative2	EMTERR 심문관이라면 소화할 수도 있겠다. 적어도 카디건보단 나아진 셈이다.
u8bb0d_tdkogy51z/description	판단.
6e5e1zeikee4lerb/description	전진.
vxukucaalrgrdw40/description	점검.
wonopasmfivrnhg4/description	전진.
cwqmlk4enottspwu/description	회피.
48mh42w547zofsbr/description	위치를 파악.
19u7l8nzlj0r12lh/description	교란 전술.
crle14rustsvffgb/description	계속 전진.
41iatzcl7i1zkiix/alternative1	울트라 비올레타 후드티를 입은 다 큰 남자가 눈에 띄었대?
yui2t2xzmz826m6p/alternative1	"""결정적인 순간에 움찔했던 건 안타깝다. 다행히 우리가 곁에 있어서 공연을 이어 갈 수 있었지."""
ahlu3l7fy_sm6zag/alternative1	"""몇 시간 뒤면 시카트리스 프론테라에 도착한다. 빛의 제국 각지에서 모인 국영 매체와 선전 요원들이 네 도착을 기록하려고 기다리고 있을 것이다."""
pkeq0p95p4pdpipl/alternative1	"""그들은 신전에서 네가 보여 준 것보다 더 설득력 있는 연기를 기대할 것이다. 카메라 앞에 설 준비는 맥스가 시켜 줄 거다."""
hcmh5tt_lu68966t/alternative1	"""당신은 리치를 부러워했죠. 그 사람이 되고 싶었던 거예요."""
_lx_nf54vcohwxky/alternative1	"""파쿤도도 나만큼 잘 알고 있었다. 중요한 건 역할이고, 그 자리를 채우는 몸은 그다음이라는 것을. 이제 사람도 역할도 둘 다 죽었다."""
u4pm82tw2yk5ntu8/alternative1	"""네 관리관들은 두 배로 기뻐할 거라 확신한다."""
pbo2n485h42qbh_7/alternative1	"""그렇지 않다는 건 너도 알 거다. 그랬다면 불운한 대역 단테를 발견한 곳에 그대로 두고 갔겠지."""
z28eqefnrwnad8wv/alternative1	"""이제 누가 광대지?"""
2nh19zu1y072u41f/alternative1	몇 미터 떨어진 곳에서 슈도팟이 말없이 창밖을 바라보고 있어요. 자신이 처한 위험을 전혀 모르는 듯해요.
aa10wmq1eyzxn5o2/alternative1	"""거꾸로 알고 있군. 파쿤도는 사라졌을지 몰라도, '그랜드 리치'는 방금 간악한 오페라 암살자의 총에 맞았다."" 그가 손가락으로 곧장 가슴을 가리킨다. ""그게 바로 너다."""
aa10wmq1eyzxn5o2/alternative2	"""거꾸로 알고 있군. 파쿤도는 사라졌을지 몰라도, '그랜드 리치'는 방금 타락한 오페라 암살자의 총에 맞았다."" 그가 손가락으로 곧장 가슴을 가리킨다. ""그게 바로 너다."""
aa10wmq1eyzxn5o2/alternative3	"""거꾸로 알고 있군. 파쿤도는 사라졌을지 몰라도, '그랜드 리치'는 방금 비겁한 오페라 암살자의 총에 맞았다."" 그가 손가락으로 곧장 가슴을 가리킨다. ""그게 바로 너다."""
norntboee1289b_b/alternative1	"""거꾸로 알고 있군. 파쿤도는 이미 죽었을지 몰라도, '그랜드 리치'는 방금 간악한 오페라 암살자의 총에 맞았다."" 그가 손가락으로 곧장 가슴을 가리킨다. ""그게 바로 너다."""
norntboee1289b_b/alternative2	"""거꾸로 알고 있군. 파쿤도는 이미 죽었을지 몰라도, '그랜드 리치'는 방금 비겁한 오페라 암살자의 총에 맞았다."" 그가 손가락으로 곧장 가슴을 가리킨다. ""그게 바로 너다."""
norntboee1289b_b/alternative3	"""거꾸로 알고 있군. 파쿤도는 이미 죽었을지 몰라도, '그랜드 리치'는 방금 타락한 오페라 암살자의 총에 맞았다."" 그가 손가락으로 곧장 가슴을 가리킨다. ""그게 바로 너다."""
7kh1458ia7phf_q9/alternative1	"""당신들이 죽인 건 대역일 뿐이에요."""
goi53bnjihbpf6an/alternative1	"""그렇다면 현실로 돌아오자. 너희의 '그랜드 리치', 우리 대중문화부 장관은 방금 간악한 오페라 암살자의 총에 맞았다."" 그가 손가락으로 곧장 가슴을 가리킨다. ""그게 바로 너다."""
goi53bnjihbpf6an/alternative2	"""그렇다면 현실로 돌아오자. 너희의 '그랜드 리치', 우리 대중문화부 장관은 방금 비겁한 오페라 암살자의 총에 맞았다."" 그가 손가락으로 곧장 가슴을 가리킨다. ""그게 바로 너다."""
goi53bnjihbpf6an/alternative3	"""그렇다면 현실로 돌아오자. 너희의 '그랜드 리치', 우리 대중문화부 장관은 방금 타락한 오페라 암살자의 총에 맞았다."" 그가 손가락으로 곧장 가슴을 가리킨다. ""그게 바로 너다."""
l3ycb95qhrx5klcd/alternative1	"""사람들은 모호함을 잘 감당하지 못한다는 걸 알게 될 거다. 그러니 하나를 대신 없애 주자. 너희의 '그랜드 리치', 우리 대중문화부 장관은 방금 간악한 오페라 암살자의 총에 맞았다."" 그가 손가락으로 곧장 가슴을 가리킨다. ""그게 바로 너다."""
l3ycb95qhrx5klcd/alternative2	"""사람들은 모호함을 잘 감당하지 못한다는 걸 알게 될 거다. 그러니 하나를 대신 없애 주자. 너희의 '그랜드 리치', 우리 대중문화부 장관은 방금 비겁한 오페라 암살자의 총에 맞았다."" 그가 손가락으로 곧장 가슴을 가리킨다. ""그게 바로 너다."""
l3ycb95qhrx5klcd/alternative3	"""사람들은 모호함을 잘 감당하지 못한다는 걸 알게 될 거다. 그러니 하나를 대신 없애 주자. 너희의 '그랜드 리치', 우리 대중문화부 장관은 방금 타락한 오페라 암살자의 총에 맞았다."" 그가 손가락으로 곧장 가슴을 가리킨다. ""그게 바로 너다."""
5w2lbvtwbxbz5q2d/alternative1	"""정상에 있던 건 진짜 리치가 아니었어요. 잘 좀 따라와요, 백 개의 불알."""
8w1tttlvyb1_n6lg/alternative1	"""멋진 이름은 리치가 가져갔네요, 인정해요."""
poep4m79syfshkm3/alternative1	다른 늑대들보다 나이가 많지만 힘은 조금도 뒤지지 않는다.
g5pdwfo6xfh_l15g/alternative1	"""안녕하세요, 얘야. 기념품 고르는 걸 도와 드릴까요? 방문을 기억할 멋진 선물로요."" 그녀가 열의 넘치게 미소 짓는다."
_8090d054p358xui/alternative1	"""아니요."" (거짓말.)"
vx31kjfnp1gsx23b/alternative1	스플리프의 끈적한 끝이 입안에 쓴맛을 남기는 가운데 툭툭이 외딴 주차장으로 들어선다.
01l8c3jlw_4aofuh/alternative1	안타깝게도 '문화'라는 말을 떠올리자 주머니 속 *총 두 자루* 가운데 하나로 손이 갑니다. 어쩌면 그것이 공작원이 해낼 수 있는 최선인지도 모릅니다.
3kdrlf3tlkj8cdhk/alternative1	낙엽이 발밑에서 사각사각 부서진다. 아침이 한낮으로 펼쳐진다.
3kdrlf3tlkj8cdhk/alternative2	낙엽이 발밑에서 사각사각 부서진다. 하루가 눈앞에 활짝 열린다.
3kdrlf3tlkj8cdhk/alternative3	낙엽이 발밑에서 사각사각 부서진다. 하루가 구겨져 해 질 녘이 된다.
3kdrlf3tlkj8cdhk/alternative4	낙엽이 발밑에서 사각사각 부서진다. 어느새 밤이다.
v7ost7yctsxe09_2/alternative1	"""나한테 데이트 빚진 거 알지? 이리 와, 잠깐 나랑 진짜 사람인 척 놀아 보자."""
386jdaetva69hy7b/alternative1	"""브라보, 내 이름을 찾아냈네. 자, 앉아. 밖에서 흠뻑 젖고 있잖아."""
386jdaetva69hy7b/alternative2	"""위, 브라보. 자, 앉아."""
i16o_m6x6l6deady/alternative1	"""봤지, 디에고? *슈퍼블록*의 양말 장수도 너보단 잘 알아. 넌 뭐지?"""
i16o_m6x6l6deady/alternative2	"""봤지, 디에고? *시인*도 너보단 잘 알아. 넌 뭐지?"""
oibzbz_b8po1zyix/alternative1	"""양말을 위하여."""
oibzbz_b8po1zyix/alternative2	"""그늘 군세를 위하여."""
oibzbz_b8po1zyix/alternative3	"""부르주아 시를 위하여."""
oibzbz_b8po1zyix/alternative4	"""침묵을 위하여."""
yjjxu7ttb33ytmfv/alternative1	"""우린 스파이야. 난 EMTERR고 얘는 아마 오페라 쪽일 거야. 그쪽이 공산주의자들이고. 그거 어떻게 생각해?"""
ihe89hflloeo31m1/alternative1	두 번째 잔도 첫 잔만큼 잘 넘어간다. 깔끔하고 상쾌하다.
ihe89hflloeo31m1/alternative2	잔을 털어 넣자 몸이 살짝 반항한다.
ihe89hflloeo31m1/alternative3	잔을 비우자 머리가 핑 돈다. 속이 영 편치 않다.
ihe89hflloeo31m1/alternative4	삼키다가 메즈칼이 입가로 조금 흐른다. 그녀가 엄지로 턱을 닦아 준다.
fqcpsxfgits7hj2r/alternative1	"""그 만화책 얘기? 웃기긴 해도 시 편집하는 것보단 훨씬 재밌겠다."""
fqcpsxfgits7hj2r/alternative2	"""시를 쓰는 건 편집하는 것보다는 *조금* 더 재밌겠지."" "
wk5d6fs2sl9f_s14/alternative1	두 번째 잔도 첫 잔만큼 잘 넘어간다. 깔끔하고 상쾌하다.
wk5d6fs2sl9f_s14/alternative2	잔을 털어 넣자 몸이 살짝 반항한다.
wk5d6fs2sl9f_s14/alternative3	잔을 비우자 머리가 핑 돈다. 속이 영 편치 않다.
wk5d6fs2sl9f_s14/alternative4	삼키다가 메즈칼이 입가로 조금 흐른다. 그녀가 엄지로 턱을 닦아 준다.
9t4o7fsj4msly1xj/alternative1	그녀가 목에 두른 스파이크 하나를 손끝으로 튕긴다.
v9d201p27m3gw_h3/alternative1	두 번째 잔도 첫 잔만큼 잘 넘어간다. 깔끔하고 상쾌하다.
v9d201p27m3gw_h3/alternative2	잔을 털어 넣자 몸이 살짝 반항한다.
v9d201p27m3gw_h3/alternative3	잔을 비우자 머리가 핑 돈다. 속이 영 편치 않다.
v9d201p27m3gw_h3/alternative4	삼키다가 보드카가 입가로 조금 흐른다. 그녀가 엄지로 턱을 닦아 준다.
mhiixtad_be8pxyc/alternative1	"""말했잖아, 난 엉뚱한 소리는 질색이라고."""
qn3s6ffd0lsx2zt1/alternative1	두 번째 잔도 첫 잔만큼 잘 넘어간다. 깔끔하고 상쾌하다.
qn3s6ffd0lsx2zt1/alternative2	잔을 털어 넣자 몸이 살짝 반항한다.
qn3s6ffd0lsx2zt1/alternative3	잔을 비우자 머리가 핑 돈다. 속이 영 편치 않다.
qn3s6ffd0lsx2zt1/alternative4	삼키다가 메즈칼이 입가로 조금 흐른다. 그녀가 엄지로 턱을 닦아 준다.
crgeer_r77fg5rkk/alternative1	두 번째 잔도 첫 잔만큼 잘 넘어간다. 깔끔하고 상쾌하다.
crgeer_r77fg5rkk/alternative2	잔을 털어 넣자 몸이 살짝 반항한다.
crgeer_r77fg5rkk/alternative3	잔을 비우자 머리가 핑 돈다. 속이 영 편치 않다.
crgeer_r77fg5rkk/alternative4	삼키다가 메즈칼이 입가로 조금 흐른다. 그녀가 엄지로 턱을 닦아 준다.
sh9qw2_qna3bpqgd/alternative1	"""그 시인 위장 신분이 너한테 스며들고 있어. 멈출 수 없다는 걸 깨닫기 전에 얼른 그만두는 게 좋을걸."""
4ug40r3bixa6bt2f/alternative1	"""말했잖아, 난 엉뚱한 소리는 질색이라고. 그리고 내 가슴은 아주 부드럽다는 거 알아 둬."""
4sh983ls1xmnir7t/alternative1	"""네 동료 하나한테 총 맞았어. 커다란 헤드폰 낀 놈. 알아?"""
ux1pg2o1s243r30h/alternative1	두 번째 잔도 첫 잔만큼 잘 넘어간다. 깔끔하고 상쾌하다.
ux1pg2o1s243r30h/alternative2	잔을 털어 넣자 몸이 살짝 반항한다.
ux1pg2o1s243r30h/alternative3	잔을 비우자 머리가 핑 돈다. 속이 영 편치 않다.
ux1pg2o1s243r30h/alternative4	삼키다가 메즈칼이 입가로 조금 흐른다. 그녀가 엄지로 턱을 닦아 준다.
qxeghg71xgusg34n/alternative1	"""내 문에 '스파이'라고 써 놓은 게 너지? 어리석은 짓이야. 대중이 편집증에 빠지면 우리 모두한테 안 좋거든. 그래도 걱정은 마, 금방 고쳐 놨으니까."""
qxeghg71xgusg34n/alternative2	"""꿀꿀. 너였을 줄 알았어야 했는데."""
4w9voudlb_5_bfq1/alternative1	"""이 틈에 대해 네게서 알아내야 할 정보가 있어."" (계속한다.)"
4w9voudlb_5_bfq1/alternative2	"""실루엣. 틈 얘기. 틈 얘기로 돌아가도 될까, 제발."" (계속한다.)"
4w9voudlb_5_bfq1/alternative3	"""엄청 달아오르고 있지만, 아쉽게도 틈 얘기를 해야 해."" (계속한다.)"
wd4nx1gmzwuort1u/alternative1	"""벌써? 성급하기도... 좋아. 정보를 캐 봐. 대신 나도 대가를 원해..."""
wd4nx1gmzwuort1u/alternative2	"""좋아. 재미를 다 빼 버리겠다 이거지. 정보를 캐 봐. 대신 나도 대가를 원해..."""
wd4nx1gmzwuort1u/alternative3	"""알았어, 내 라피네트. 좋은 시간은 영원할 수 없지. 이제 정보를 캐낼 차례지? 하지만 나도 대가를 원해..."""
3eodyx525l1zxe32/alternative1	"""그래그래, 처음에 알아들었어."""
3eodyx525l1zxe32/alternative2	"""술 말이야, 라피네트."""
3eodyx525l1zxe32/alternative3	"""지루하게 만들고 있네."""
3eodyx525l1zxe32/alternative4	"""그만해, 당장."""
1z0kquyh1uzqysld/alternative1	"""라피네트, 브라보! 체리까지 넣었네. 포르토피로에서 마셔 본 최고의 칵테일이야."""
seyz3ozwdznb8_x2/alternative1	"""네가 바라던 전부였기를 바라."" 그녀가 피 흘리는 발을 고쳐 놓으며 얼굴을 찡그린다. ""다른 삶에서, 라피네트."""
z3p2nunxmgv8hk_h/alternative1	자리를 뜨자 빗줄기가 몸을 때리며 도시로 되돌려 놓는다.
lyzzcldnzhu96gaw/alternative1	자리를 뜨자 빗줄기가 몸을 때리며 도시로 되돌려 놓는다.
2tkihqa4wkgtaqk6/alternative1	자리를 뜨자 빗줄기가 몸을 때리며 도시로 되돌려 놓는다.
7zcn0cb7esc77ooy/alternative1	자리를 뜨자 빗줄기가 몸을 때리며 도시로 되돌려 놓는다.
43z2ctx9q5slwgng/alternative1	"""음, 라피네트. 네가 그 안에 있는 게 느껴져. 내 여동생한테 배웠나 보네, 하지만 그걸 같이 완성한 건 우리 둘이었지. 내가 도와줄게..."""
jr3o1jcgclei685x/alternative1	"""더는 널 심문하지 않아. 그럴 필요 없어."""
bzhgrdkbx21q7xie/alternative1	"""아주 좋아. 자, 이리 와서 앉아서 한동안 나랑 진짜 사람인 척해 보자. 밖에서 쫄딱 젖고 있잖아."""
u_7f1xy4qzkewcmd/alternative1	그러면 운하 물이 빠져서 '문예지'의 아래층에 닿을 수 있겠네.
4j_0gp8nsa_py_5_/alternative1	"""시예요. 이 지역의 권위 있는 간행물에 곧 작품이 실려요."""
s0qb8pletb9eklis/alternative1	"""케이가 구체적으로 어떻게 총괄해요?"""
cp6au473ok4pbweq/alternative1	"""큰 보스를 쳐 죽였다고?"" 그가 입꼬리를 핥는다. ""씨발."""
bafp22emlygdwask/alternative1	"""아이언 페탈 1, 3, 5. 일부러 *못 만든 걸* 보고 싶다면 모를까, 그땐 2랑 4 정주행이지."""
bafp22emlygdwask/alternative2	"""카로치카가 좋아하던 게 하나 있었는데, 씨발 제목이 뭐였더라, 금귤의 나날? 몇 년 전에 상을 존나 쓸어 담았어."" 그가 어깨를 으쓱한다. ""내 취향은 아닌데, 뭐, 너네 둘 다 숙녀분들이시니까."""
bafp22emlygdwask/alternative3	"""포식 야수 존나 쩔었어. 대사 없이 총격전, 킥플립, 젖통뿐이야. 강력 추천."""
bafp22emlygdwask/alternative4	"""어... 옛날에 영감 얘기로 만든 게 하나 있어, TV에서 했던 거."" 그가 뒤통수를 긁적이며 시선을 피한다. ""좀 구려. 나랑 롤란두를 한 캐릭터로 합쳐 놨더라. 아역 배우 연기도 별로였고. 아니, 생각해 보니까 그건 보지 마."""
bafp22emlygdwask/alternative5	"""아, 네 남자의 난교 봤어? 출장 간 문학 하는 인간들이 떼로 변태짓 하는 거. 모의 연기 없는 진짜 섹스. 남자 둘은 여자고..."" 그가 생각에 잠긴다. ""아니, 씨발, 그거 포르노였을지도 몰라. 그래도 좋아."""
bafp22emlygdwask/alternative6	"""바닥났어, 타이거푸시. 뼛속까지 말랐어. 아무것도 없다."""
rqs3gpv0imu4xqrl/alternative1	"""클로븐 후프."" 그가 양손으로 악마 뿔 모양을 만들어 올린다."
rqs3gpv0imu4xqrl/alternative2	"""베르타 & 베르톨트. 안사우니 후두 창법 듀오. 완전 아카펠라고, 가끔 무대에서 생방으로 사혈도 해. *거머리*랑 같이."""
rqs3gpv0imu4xqrl/alternative3	"""대량 아사 오케스트라. 화음은 죽여주는데, 붙어먹으면서 듣기엔 존나 처참해."""
rqs3gpv0imu4xqrl/alternative4	"""잭오프."" 그가 코를 훌쩍인다. ""한 단어로 붙여서."""
rqs3gpv0imu4xqrl/alternative5	"""공개 떼창 하는 인간이 하나 있는데, 이름이 토미 베이비야. 성별 불명. 씨발 대머리고. 진짜 아기일 수도 있어... 근데 키가 한 2미터는 돼."""
rqs3gpv0imu4xqrl/alternative6	"""아 젠장, 그런 건 페트레 가서 귀찮게 하라고, 좀. 아주 사람 피를 말리네, 씨발."""
mren52reqm7qigig/alternative1	"""난 셉티무스, 그 영감 막내아들이야, 마지막으로 나온 놈, 누메로 시에테, 포르토피로에서 가장 미움받는 아기. 몰랐어?"""
2psizmnln5d1ykw8/alternative1	"""씨발. 진짜 경찰 아닌 줄 알았어. 너 '멘토'라는 놈이지? 걔가 대학 떠났을 때 그?"""
wr5g91vo7tddfh2_/alternative1	"""알아요. 나였어야 했는데."""
_iky0uen7ru5ayu9/alternative1	"""바자르에서 들었는데 여기서 레이브가 열렸었다면서요."""
_iky0uen7ru5ayu9/alternative2	"""저 뒤에서 레이브가 열리고 있어요?"""
b3e7u327pf_c1zrr/alternative1	"""늙은 독재자들에게도 팬클럽이 있는 줄은 몰랐어요."""
ppwm9fvbrokx0yje/alternative1	"""경찰 아닌 줄 알았어, 나 같은 쓰레기 새끼한텐 신경도 안 쓰거든. 해적판이 문화를 살려, 알아 둬."""
86v1o_v301uq17rw/alternative1	"""또 너냐. 그 차림은 뭐야?"" 그가 미니 스쿠터를 손가락 둘레로 빙글 돌린다."
86v1o_v301uq17rw/alternative2	"""공무원이 돌아왔네. 늘 더 원하지."" 그가 미니 스쿠터를 손가락 둘레로 빙글 돌린다."
oll4rp9l2odirdxy/alternative1	"""뭘 원하든, 그 안에 여자인 거 다 보여."" 그의 충혈된 눈이 선글라스 뒤에서 휘둥그레진다. ""네스토르 팬클럽 때문에 왔어? 아니면 내 바이브 때문에?"""
oll4rp9l2odirdxy/alternative2	"""그래서 뭘 원해?"" 그가 손잡이를 축으로 스쿠터를 헬리콥터처럼 돌린다. ""레이브 때문에 왔어? 네스토르 팬이야? 아니면 그냥 내 바이브나 쬐고 싶어? 난 뭐든 받아 줘."""
oll4rp9l2odirdxy/alternative3	"""가죽 멋지네. 그래서 뭘 원해?"" 그가 손잡이를 축으로 스쿠터를 헬리콥터처럼 돌린다. ""네스토르 팬이야, 아니면 내 바이브 때문에 온 거야? 난 어느 쪽이든 받아 줘."""
oll4rp9l2odirdxy/alternative4	"""그래서 뭘 원해?"" 그가 손잡이를 축으로 스쿠터를 헬리콥터처럼 돌린다. ""네스토르 팬이야, 아니면 내 바이브 때문에 온 거야?"" 그가 눈썹을 꿈틀댄다. ""나 체포할 거야?"""
oll4rp9l2odirdxy/alternative5	"""그래서 뭘 원해?"" 그가 손잡이를 축으로 스쿠터를 헬리콥터처럼 돌린다. ""네스토르 팬이야, 아니면 내 바이브 때문에 온 거야? 비 피하러 들어온 거야? 아니면 젖고 싶은 건가?"""
oll4rp9l2odirdxy/alternative6	"""그래서 뭘 원해?"" 그가 손잡이를 축으로 스쿠터를 헬리콥터처럼 돌린다. ""네스토르 팬이야, 아니면 내 바이브 때문에 온 거야? 난 어느 쪽이든 받아 줘."" 그가 하품을 삼킨다."
jnbxa2ly5k29z650/alternative1	"""봤어요? 초록이 기개가 더 세요. 그쪽이 잘못 짚은 거예요."""
p8wgk5o743pavx2_/alternative1	"""안 돼! 힘내라, 동생아."""
nqzwynmpk7dugq5c/alternative1	파시스트에게는 볼 눈이 없다. 인민의 투사에게 암호명을 하사하라.
3nshi_5idkgpl_e3/alternative1	승리하라, 보틀그린! 인민의 희망이 그대와 함께하리라.
3nshi_5idkgpl_e3/alternative2	승리하라, 앤틀러즈! 인민의 희망이 그대와 함께하리라.
3nshi_5idkgpl_e3/alternative3	승리하라, 캐러페이스! 인민의 희망이 그대와 함께하리라.
c30o8hizo9013adi/alternative1	딱정벌레의 다리가 자장가 박자에 맞춰 살살 흔들린다.
c30o8hizo9013adi/alternative2	입술을 오므리고 테크노 비트를 휘파람으로 분다. 딱정벌레가 겉날개를 펼치며 다음 동작을 위해 자세를 가다듬는다.
c30o8hizo9013adi/alternative3	곧장 '슈퍼블록, 베이비'의 후렴으로 뛰어든다. 딱정벌레가 듣고서 박자에 맞춰 다리를 흔든다.
c30o8hizo9013adi/alternative4	UV의 노래를 부르자 딱정벌레가 다리 흔들기를 멈춘다. 지켜보는 사이, 그는 온 힘을 모아 다리를 활짝 펼쳐 틀림없는 V자 하나를 만들어 낸다.
p69gwo4l12k1fa6x/alternative1	느긋하면서도 집중했고, 평온하면서도 폭력적이다. 이 딱정벌레는 상대가 다시는 잠들지 못하게 만들 준비가 되어 있다.
p69gwo4l12k1fa6x/alternative2	그는 일렉트로 댄스를 향한 사랑으로 불타오른다!
p69gwo4l12k1fa6x/alternative3	그는 이 흰 딱정벌레를 개박살 나게 규제할 준비가 되어 있다.
p69gwo4l12k1fa6x/alternative4	딱정벌레는 울트라가 되었다.
1app6as5b5451u8p/alternative1	"""오랜만이오, 허셸. 말 섞은 지가 하도 오래라 입이 다 굳었소."""
1app6as5b5451u8p/alternative2	"""오랜만이오, 캐스케이드. 말 섞은 지가 하도 오래라 입이 다 굳었소."""
2q75vypdgbh3iwp7/alternative1	"""가엾은 단테의 몸값이 팝스타 몸무게만큼 나가는 모양이구려."""
j6bi38k_o11s6760/alternative1	"""'가엾은 단테' 타령은 집어치워요. 그녀가 방금 당신을 파쿤도 레예스라고 불렀어요. 왜죠?"""
fk_9bs85pefq3pod/alternative1	"""그게 무슨 뜻이죠? 아노니모가 틀렸다는 건가요?"""
dvasnpxhqxtr91ci/alternative1	"""줄 건 없어요. 하지만 가도 좋아요."" (거짓말.)"
mnzwyi6xh4ybit3o/alternative1	오! TV 보던 애들이 이거 희귀하다고 했지. 모아 볼까.
0ldr00pdn0u3a8_t/alternative1	바자르 애들이 말하던 그 늑대들 중 하나인가...
_utrunh7h25vx_uo/alternative1	"""이모 얘기로 다시..."""
33k_wi3dmalim2tf/alternative1	"""네?"""
uris2bsug7q9r83z/alternative1	"""이모 펜은 진짜 멋져요. 근데 우리는 절대 못 만지게 해요. 그렇다고 못된 년인 건 아니거든요!"""
uz9v8gudwvvpjwtg/alternative1	"""좋아요. 못됐네요."""
hk8xuw10gv2fsyvr/description	상황을 평가한다.
tbp_ol066ey7v8z7/description	노래를 고른다.
w7_6mkcajhi6alh5/description	상황을 평가한다.
96hg8dyw1hdw6yh9/description	적을 범위 안에 붙잡아 둔다.
6omq1zas2xn2wjip/description	어떻게 움직일 수 있을까?
34lctwnbsybut0sz/description	파트너를 돕는다.
r_v0fqyyceuv_5xe/alternative1	"""이거 한 발은 더 나갈 것 같아."" (총을 장전한다.)"
pi2xtmd269suqg58/description	아래층의 분대원을 돕는다.
zqijimukmydapbnq/alternative1	"""보틀그린! 우릴 도와줘!"""
zqijimukmydapbnq/alternative2	"""앤틀러스! 우릴 도와줘!"""
zqijimukmydapbnq/alternative3	"""카라페이스! 우릴 도와줘!"""
suarlihk6aqn98j7/alternative1	협조자 보틀그린이 그의 정신 속, 곁에서 즐겁게 딸깍거리며 돌아다닌다.
suarlihk6aqn98j7/alternative2	협조자 앤틀러스가 그의 정신 속, 곁에서 즐겁게 딸깍거리며 돌아다닌다.
suarlihk6aqn98j7/alternative3	협조자 카라페이스가 그의 정신 속, 곁에서 즐겁게 딸깍거리며 돌아다닌다.
khus41ii7kzdy0pg/alternative1	협조자 보틀그린. 준비 끝, 부름만 기다린다!
khus41ii7kzdy0pg/alternative2	협조자 앤틀러스. 준비 끝, 부름만 기다린다!
khus41ii7kzdy0pg/alternative3	협조자 카라페이스. 준비 끝, 부름만 기다린다!
u173brq6hhynfd38/description	무슨 일이지?
tqtfqp4_knqc1hsm/description	싸울 것인가, 도망칠 것인가.
8c6kehcpape6rh2t/alternative1	다른 손도 가담시킨다. 탁자는 악기, 나는 마에스트로다.
kowwbn0f74q_p8pv/description	상황을 평가한다.
d1xmfzubzx6ctwrq/alternative1	칼레이도스코프는 무장했나?
xez_p6_9j4g4nh88/alternative1	그는 아직 들키지 않았다. 그렇다면 무장했을 것이다.
ftxhq0aad12e_64a/description	총을 되찾고 표적을 고른다.
vk95u4kx72y7mxtp/description	무슨 소리지?
idz5m34ug2qq6m8n/description	골렘을 죽인다.
4i0pxe4fvt074oxf/description	상황을 평가한다.
651xe62ps89dnuwi/description	지워지지 말 것!
bvwmcg7w9_aer1ct/alternative1	"""그걸 그렇게 부르는군요? 저는 '정신적·영적 만행'이라는 말이 먼저 떠오르는데요."""
bvwmcg7w9_aer1ct/alternative2	"""지금까지 보도로는 포르토피로 민족주의자들의 '테러 음모'라고 하네요. 그 이야기가 얼마나 버틸지 두고 보죠."""
_v4ymdjhvzc30nav/alternative1	"""그래서 루스 사람들 자신의 무기를 그들에게 돌려줬군요. 영리해요."""
6yely8tw26a1kobo/alternative1	"""그러게요, 당신 안에 처음부터 '잇'이 있었나 보네요. 그 아름다운 자기 발견의 순간에 필요했던 건 인류에 대한 형이상학적 범죄뿐이었고요."""
1ehzygi8yefpwbx6/alternative1	"""빈정거려서 미안해요, 왠지 자꾸 부정적으로 굴게 되네요... 당신과 분대는 아주 훌륭히 해냈어요."""
3cu4fq82x8zjqljv/alternative1	"""정말요? 제가 보기엔 대부분 폭탄이랑 총 덕분이었는데요."""
3cu4fq82x8zjqljv/alternative2	"""정말요? 제가 보기엔 대부분 당신이 저지른 그 형이상학적 만행 덕분이었는데요."""
tuarjhxk7oxddjw1/alternative1	"""어쨌든 오늘 누가 꼭대기에 올라섰는지는 의심의 여지가 없죠. 공작원 프로버블 본인도 이런 성과에는 찬사를 보낼 수밖에 없을 거예요."""
bn12irlv8s6e40y1/alternative1	"""수다쟁이에 에테르 중독자였어요. 우리 또 같이 일해야 해요."""
22eyidbtafduejmh/alternative1	"""하우츠만한테서 소식 없나요?"""
46zz2ybkxrfoxjq9/alternative1	"""당연히, 누구 얘기를 하는지 여전히 모르겠어요."""
9etpf0s6tl2wfy07/alternative1	"""암호명 '이그넛츠'."""
9etpf0s6tl2wfy07/alternative2	"""암호명 '인터벌'."""
9etpf0s6tl2wfy07/alternative3	"""암호명 '아이디얼리스트'."""
9etpf0s6tl2wfy07/alternative4	"""암호명 '아이돌'."""
ilibcz0ylomdxptf/alternative1	"""병적인 농담이겠죠, 아마."" 잠시 정적. ""그냥 '이그나츠'로 적어 둘게요."""
ilibcz0ylomdxptf/alternative2	"""인터벌. 알겠어요."""
ilibcz0ylomdxptf/alternative3	"""아이디얼리스트. 알겠어요."""
ilibcz0ylomdxptf/alternative4	"""아이돌. 알겠어요."""
ebbxoyi9onoqh9n8/alternative1	"""밋밋한 무대 연출은 차치하고, 꽤 탄탄한 성과라고 하겠어요. 등급은 'Y'예요."""
ebbxoyi9onoqh9n8/alternative2	"""아쉬운 손실과 밋밋한 무대 연출은 차치하고, 꽤 탄탄한 성과라고 하겠어요. 등급은 'Y'예요."""
fwtvxkkf7vhu4_ah/alternative1	"""솔직히 두 손 들었어요. 여기서 누가 고무 구속복 차림의 쪼다인지는 분명치 않지만, 오페라는 아닌 것 같네요. 간신히 'X'로 하겠어요."""
1qtyoom3wx1_e0vt/alternative1	"""테크노 파시스트들이 쾅쾅 터졌다, 이란 소리로 들리네요."""
kn_7gjbogr_d7n5_/alternative1	"""그러게요, 당신은 줄곧 바라 왔던 바로 그 미사일 공격이었나 보네요. 그리고 이 아름다운 자기 발견의 순간에 필요했던 건 형이상학적인 인류 대상 범죄뿐이었고요."""
rz4ah7ogknoi9__z/alternative1	"""요요... '분실'..."""
rz4ah7ogknoi9__z/alternative2	"""영블러드... '분실'..."""
rz4ah7ogknoi9__z/alternative3	"""여기에 '암호명 미정'이라고 진지하게 적을 순 없죠. 그냥 '야나'라고 할게요... '분실'..."""
x012zf4655amra03/alternative1	"""요요... '분실'."""
x012zf4655amra03/alternative2	"""영블러드... '분실'."""
x012zf4655amra03/alternative3	"""여기에 '암호명 미정'이라고 진지하게 적을 순 없죠. 그냥 '야나'라고 할게요... '분실'."""
q9d8obnfmun2filn/alternative1	"""요요는요? 괜찮아요? 무사히 몸을 숨겼나요?"""
q9d8obnfmun2filn/alternative2	"""영블러드는요? 괜찮아요? 무사히 몸을 숨겼나요?"""
q9d8obnfmun2filn/alternative3	"""'암호명 미정'은요? 괜찮아요? 무사히 몸을 숨겼나요?"""
mhn14nc_eicqrryy/alternative1	"""요요... '분실'..."""
mhn14nc_eicqrryy/alternative2	"""영블러드... '분실'..."""
mhn14nc_eicqrryy/alternative3	"""여기에 '암호명 미정'이라고 진지하게 적을 순 없죠. 그냥 '야나'라고 할게요... '분실'..."""
_82keutw8ruefjyk/alternative1	"""요요와 킨드레드는요? 둘 다 괜찮아요, 무사히 몸을 숨겼나요?"""
_82keutw8ruefjyk/alternative2	"""영블러드와 킨드레드는요? 둘 다 괜찮아요, 무사히 몸을 숨겼나요?"""
_82keutw8ruefjyk/alternative3	"""킨드레드와 '암호명 미정'은요? 둘 다 괜찮아요, 무사히 몸을 숨겼나요?"""
oyeujpfr__n9u75l/alternative1	"""요요와 홀로세는요? 둘 다 괜찮아요, 무사히 몸을 숨겼나요?"""
oyeujpfr__n9u75l/alternative2	"""영블러드와 홀로세는요? 둘 다 괜찮아요, 무사히 몸을 숨겼나요?"""
oyeujpfr__n9u75l/alternative3	"""홀로세와 '암호명 미정'은요? 둘 다 괜찮아요, 무사히 몸을 숨겼나요?"""
fhce73883khk_v7g/alternative1	"""요요와 슈도팟은요? 둘 다 괜찮아요, 무사히 몸을 숨겼나요?"""
fhce73883khk_v7g/alternative2	"""영블러드와 슈도팟은요? 둘 다 괜찮아요, 무사히 몸을 숨겼나요?"""
fhce73883khk_v7g/alternative3	"""슈도팟과 '암호명 미정'은요? 둘 다 괜찮아요, 무사히 몸을 숨겼나요?"""
t47t7np2fm742udb/alternative1	"""그리고 아마 그는 라 루스로 돌아가는 길이겠네요, 이쪽에선 공중전차에서 그의 주적 살점을 긁어내고 있는데. 운도 좋지, 이 모든 게 *그의 승리*인 모양이에요."""
t47t7np2fm742udb/alternative2	"""그리고 아마 그는 라 루스로 돌아가는 길이겠네요, 그의 주적은 생명 없는 덩어리로 변해 버렸고요. 운도 좋지, 이 모든 게 *그의 승리*인 모양이에요."""
7qugnrj79_dmnnxq/alternative1	"""저녁 뉴스에 형이상학적 미스터리가 하나 생기겠네요."""
18widi8mjqb4atrq/alternative1	"""떠오르는 말은 '정신적·영적 만행'이에요."""
18widi8mjqb4atrq/alternative2	"""다행히 포르토피로 민족주의자들의 '테러 음모'라고들 하네요. 그 이야기가 얼마나 버틸지 두고 보죠."""
pdct2dq_bfjo4d8h/alternative1	"""그리고 이제 우린 '정신적·영적 만행'까지 얹었네요. 어쩐지 어울리는 마무리예요."""
pdct2dq_bfjo4d8h/alternative2	"""저는 들어오는 사실을 전할 뿐이에요. 지금까지는 포르토피로 민족주의자들의 '테러 음모'라고들 하네요. 그 이야기가 얼마나 버틸지 두고 보죠."""
xl_3uuxh3a318lgu/alternative1	"""'평범한 하루'라고 부를 만한 건 아닌 것 같아요, 오히려 '정신적·영적 만행' 쪽이죠."""
xl_3uuxh3a318lgu/alternative2	"""'평범한 하루'라기보다는 포르토피로 민족주의자들의 '테러 음모'라고들 하네요. 그 이야기가 얼마나 버틸지 두고 보죠."""
2yqpgvzl2gbh5yk2/alternative1	"""'내가 떠나면 달을 가려 줘'예요. 울트라 비올레타의 최신 싱글이죠."""
2yqpgvzl2gbh5yk2/alternative2	"""블러드 골렘이에요. 어울린다고 생각했어요."""
2yqpgvzl2gbh5yk2/alternative3	"""'전차를 위한 음악 Vol. 7'이에요. 엄청나게 저평가된 작품이죠."""
qws987a_zrdvd58g/alternative1	"""공공 공중전차 안에서 오페라와 우는 눈이 총격전을 벌였는데... 무슨 *일렉트로팝 사운드트랙*까지 깔렸다고요. 아직도 좌석에서 골렘의 피를 호스로 씻어 내고 있다던데 — 대체 무슨 일이죠?"""
qws987a_zrdvd58g/alternative2	"""공공 공중전차 안에서 오페라와 우는 눈 소속원들이 총격전을 벌였는데... 무슨 *역병 메탈 사운드트랙*까지 깔렸다고요. 아직도 좌석에서 골렘의 피를 호스로 씻어 내고 있다고 들었어요 — 대체 무슨 일이죠?"""
qws987a_zrdvd58g/alternative3	"""공공 공중전차 안에서 오페라와 우는 눈 소속원들이 총격전을 벌였는데... 무슨 *아방가르드 앰비언트 사운드트랙*까지 깔렸다고요. 아직도 좌석에서 골렘의 피를 호스로 씻어 내고 있다고 들었어요 — 대체 무슨 일이죠?"""
fm83pym6hm7zhqln/alternative1	내가 *그것*을 갖고 있어서 질투하는 거야. 내가 자기보다 빛나는 게 싫은 거지.
w4254tic6gzdc0kj/alternative1	차장 말이 맞았다. 피해는 대부분 표면적이다. 금 간 돔과 긁힌 낙서 아래의 기계장치는 멀쩡하다.
yjucmvwwgnhz4paw/alternative1	여기선 끝났어. 준비 완료. [떠난다.]
bgq504y3pc38rynz/alternative1	오케스트라는 큐 사인을 받고 대기 중이다.
13mycdp6dxe89aw9/alternative1	키사치 지붕들 너머로 포르토피로가 산비탈을 타고 기어올라요. 불 켜진 창들이 뒤엉킨 채로, 창마다 당신 삶만큼이나 기묘하고 힘겨운 삶 하나씩을 담고 있죠.
lqkxz3dt_lz7l8j_/alternative1	"""정말 괜찮은 거 *맞아요*?"""
wv62b367hkqdhmu8/alternative1	"""정말 괜찮은 거 *맞아요*?"""
2bczgtkpuij67k8y/description	무슨 일이지?
1sq7png9eq1pjxgo/description	대응한다.
jp8zdmaegxh__bav/description	뭘 할 수 있지?
6_lf5cgvnx9x_3sl/description	폭력
pw7_uclited225ai/description	진정시키기
x2atscy3nny502u2/alternative1	RUMBA! 캔 뚜껑을 따자 펑 소리와 함께 거품이 인다.
x2atscy3nny502u2/alternative2	헤파 레드 앤 블랙 캔 뚜껑을 따자 펑 소리와 함께 거품이 인다.
x2atscy3nny502u2/alternative3	카미사도 울트라 스위트 캔 뚜껑을 따자 펑 소리와 함께 거품이 인다.
7o67xv6u5y4e5u96/alternative1	OXEN 복 병뚜껑이 쉬익 소리와 함께 따진다.
7o67xv6u5y4e5u96/alternative2	슈냅스 병뚜껑이 손목 한 번 비트는 것만으로 열린다.
7o67xv6u5y4e5u96/alternative3	작은 슈냅스 병뚜껑이 손목 한 번 비트는 것만으로 열린다.
7o67xv6u5y4e5u96/alternative4	메스칼 병뚜껑이 손목 한 번 비트는 것만으로 열린다.
828u06x49ms1u6pl/alternative1	할 일은 다 했다. [떠난다.]
w22bc6w4oaa20y39/alternative1	그래야만 한다. 이미 충분하고도 남게 심기를 건드렸으니, 이러면 일이 나아지지 않을 것이다.
w22bc6w4oaa20y39/alternative2	그녀가 또 찌를 것이다. 장기가 꿰뚫릴 각오를 해 둬라.
_tyc9kff1n4bzog7/alternative1	실루엣. EMTERR 심문관.
7d_ywk7utpb_zw4w/alternative1	"""멧돼지는 잊어요. 동물 구역에 사나운 원숭이가 있다니까요."""
v9yw22vpeodho6fa/alternative1	"""제가 이미 영혼의 윤회와 신경경제학 얘기를 했잖아요."" 그가 안경을 밀어 올린다. ""형이상학과 조율된 사람은 사업에서도 삶에서도 큰 이점을 누려요."""
1i4io9zi5_6908ke/alternative1	"""'용서'예요, 레노. 이게 그 얘기예요."""
zv9gb1xv7gr6cx0m/alternative1	"""그래요. 또 큰 말이군요."" 그가 멍하니 조리대를 바라본다."
htlcdxqyn3hjk1ts/alternative1	"""여기 화려한 주황색 코트를 입은 남자가 있었죠. 이그나츠. 아는 사람이에요?"""
l4bx1edzvct4f86z/alternative1	"""그 사람, 당신 고양이한테 아주 푹 빠진 것 같았어요."""
j5uht_ftw4b0a15f/alternative1	"""미르체아 대사관이 이백오십만은 내 줄 거예요. 믿어요, 전 외교관이에요."""
45bfcl726borhcpv/alternative1	"""곧 사료 가지고 돌아올게요."" [떠난다.]"
45bfcl726borhcpv/alternative2	"""여러모로 고마워요."" [떠난다.]"
vbyuu_gg4jp44eyz/alternative1	"""그 남자 봤어요. 그 코트는 *절대* 내 것보다 좋지 않아요."""
derveywfubi5dwuy/alternative1	"""바자르에 대해 더 물어볼 게 있어요..."""
yhz97g9kokyeh8ld/alternative1	"""카르무나를 이미 충분히 도와줬지만..."" 그녀가 가판을 둘러보더니 눈을 가늘게 뜨고 다리를 쳐다본다. ""힘은 얼마나 세요?"""
71fblmqoawm97pvq/alternative1	그녀는 잡지 속 거울에 집중한다. 꿈쩍도 하지 않는다.
b2kk2ughgn00gpvq/alternative1	"""우는 눈이 그 사람을 잡았어요. 죽었어요."""
b2kk2ughgn00gpvq/alternative2	"""우는 눈이 그 사람을 잡았어요. 작살났어요."""
ydye2pj47kh_8_zc/alternative1	"""폴라리스께서 그를 지켜 주시길."""
wq5_1j0c_rbfwucc/alternative1	프로버블이 그녀에게 건넨 폭탄은 모두를 죽였어야 했다.
u09p5vo2qk0xdbu4/alternative1	"""말했잖아요, 당신 유령을 봤다고요."""
qemhgbo5qad__7zi/alternative1	노파가 잠깐 이쪽을 보더니 다시 잡지로 눈을 돌린다. 책장이 빗물에 젖어 있다.
qemhgbo5qad__7zi/alternative2	노파가 잠깐 이쪽을 보더니 다시 잡지로 눈을 돌린다. 책장이 바람에 살아 움직인다.
wn0hyk8iuz6l6k7g/alternative1	앞발을 핥는다. 발가락의 사랑스러운 분홍빛이 드러난다.
wn0hyk8iuz6l6k7g/alternative2	등으로 뒤집혀 풀밭에서 행복하게 몸을 비튼다.
wn0hyk8iuz6l6k7g/alternative3	네 다리를 앞으로 쭉 뻗는다. 애쓰느라 다리가 파르르 떨린다.
wn0hyk8iuz6l6k7g/alternative4	제 몸을 핥는다.
wn0hyk8iuz6l6k7g/alternative5	움직일까 생각해 보다가, 그만두기로 한다.
op9p494tmfdi8k0n/alternative1	"""아까 어떤 남자가 문 쪽으로 오는 것 같더니 안 왔어요. 그래도 얼굴은 외워 뒀어요."""
op9p494tmfdi8k0n/alternative2	"""누가 엄청 큰 소포를 두고 갔어요. 안에 뭐가 들었는지는 모르겠고요."""
op9p494tmfdi8k0n/alternative3	"""사람들이 쓰레기를 그냥 바닥에 버리더라고요, 아세요? 전엔 몰랐어요."""
op9p494tmfdi8k0n/alternative4	"""새로운 건 없어요. 그래도 계속 눈 뜨고 지켜보고 있어요."""
58zrmqsik_i8jmjq/alternative1	"""그건 야나가 아니에요. 각인 어쩌고 하는 얘기, 캐스케이드가 미친 줄 알았는데..."""
_wcd8hpie4_q442i/alternative1	"""난 총에 맞았어. 넌 도망쳤고."""
zs9kt54vwosoktmt/alternative1	"""또 야나 얘기인데..."""
fyt2gdq5kiyhwekg/alternative1	"""네 임무를 다시 점검하고 싶은데."""
ljx6wzwgv9zm33_n/alternative1	"""네?"""
f91xa88dvpne989m/alternative1	"""너에 대해서..."""
u7pvxskmutqh8ch8/alternative1	"""네."""
a55ktrga5d9smfgp/alternative1	"""저쪽 병원 얘기인데..."""
a55ktrga5d9smfgp/alternative2	"""그 의사 얘기 다시..."""
ntmbs0q2tig4cq9g/alternative1	"""죄송해요! 그 사람을 덮치라고 하신 거 아는데... *총*이 있었어요! 총에 맞았잖아요! 어떻게 살아 있어요?"""
o7qrr5xnogwzp0xo/alternative1	"""당연하지! 난 방금 총에 맞았다고!"""
rl0aija70vscsf5s/alternative1	"""죄송해요! 덮치라고 하신 거 아는데... 그 사람 *총*이 있었어요!"""
1wr9dk8uvms3610t/alternative1	소년이 짝이 안 맞는 천의 고치 속으로 웅크린다. 바람을 버티듯이.
1wr9dk8uvms3610t/alternative2	소년이 짝이 안 맞는 천의 고치 속에서 몸을 뒤척인다. 비에 젖은 머리카락이 축 늘어진다.
b0z71g6h127odoi_/alternative1	꽉 틀어막혀 있고... 바로 물가에 붙어 있고... 수중 출입문까지 있고요. 설명은 하나뿐이에요:
pn64i7h83bhixp7p/alternative1	"""좋은 목소리는 금방 잊으시나 봐요?"""
pn64i7h83bhixp7p/alternative2	"""맞아요. 지금까지 들어 본 중에 최악의 목소리 중 하나였다고 하셨죠, 기억하기로는."""
3qcj90e9504e9yds/alternative1	"""조심히 가요, 허셸."""
sgd8_uehzkcjgif1/alternative1	"""특이한 사람이네요, 허셸. 조심히 가요."""
3at5i009v45vn2y6/alternative1	"""내 안부를 묻던 노인... 언제 나갔어요?"""
h2hju8hynpvbvi40/alternative1	"""친구 없다면서요."" 그녀가 코웃음을 친다. ""그래요, 뭐, 알겠어요."""
_9_92ypctwx8jij2/alternative1	"""아직 정식으로 인사한 적은 없는 것 같은데요."""
su_8wj99cw07xhkv/alternative1	"""해장술이에요?"""
su_8wj99cw07xhkv/alternative2	"""해장술이에요? 아니면..."" 그녀가 눈을 가늘게 뜬다. ""설마 여기 커피를 *진짜로* 좋아하는 건 아니죠."""
7ouhsdi8lzofauv3/alternative1	"""한 잔 더 주세요."""
6olzwi1ur6mf9fpw/alternative1	"""그럼 친구는 *한 명*이라는 거네요?"""
qyowg87ry0xmh_hc/alternative1	"""친구 없다고 했잖아요."""
wfa57gnfpryjc3qv/alternative1	"""고마워요, 루시아."""
oth1eg9xuopnvu6n/alternative1	"""해적판 바자르. 피톨 지구. 문화궁전. 그리고 기적 회선은 이미 말했고요."""
35i5_7kd3z_dulio/alternative1	"""*당신*은 공산주의자예요, 루시아?"""
jvob_avdt2djl4qo/alternative1	이게 다야. 온통 병든 일당.
ed9cyg2r2gjvh5el/alternative1	"""뒤에서 일손이 하나 더 필요하다던데요."""
ed9cyg2r2gjvh5el/alternative2	"""저랑 교대해요, 루시아."" (다시 일하겠다고 제안한다.)"
mus8bervve7xzw4a/alternative1	"""좋아요. 빈 잔 수거하고, 비누칠하고, 헹구고, 닦는 거예요. 알겠죠?"""
mus8bervve7xzw4a/alternative2	"""저기, 저쪽이에요."" 그녀가 음료 쟁반을 건네며 부스 쪽으로 고갯짓한다."
mus8bervve7xzw4a/alternative3	"""주문 받는 건 할 수 있겠어요?"" 그녀는 대답을 기다리지도 않고 사람들 쪽으로 가볍게 떠민다."
mus8bervve7xzw4a/alternative4	"""좋아요."" 그녀가 경계하는 눈으로 훑어본다. ""들어가요."""
6aaybhull85_8nsv/alternative1	"""마저 마셔요, 곧 문 닫아요."" 바텐더가 고개를 끄덕인다."
v9yw618wd22ghwyq/alternative1	"""동료는 늘 이렇게 술로 쓰러뜨려요?"" 그녀가 이그나츠의 축 처진 몸을 못마땅한 듯 가리킨다."
ha22melvp8pp782j/alternative1	"""술친구가 참 이상하네요, 허셸."""
fxvk7tubwvohp86c/alternative1	"""뭘로 할래요?"" 북적이는 바의 웅성거림 너머로 그녀가 목소리를 높인다."
lh9xc9j_7gpgbknx/alternative1	오페라가 네스토르를 암살하려 했어.
qt4990121nhacvu_/alternative1	그리고 실패했다. 관리관에게 물어보면 자세한 사정을 알고 있을 것이다.
halglwslb9zxjlgo/alternative1	먹먹하고 다급하고 높은 소리뿐, 그 이상은 알아들을 수 없다. 틀림없이 분신의 목소리다.
vp0ugw6p19dym7i_/alternative1	이쪽 소리는 전혀 들리지 않는 듯하다.
x0_2mxp5td2cvnds/alternative1	하급 협상가 말이야. 내가 밀쳤잖아.
191wdtafwch2eidj/alternative1	"""나한테 시비 걸지 마요, 뱃사람 양반."" 저무는 호박색 빛이 그의 맨다리 위로 흘러내린다. ""수출입국은 무역 방해를 용납하지 않습니다."""
191wdtafwch2eidj/alternative2	"""나한테 시비 걸지 마요, 뱃사람 양반."" 바람이 그의 맨다리를 잡아당긴다. ""수출입국은 무역 방해를 용납하지 않습니다."""
191wdtafwch2eidj/alternative3	"""나한테 시비 걸지 마요, 뱃사람 양반."" 일렁이는 가로등 불빛이 그의 맨다리를 씻어 내린다. ""수출입국은 무역 방해를 용납하지 않습니다."""
191wdtafwch2eidj/alternative4	"""나한테 시비 걸지 마요, 뱃사람 양반."" 벗겨진 정수리가 햇볕에 번들거린다. ""수출입국은 무역 방해를 용납하지 않습니다."""
191wdtafwch2eidj/alternative5	"""나한테 시비 걸지 마요, 뱃사람 양반."" 달빛이 그의 맨다리를 유령 같은 은빛으로 물들인다. ""수출입국은 무역 방해를 용납하지 않습니다."""
191wdtafwch2eidj/alternative6	"""나한테 시비 걸지 마요, 뱃사람 양반."" 빗물이 그의 맨다리를 타고 쏟아져 내린다. ""수출입국은 무역 방해를 용납하지 않습니다."""
kcuz_bez0on_5c0c/alternative1	"""네, 바자르 근처예요."""
kcuz_bez0on_5c0c/alternative2	"""네, 주택 캠페인 지구의 어느 옥상에 있어요."""
kcuz_bez0on_5c0c/alternative3	"""네, 파티 골목에 있어요."""
kcuz_bez0on_5c0c/alternative4	"""네, 옛 부두 근처예요."""
kcuz_bez0on_5c0c/alternative5	"""네, 키사치 로터리 옆이에요."""
kcuz_bez0on_5c0c/alternative6	"""네, 뒷물길에 있어요."""
kcuz_bez0on_5c0c/alternative7	"""네, 피톨 지구에 나와 있어요."""
shpv005gsgxl0c8i/alternative1	다시 은행나무를 바라보니, 더는 그대의 지난 실패와 앞날의 불길한 예감을 나타내는 상징이 아니오. 도로 한낱 나무일 뿐이오.
shpv005gsgxl0c8i/alternative2	다시 은행나무를 바라보니, 더는 그대의 편집증적 심리극에 쓰이는 소품이 아니오. 도로 한낱 나무일 뿐이오.
shpv005gsgxl0c8i/alternative3	다시 은행나무를 바라보니, 더는 그대의 '하드코어'한 자아상을 나타내는 상징이 아니오. 도로 한낱 나무일 뿐이오.
shpv005gsgxl0c8i/alternative4	다시 은행나무를 바라보니, 더는 깜빡이는 정신의 허상이 아니오. 도로 한낱 나무일 뿐이오.\n
p_1mfp2amsc4dsvq/alternative1	"""여기서 당신의 은행나무가 보여요."""
qlktj44la83olcz0/alternative1	"""좋소, 허셸. 문제없소."""
hum02ptgy5ldg61h/alternative1	"""다만 당신이 편한 때를 골라 내 뒤통수에 총을 쏠 생각이 아니기만 바라오. 나 같은 가련한 죄수에게는 불명예스러운 최후일 터이니."""
dcgs3yaymqq2ifzj/alternative1	"""포르토피로에 갇힌 신세라면 자유가 다 무슨 소용이오? 우는 눈이든, 늙은이의 선택을 문제 삼는 누구든 손쉽게 잡아먹을 먹잇감일 뿐인데.""\n"
wle8x3lmzl42ynae/alternative1	"""고맙소, 허셸. 그렇다면 거래가 성립한 셈이겠구려."""
je59zw6wdn7eqbqv/alternative1	"""한번 써 봤어요. 결과는 지금까지 '아름답기'보다 '비극적'이에요."""
daeo2sx08xozzbsb/alternative1	"""그랬겠지, 허셸. 하지만 인생에는 재미 말고도 더 있소."""
epm4b6zl2dfwhjpy/alternative1	가능성 낮아. 압박 수단이 문제였다면 템포가 노베사 구시가지의 붉은 기와 아파트를 약속하고 다니진 않았을 거야.
4nwl50r6iqck9352/alternative1	"""최신 각인체들에 '충실도' 문제가 있다는 소문을 들었어요."""
5v2ohin2zck5qdbi/alternative1	"""그렇군요. 팬은 아니시네요."""
8_5jxelaq8ob1g4q/alternative1	"""바보 같은 일처럼 말하는구려. 가련한 정치범에게서 꿈마저 빼앗을 셈이오?"""
p0xqgroycjmfb5z7/alternative1	"""시도는 좋았소, 허셸. 하지만 안 되오. 내 비밀은 있던 자리에 두는 편이 좋소. 나누길 바란다면 나를 꺼내 주어야 하오."""
2k6vcop4ewa2ju44/alternative1	"""가 봐야겠어요, 단테."" [끊는다.]"
tjo64v2p13i253zh/alternative1	"""나를 잊지 마시오, 허셸."""
tjo64v2p13i253zh/alternative2	"""나를 잊지 마시오, 캐스케이드."""
rqjvnwfmp41d6fmb/alternative1	"""몸조심하시오, 허셸."""
rqjvnwfmp41d6fmb/alternative2	"""몸조심하시오, 캐스케이드."""
5zwhdqyes4rjs7ff/alternative1	"""음. 안녕하시오, 허셸."""
6ldgvdkgk2xsd9py/alternative1	"""어때요?"""
fmz0j7s90p_58xai/alternative1	"""나예요, 허셸.""\n"
vz1_xz7pvwounjk3/alternative1	"""안녕하시오, 캐스케이드."""
vz1_xz7pvwounjk3/alternative2	"""안녕하시오, 허셸. 거기선 어떻게 지내고 있소?""\n"
lsb_a5kgjx6xknkm/alternative1	"""가엾은 단테가 EMTERR 비밀 감옥에서 뭘 하고 있는 거죠?"""
hpj8qun0nzazav80/alternative1	"""그 장치, '메가 바이올레이터'라고 하면 맞나요?"""
pktbxfqj1riaxdgw/alternative1	"""그가 그렇게 부르긴 했소."" 긴 한숨. ""되풀이하지 말라고 일렀건만. 신형 해적판 제작 장치의 시제품이오."""
p7aau6bg6myc3dln/alternative1	"""난 용서를 구하는 여정에 있어요. 날 사해 줄 수 있어요, 단테?""\n"
0nftgps99kw67_s_/alternative1	"""의식이 진행 중이오, 허셸. 당신이 중대한 역할을 맡았으리라 짐작되는 의식이지. 곧 -- 잠깐..."""
e2o0p9h4ie8l2pvs/alternative1	"""여보세요... ?"""
e2o0p9h4ie8l2pvs/alternative2	"""단테... ?"""
lft4pqr_av0huwd7/alternative1	"""그 '의식'이요, 단테. 그게 뭐예요?"""
gc1098f8yj82zboc/alternative1	"""이미 확인한 바요."""
gc1098f8yj82zboc/alternative2	"""이름도 아닌 것들이라면 더욱 그렇지, '캐스케이드'."""
csvsa_wcz1f_3mi1/alternative1	"""하우츠만 말이에요?"""
pbvahqoc6ybh31xf/alternative1	"""기회를 원한다고 했죠. 이제 기회가 생겼어요."""
pbvahqoc6ybh31xf/alternative2	"""이 일이 당신과 슈도팟보다 훨씬 크다고 했죠. 맞는 말이었어요."""
pbvahqoc6ybh31xf/alternative3	"""더 많이, 더 독하게 스파이질을 해야 한다고 했죠. 기회가 왔어요."""
pbvahqoc6ybh31xf/alternative4	"""무슨 일이 일어나든 이미 일어난 일이라고 했죠. 그런 의미에서는 고를 선택지가 없는 거예요."""
ru80nshlo77m0_ys/alternative1	"""달을 주고, 그쪽은 단테를 주고, 단테는 계획을 주는 거죠."""
vjt4v8n8ts0ahe9h/alternative1	"""이게 전부인가 보네요."""
xrkhmy6zxz0fl4w1/alternative1	"""베스파르는 죽었어요. 우는 눈이 그를 아주리 패거리에게 넘겼어요."""
2t3c3pc5j90fztp8/description	무슨 일이지?
6ibi37pntkx4y_v6/description	단순하고 일상적인 작전.
8p8i6e4jedudhfli/description	선택지를 저울질한다.
2wno79irbz56is_b/description	이건 유대의 순간인가?
s2gu03xaarqesaeh/description	살펴본다.
il522e4xmnj6xcfv/description	믿기 힘든 탈출을 해낸다.
o1rf_3anl9_tyeiu/description	살펴본다.
c9lcorq6y9usc1so/description	속세의 윤회를 받아들인다.
cls2ig9mlutvii00/alternative1	"""좆까! 네가 날 말려야지! 나 마음 바뀌었다고!"""
fkmtsis2bknc4fwf/description	영적 탈출.
j3dwbic_6seyo4nl/description	분석적 진단을 실행한다.
v909i83tekyw0jc2/description	최우선 과제: 탈출
xelxtgfnzwx79y_8/alternative1	"""말했잖아, 나 너무 취해서 어떤 기계도 못 다룬다고!"""
84c22ahdlog_27rw/alternative1	"""당신 얘기를 해 봐요."""
hvsg8k_qttgkzd31/alternative1	"""뭘 얘기해야 할지 모르겠네요, 자기. 아이 둘에, 배 한 척. 기적 회선... 심리학 통신 과정은 이미 말했고요."""
hvsg8k_qttgkzd31/alternative2	"""그럼요, 자기."""
rosm3s4tdogs5nx0/alternative1	"""그 사람을 쫓아낸 건 기적 회선이었어요. 질투가 나는데 감당이 안 됐던 거죠. 애들 앞에서 온갖 욕을 퍼붓고... 당신도 비슷한 일을 겪어 봤겠죠."""
kea9ybuqkj39er8f/alternative1	"""당신도 똑같은 일을 겪었을 거예요. 우리 같은 여자를 고용하고 싶어 하는 사람은 없어요, 자기. 하더라도 공짜로 박을 수 있는 여자들이라고 생각해서죠."""
aghmz3dyy8d_5zsl/alternative1	"""그래서, 그 틈에 왜 관심이 있는 거죠? 양말 수입업자 얘기를 물어보셨던 게 기억나는데... 혹시 상담사예요?"""
cc19dgr8qc5n5sq0/alternative1	"""정말요? 와. 회선 상담원이기도 한 줄은 몰랐네요. 그 사람이 당신의 예전 손님이었나 보네요... 제가 가로챘다면 미안해요. 양말 수입업자도요! 이제야 다 들어맞네요."""
tmyyyp5yc3syh19b/alternative1	"""좋아요. 이 느낌, 낯익을지도 몰라요. 기적 회선에서도 당신한테 조금 해 봤거든요."""
u3lt53zlqc8in8c0/alternative1	"""제 옛 친구들이에요."""
rubo09v15_er0b45/alternative1	"""언니 얘기를 다시 하고 싶은데요..."""
semtgqaf5bb865et/alternative1	"""네?"""
mn_udw27foui1gf1/alternative1	"""그렇군요. 그러니까 당신 치료 업무와 관련된 거라는 거죠, 뭐 그런 거."" 그 설명이 완전히 납득되지는 않는 얼굴이다."
i7e3rqf8nzy1ba5u/alternative1	실루엣의 주소, 그리고 더럽혀 놓은 교과서. 다 말랐기를 바란다...
ptcwisdjbgmqk6bl/alternative1	여자의 눈은 슬프지만 따뜻하다. 등 뒤의 창문에 빗방울이 후드득 부딪힌다.
ptcwisdjbgmqk6bl/alternative2	여자의 눈은 슬프지만 따뜻하고, 부엌 전체가 바람에 맞춰 살짝 흔들린다.
ptcwisdjbgmqk6bl/alternative3	여자의 눈은 슬프지만 따뜻하고, 벽 틈으로 스며든 햇빛에 눈가가 가늘게 접힌다.
a8r9r7p_hmz2xy8j/alternative1	여자의 눈은 슬프지만 따뜻하다. 등 뒤의 창문에 빗방울이 후드득 부딪힌다.
a8r9r7p_hmz2xy8j/alternative2	여자의 눈은 슬프지만 따뜻하고, 부엌 전체가 바람에 맞춰 살짝 흔들린다.
a8r9r7p_hmz2xy8j/alternative3	여자의 눈은 슬프지만 따뜻하고, 벽 틈으로 스며든 햇빛에 눈가가 가늘게 접힌다.
as2cyihq5fl3czu5/alternative1	"""기적 회선 얘기를 다시 하고 싶은데요..."""
zxav33ek4ih0up5f/alternative1	"""듣고 있어요."""
4vttd0f2w_mfzs7j/alternative1	"""레노텔이 회선에 자금을 대는 건 아는데, 이유는 알아요?"""
6_q4_7rah6vom_fq/alternative1	"""잘 몰라요, 물어본 적 없어서요. 관광 때문일지도요."" 그녀가 어깨를 으쓱한다. ""윗사람한테 질문을 너무 많이 안 하는 게 좋잖아요, 그렇죠?"""
sz9znn4dqxl19b8n/alternative1	"""일을 좋아하는 줄 알았는데요."""
jxll220d3u6n2r56/alternative1	"""못 한다고 생각하는 건 알지만, 다른 일을 구할 수 있어요."""
qt8j4gm8vcgvycrb/alternative1	"""당신도 똑같은 일을 겪었을 거예요. 우리 같은 여자를 고용하고 싶어 하는 사람은 없어요, 자기. 하더라도 공짜로 박을 수 있는 여자들이라고 생각해서죠."""
xg0fernl099l22vb/alternative1	"""만나서 반가워요, 제타."" (돌아간다.)"
w2xhvnj2rqbylq7i/alternative1	"""다정하네요."""
qrhydhiinbni1q_b/alternative1	"""아이들 얘기인데요..."""
qrhydhiinbni1q_b/alternative2	"""아이들 얘기인데요..."""
8twgwjzy1_hmyfpf/alternative1	"""네?"""
8twgwjzy1_hmyfpf/alternative2	"""애들이 왜요?"""
h59x44iev31va2m8/alternative1	"""또 들러요, 허셸. 즐거웠어요."""
zfd2epql9bhwkg_a/alternative1	"""안녕하세요, 허셸."""
zfd2epql9bhwkg_a/alternative2	"""어, 또 왔네요."""
jo6dzjm7wpue03wb/alternative1	계속 우물거리던 템포가 벌레가 귀에 내려앉자 으르렁댄다. 사납게 귀를 씰룩여 벌레를 털어 낸다.
xmin7lbbvys9jep7/alternative1	계속 시도한다.
udvqnopzvug2genz/alternative1	템포가 시선을 알아챈다. 축축하게 힘이 들어간 눈에 말 없는 공황이 반짝이더니, 그는 사료 더미에 다시 얼굴을 처박는다.
dmch089bqtpd7gkr/alternative1	"""왔어, 내가 왔다고. 네가 떠들던 그 '의식'이 대체 뭐야?"""
z_ihkwot08n2jnzn/alternative1	템포가 털북숭이 엉덩이로 주저앉아 고개를 갸웃한다.
3ibik_f6g70sbxds/alternative1	템포의 남은 흔적이 눈을 깜박이고, 킁킁 공기 냄새를 맡더니, 차근차근 고개를 돌려 버린다.
1u28mgldgeeqgzy2/alternative1	템포가 다시 터벅터벅 원을 그리며 돈다.
l8u5drs5xqtzo163/alternative1	템포가 재채기를 하며 고개를 흔든다. 더럽고 털북숭이인 얼굴의 구멍이란 구멍에서 콧물 안개가 터져 나온다.
yzq1xz2ha_mjwc8e/alternative1	"""나중에 보자, 템포."" [떠난다.]"
tryrueu9w16097ih/alternative1	카르무나의 옷 걸이대로 다가간다. 투명한 비닐 덮개로 비를 막아 놓았다. 똑같은 옷은 하나도 없다.
njx8n7md1yjuodzr/alternative1	"""제 의견요? 영블러드는 누가 봐도 검증이 안 됐고, 대담하고, 아슬아슬해요... 어쩌면 이 임무에 딱 필요한 바로 그 점일 수도 있어요."""
njx8n7md1yjuodzr/alternative2	"""제 의견요? 요요는 검증이 안 됐고, 대담하고, 아슬아슬해요... 어쩌면 이 임무에 딱 필요한 바로 그 점일 수도 있어요."""
lco6z0fs3gkqgepi/alternative1	"""술잔지기는... 영블러드여야 해요."""
lco6z0fs3gkqgepi/alternative2	"""술잔지기는 요요여야 해요."""
1xae1t38et_5raaf/alternative1	"""영블러드는 생사를 같이할 짝이에요."""
1xae1t38et_5raaf/alternative2	"""요요는 생사를 같이할 짝이에요."""
5nzl00uz88iawrpk/alternative1	"""정리하면 방랑기사 캐스케이드, 술잔지기 영블러드, 천문가 킨드레드, 광대 레이디언이네요."""
5nzl00uz88iawrpk/alternative2	"""정리하면 방랑기사 캐스케이드, 술잔지기 요요, 천문가 킨드레드, 광대 레이디언이네요."" "
lo_lzanlde_4v2w3/alternative1	"""정리하면 방랑기사 캐스케이드, 술잔지기 영블러드, 천문가 킨드레드, 광대 슈도팟이네요."""
lo_lzanlde_4v2w3/alternative2	"""정리하면 방랑기사 캐스케이드, 술잔지기 요요, 천문가 킨드레드, 광대 슈도팟이네요."" "
z3g64sa0kxrbcxk4/alternative1	"""정리하면 방랑기사 캐스케이드, 술잔지기 영블러드, 천문가 홀로세, 광대 슈도팟이네요."""
z3g64sa0kxrbcxk4/alternative2	"""정리하면 방랑기사 캐스케이드, 술잔지기 요요, 천문가 홀로세, 광대 슈도팟이네요."" "
7ru7_6gh2_u9ycdr/alternative1	"""제 권고는 이래요. 내일 아침 당신과 레이디언, 킨드레드가 가능한 한 일찍 공중전차를 타고 전범 사당으로 이동해요."""
7ru7_6gh2_u9ycdr/alternative2	"""제 권고는 이래요. 내일 아침 당신과 슈도팟, 카롤리나가 가능한 한 일찍 공중전차를 타고 전범 사당으로 이동해요."""
7ru7_6gh2_u9ycdr/alternative3	"""제 권고는 이래요. 내일 아침 당신과 슈도팟, 홀로세가 가능한 한 일찍 공중전차를 타고 전범 사당으로 이동해요."""
3ssg7cpo1lbpzkr2/alternative1	"""요요는 나중에, 리치와 수행원이 탄 같은 전차로 따라가요."""
3ssg7cpo1lbpzkr2/alternative2	"""영블러드는 나중에, 리치와 수행원이 탄 같은 전차로 따라가요."""
3ssg7cpo1lbpzkr2/alternative3	"""암호명 미정은 나중에, 리치와 수행원이 탄 같은 전차로 따라가요."""
3ssg7cpo1lbpzkr2/alternative4	"""칼레이도스코프는 나중에, 리치와 수행원이 탄 같은 전차로 따라가요."""
0pxyavoo6lv9v566/alternative1	"""그 사람이 적임이라고 확신해요?"""
0pxyavoo6lv9v566/alternative2	"""그 사람이 적임이라고 확신해요?"""
wkwuclc3j2vkqwb2/alternative1	"""생각해 봤어요. 그녀는 우는 눈의 감시 명단에 올라 있을 가능성이 낮아요. 요요밖에 맞는 사람이 없어요."""
wkwuclc3j2vkqwb2/alternative2	"""생각해 봤어요. 그녀는 우는 눈의 감시 명단에 올라 있을 가능성이 낮아요. 영블러드밖에 맞는 사람이 없어요."""
wkwuclc3j2vkqwb2/alternative3	"""생각해 봤어요. 그녀는 우는 눈의 감시 명단에 올라 있을 가능성이 낮아요. 암호명 미정밖에 맞는 사람이 없어요."""
wkwuclc3j2vkqwb2/alternative4	"""생각해 봤어요. 그는 우는 눈의 감시 명단에 올라 있을 가능성이 낮아요. 칼레이도스코프밖에 맞는 사람이 없어요."""
v0u67ritg0hc761y/alternative1	"""그녀가 제대로 된 전차에 타는지 어떻게 확인하죠?"""
v0u67ritg0hc761y/alternative2	"""그가 제대로 된 전차에 타는지 어떻게 확인하죠?"""
kmrq4l3hk2v54127/alternative1	"""야나는 어떡하고요?"""
kmrq4l3hk2v54127/alternative2	"""칼레이도스코프는 어떡하고요?"""
p3n8u61ey0pjbiax/alternative1	"""전 이미 EMTERR 소액 금융 사업에 발을 담갔어요."""
nd4hytwb9l8qe979/alternative1	"""알았어요, 알았어요..."""
_fjgcl6mhv0q2nwu/alternative1	"""전 이미 최종 사회의 홍보 대사예요."""
jvruhe_cazgckpsm/alternative1	"""적을 알려면 적이 되라? 좋아요, 안 될 것 없죠. 전부 *그저 흉내*일 때만요."""
3l5hohn6visqc_5q/alternative1	"""저는 탈역사 유물론을 결코 배신하지 않아요. 비꼬는 뜻으로라도, 제 머릿속 은밀한 곳에서라도요. 다른 방법이 있을 거예요."""
t2nqhnwoy4rbcyle/alternative1	"""그래요, 골라 보세요."""
dyfw5obg6xdizfqh/alternative1	"""아, 그렇군요. 악습을 일로 만든다니, 그런 현상이 있다고 들은 적 있어요."""
um9zbxsnjl__5ln1/alternative1	"""경리 담당한테 사실 나 때문이 아니라 콘스탄츠 때문이라고 전해요. 지독한 에테르 중독이에요. 아주리 조직한테 코가 꿰였어요."""
gpxyjtb_kz19k9i4/alternative1	"""또 도움이 필요해요, 멜."""
125xyv3xuze4rsyq/alternative1	"""어머, 선진 세계에서 지내다 보니 사상적인 기분 전환이 필요해졌나요?"""
125xyv3xuze4rsyq/alternative2	"""어머, 선진 세계에서 지내다 보니 사상적인 기분 전환이 필요해졌나요?"""
125xyv3xuze4rsyq/alternative3	"""어머, 선진 세계에서 지내다 보니 잠자리용 이데올로기라도 필요해졌나요?"""
125xyv3xuze4rsyq/alternative4	"""어머, 선진 세계에서 지내다 보니 잠자리용 이데올로기라도 필요해졌나요?"""
x3r0__8go6vm318e/alternative1	"""하루를 멜의 말을 들으면서 시작하고 싶어요."""
x3r0__8go6vm318e/alternative2	"""하루 종일 멜의 말을 귀에 담고 돌아다니고 싶어요."""
x3r0__8go6vm318e/alternative3	"""멜의 말을 들으면서 잠들고 싶어요."""
x3r0__8go6vm318e/alternative4	"""멜의 말을 들으면서 잠들고 싶어요."""
h88s6tjewfof3hxh/alternative1	"""다시 바로잡아 주세요. 저는 하루가 한참 남았거든요."""
h88s6tjewfof3hxh/alternative2	"""다시 바로잡아 주세요. 아직 하루가 시작일 뿐이에요."""
h88s6tjewfof3hxh/alternative3	"""다시 바로잡아 주세요. 탈역사 자장가를 불러 줘요."""
h88s6tjewfof3hxh/alternative4	"""다시 바로잡아 주세요. 탈역사 자장가를 불러 줘요."""
04kerng34v64s2zw/alternative1	"""어쨌든 곧 저녁 휴식 시간이에요. 어딘가에는 탈역사 유물론에 물렁해져 버린 공작원이 또 있겠죠. 좋은 하루 보내요, 캐스케이드."""
04kerng34v64s2zw/alternative2	"""어쨌든 이쪽은 시간이 늦었어요. 어딘가에는 탈역사 유물론에 물렁해져 버린 공작원이 또 있겠죠. 안녕히 주무세요, 캐스케이드."""
04kerng34v64s2zw/alternative3	"""어쨌든 이쪽은 곧 아침이에요. 어딘가에는 탈역사 유물론에 물렁해져 버린 공작원이 또 있겠죠. 곧 다시 얘기해요, 캐스케이드."""
04kerng34v64s2zw/alternative4	"""어쨌든 곧 점심시간이에요. 어딘가에는 탈역사 유물론에 물렁해져 버린 공작원이 또 있겠죠. 곧 다시 얘기해요, 캐스케이드."""
egioj4vq1zledwui/alternative1	"""저를 재교육해 줘요, 스파이 엄마."""
pudl_pb2i3xdu_td/alternative1	"""'하우츠만'에 대해 뭘 알아요?"""
z9dwzuiriew_4bdx/alternative1	"""하우츠만이요. 거기에 아주 관심이 많아요."""
zq8a4koirnqaksib/alternative1	"(계속한다.) ""생각해 봤는데... 캐스케이드가 팀장이 되는 게 맞지 않나요? 안 그래요?"""
ic_zesemssf_qjpe/alternative1	"""그 메시지요. '모든 것이 용서되리라'. 제 옛 협조자 중 하나일 수밖에 없어요."""
y3tfm0ftsydgk0lj/alternative1	"""당신 암호를 찾았어요. 이게 보충 암호학 수업인가요?"""
y3tfm0ftsydgk0lj/alternative2	"""당신 일회용 키를 찾았어요. 이게 보충 암호학 수업인가요?"""
y3tfm0ftsydgk0lj/alternative3	"""기본적인 레제다 암호 같은 건 저한테 안 통해요."""
ntw0xy1b9fezqrgy/alternative1	아득히 머리 위, 좁게 트인 하늘 틈으로 따뜻한 빗방울이 떨어진다. 계단 밑 사당은 눅눅함의 직격을 피해 있다.
ntw0xy1b9fezqrgy/alternative2	양옆으로 솟은 높은 건물들이 골목으로 몰아넣은 바람이 계단 밑 사당 쪽으로 몸을 떠민다. 머리 위에 매달린 붉은 종잇조각들이 바람에 비틀린다.
ntw0xy1b9fezqrgy/alternative3	나트륨등의 유황빛이 어두운 골목을 비추어 밤을 거짓 낮으로 바꿔 놓는다.  그러나 계단 밑 사당은 더 깊은 그림자 속으로 가라앉는다.
wswouwk80fmpe9tp/alternative1	바자르에 있던 사당보다 훨씬 덜 공들였네.
w76x7krbnouizo24/alternative1	"(슈도팟에게.) ""왜 그래, 자기야?"""
uohyxf96alr8xw73/alternative1	"""두 분이서 알아서 하세요."" [자리를 뜬다.]"
k9tc5skvrmp06lwx/alternative1	"""왜 숨이 안 떨어지지? 저 많은 숨이 다 어디서 나오는 거죠?"""
uwh3a7r7f8o6lpg3/alternative1	"""크즈즈즈즈크츠츠."""
90aw0lt3e8uq03zw/alternative1	남자는 이쪽을 무시한 채, 여전히 사무치는 절망을 바다 너머로 내뿜고 있다.
q94u96h1af_faxcr/alternative1	"""이 종이의 낮은 평량은 굳이 입에 올리고 싶지도 않군요."""
isdiiedr1cf9kxda/alternative1	"""그것도 평량 낮은 종이에 말입니다. 당신은 나를 조롱하고 깎아내릴 줄밖에 모릅니다. 왜 아직도 내 거실에 있는 겁니까?"""
1llsktj_mpx6b1yb/alternative1	"""고맙습니다. 악행이 쌓인 장부에 선행 하나가 올라도, 선행은 선행입니다. 이 종이의 낮은 평량은 굳이 입에 올리고 싶지도 않군요."""
fx2wrkoo8yo5akix/alternative1	"""아, 참 사려 깊기도..."" 그녀의 눈이 쪽지를 훑는다. ""이건 파스칼 앞으로 된 것뿐입니다, 허셸."""
h3enzzycs79g2_50/alternative1	"""이건 완전히 속 빈 행동입니다... 덧붙이자면 평량이 아주 낮은 종이에 말입니다."""
9wdo103tjkqd2h5u/alternative1	"""다시 크루 얘긴데요..."""
kwlktpgxky2mfasz/alternative1	"""좋습니다."""
5o5e32s_jg9p3abh/alternative1	"""설마 그 애를 다시 이 일에 끌어들일 생각은 아니겠지만... 혹시나 해서 말합니다. 그러지 마십시오."""
pqre419h8_s6c9dm/alternative1	"""그렇습니다. 그리고 설마 그 애를 다시 이 일에 끌어들일 생각은 아니겠지만... 혹시나 해서 말합니다. 그러지 마십시오."""
uc7a9ixscnr6j8kl/alternative1	"""또 거짓말입니다."""
t8jz2w9_9m3x4eom/alternative1	"""이 일은 다시는 입에 올리지 마십시오."""
8kyndzgnxjobtv_q/alternative1	"""크루가 무너졌을 때 나머지는 모든 걸 잃었어요. 둘은 죽었고요. 그런데 당신은 승진했죠."""
8_bh4vio_m79ea7l/alternative1	카롤리나의 어린 시절 정경이 흐트러짐 없이 그녀의 귀환을 기다린다.
_urt_859dwyl1ezm/alternative1	"""당신의 신비주의 시도가 실패하더라도 그들에게는 언제든 복제본이 더 있습니다. 당신의 데이터 기록은 전부 신비로운 위성 시설 B에 백업되어 있지요."""
_urt_859dwyl1ezm/alternative2	"""얼마든지 고개를 저으십시오. 당신이 실패하면 그들에게는 언제든 복제본이 더 있습니다. 당신의 데이터 기록은 전부 신비로운 위성 시설 B에 백업되어 있지요."""
_urt_859dwyl1ezm/alternative3	"""얼마든지 고개를 끄덕이십시오. 당신이 실패하면 그들에게는 언제든 복제본이 더 있습니다. 당신의 데이터 기록은 전부 신비로운 위성 시설 B에 백업되어 있지요."""
_urt_859dwyl1ezm/alternative4	"""그렇지요, 오랜 팬들에게 손을 흔드십시오. 그들에게는 언제든 복제본이 더 있습니다. 당신의 데이터 기록은 전부 신비로운 위성 시설 B에 백업되어 있지요."""
wxpce_6c8r59t_vs/alternative1	"""슬프게도 말이 없는 분신 말씀이군요. 루스의 악마술로 다시 활동하게 된."" 그가 고개를 젓는다. ""그러면서 오페라와 우는 눈이 서로 반대편이라고 믿으란 겁니까."""
wxpce_6c8r59t_vs/alternative2	"""부적응 분신 말씀이군요. 루스의 악마술로 다시 활동하게 된."" 그가 고개를 젓는다. ""그러면서 오페라와 우는 눈이 서로 반대편이라고 믿으란 겁니까."""
demokjagk5uw9a_0/alternative1	"""그 지독하게 불안한 낡은 디스크로 뭘 하려는 거예요?"""
demokjagk5uw9a_0/alternative2	"""백맨, 들어요. 그 디스크는 극도로 위험해요. 속셈이 뭐죠?"""
rkbc3djpqy4kj7w3/description	잠깐, 잠깐만!
a1lyepzibbbtxc29/description	평화롭게 해결한다
84q_qswibj2qjz2a/description	재빨리, 공격!
7b7_opb33_7qj7_0/alternative1	그 말을 끝으로 남자는 수화기를 조심스레 걸이에 내려놓고 밤 속으로 슬며시 사라진다.
m1nsrit70qrdk8ry/alternative1	"""이 전화기를 쓰고 있었을지 모를 동료를 찾고 있어요. 수입 대리인이고, 양말 차림으로 일해요."""
0rdgk2oj579yzqx6/alternative1	"""저 전화기 반대편에 있는 사람과 얘기해야 해요."""
0rdgk2oj579yzqx6/alternative2	"""더치스와 얘기해야 해요."""
veq2z3ijj5nz_hwg/alternative1	"""사실 저는 당신네 '통상국' 소속이 아니에요. 오페라 소속이죠."""
veq2z3ijj5nz_hwg/alternative2	"""사실 저는 당신네 미르체아 대사관 소속이 아니에요. 오페라 소속이죠."""
veq2z3ijj5nz_hwg/alternative3	"""사실 저는 당신네 '그림자 금융국' 소속이 아니에요. 오페라 소속이죠."""
enc3ts72ysflw8aa/alternative1	제타의 가르침을 끌어다 쓰며, 정신을 허셸 비슷한 안개로 쪼갠다. 젊은 남자에게 깃들어, 귓구멍과 콧구멍으로 흘러든다.
f2m0gnjidlwri6du/alternative1	이쯤 하자. [떠난다.]
k9kvlzijftdymjv9/alternative1	적어도 킨드레드 아버지는 이곳 보안만큼은 철저하네.
k9kvlzijftdymjv9/alternative2	적어도 카롤리나 아버지는 이곳 보안만큼은 철저하네.
k9kvlzijftdymjv9/alternative3	적어도 휴고 박사는 이곳 보안만큼은 철저하네.
9dga6ibavgrvgsyu/alternative1	"""어머, 다시 말을 하네. 질문 하나 줄게, 뭘 알고 싶어?"""
s0fukogj7pr5usoi/alternative1	"""제일 좋아하는 시가 있어?"""
s0fukogj7pr5usoi/alternative2	"""그늘 군세의 진노를 받을 각오는 됐어?"""
wfsywms2hdy5vtrs/alternative1	"""아니, 하지만 내 위장 신분은 기억해. 달빛을 눈으로 착각했다느니, 고향이 그립다느니 하는 한심한 얘기... 생각만 해도 민망해."""
wfsywms2hdy5vtrs/alternative2	"""많이 들었어... 아직 본 적은 없지만."""
qiemxmlqf30z_1pq/alternative1	"""왜 가엾은 단테의 불알에 전기를 먹이는 거야?"""
d0gl3_b__30mc58k/alternative1	"""제발, 잉크 좀 찾아 줘. 글이 없으면 난 길을 잃어."""
d0gl3_b__30mc58k/alternative2	"""내 말을 들어라, 전기 악녀여 — 나는 그늘 사나이다!"""
40jtl5c_a2ed2ind/alternative1	"""제국 밖에 존재하는 모든 것은 가치 없는 것이야."" 그녀가 숨을 내쉰다. ""잘 가, 허셸."""
cnnj6h8189lmrsy_/alternative1	"""좋았어, 이제 내 예술로 돌아갈 시간이군."""
cnnj6h8189lmrsy_/alternative2	"""어서, 풀어 줘. 그늘 군세가 날 부르고 있어."""
d4_g6dawx27q7z6v/alternative1	"""이 신형 방수 양말을 그 사람한테 주고 싶었을 뿐이야. 시험 대상으로 완벽하거든."""
d4_g6dawx27q7z6v/alternative2	"""나는 그런 죄수를 알지 못한다. 교정이 필요한 악당이라도 있는가?"""
ixr_1voe9xmd0udr/alternative1	"""발을 보기 전엔 그 질문에 대답할 수 없어."""
ixr_1voe9xmd0udr/alternative2	"""내 눈은 오직 밤만을 향한다."""
29yupq82xfibneh9/alternative1	"""이 양말 속은 내 진짜 발이고, 이 직조 덕에 뼛속까지 보송해."""
29yupq82xfibneh9/alternative2	"""못 본 척해 줘서 고맙네. 내 그림자 장막을 어디 흘린 모양이거든."""
y95_ormybh2dg9j_/alternative1	"""말했잖아, 난 배우가 아니야. 난 양말을 다뤄."""
y95_ormybh2dg9j_/alternative2	"""내 임무는 초승달만이 알아."""
d13k828gn_5etl5a/alternative1	"""비슷한 직조 취향."""
d13k828gn_5etl5a/alternative2	"""범죄와 싸우고 서로의 라텍스에 기름칠해 줄 의지."""
66qoi0g81ax85_fj/alternative1	"""내가 인정하는 관료제는 인민의 발에 양말을 신기는 것뿐이야."""
66qoi0g81ax85_fj/alternative2	"""그런 국 따윈 몰라, 난 어둠의 기사다."""
kfrzam1d2qk3eu4w/alternative1	"""양말 상인이야, 공식 번호를 알려 줄 수 있는데..."""
kfrzam1d2qk3eu4w/alternative2	"""내 진정한 이름은 어둠 속에, 그늘 군세의 비밀 지하 묘실에 적혀 있다."""
hs2_mcw5h_valg8s/alternative1	"""전희야."""
6pxxicfaa1frr8dy/alternative1	"""난 시인이야 — 편집 과정이 좀 과하게 빡센 것 같은데."""
3wpd3qr63w1ah9ye/alternative1	다가가자 분신이 짧게 고개를 끄덕인다. 위에서 울트라 비올레타가 두 사람을 내려다본다.
3wpd3qr63w1ah9ye/alternative2	다가가자 분신이 비에 젖어 축 처진 머리카락으로 짧게 고개를 끄덕인다. 위에서 울트라 비올레타가 두 사람을 내려다본다.
3wpd3qr63w1ah9ye/alternative3	다가가자 분신이 비에 젖어 축 처진 머리카락으로 짧게 고개를 끄덕인다. 위에서 아름다운 젊은 여자가 두 사람을 내려다본다.
mr8btvd7nl5g7s0b/alternative1	"""당했어야 할 건 나예요. 이그나츠가 아니라."""
mr8btvd7nl5g7s0b/alternative2	"""당했어야 할 건 나예요. 이그나츠도, 카롤리나도 아니라."""
mr8btvd7nl5g7s0b/alternative3	"""당했어야 할 건 나예요. 카롤리나가 아니라."""
dghprnsxx7z70rkt/alternative1	"""내가 죽어 간다는 건 어떻게 알았어요?"""
dghprnsxx7z70rkt/alternative2	"""내가 죽어 간다고 생각하게 된 계기가 뭐였어요?"""
0hkgva28u3n9vv3e/alternative1	"(어리둥절한 척한다.) ""무슨 장사라도 하는 거예요?"""
jl56vp_8vepbi3ai/alternative1	하우츠만이 준 참조 번호야.
1xlmxv8525hnz1n3/alternative1	흐려진 거울의 바텐더다. 루시아.
nvyhrmqioa5wiw76/alternative1	루시아의 고개가 높은 소리를 따라 돌아가지만, 바자르를 채운 백색 소음 속에서 소리의 출처를 짚어 내지 못한다.
j5ppcf50cjdsi2ci/alternative1	그는 저들의 밀회 증거를 우연히 발견했어. 아마 루시아를 미행하다가. 그리고 스파이에 미친 상상력으로 자기 입맛대로 비틀어 놓았지.
d5yetsx9j9i_s8wr/description	멀리서 표적을 살핀다.
q0crnj9n99l1cx9c/description	사진을 찍는다.
9cl2trepm07hawae/alternative1	서툰 발소리에 루시아가 돌아본다. 눈길이 곧장 손에 든 카메라로 떨어진다.
pakc4hncs90pei1f/description	그들을 그냥 내버려 둔다.
gjb8dn4kqrsqx37f/alternative1	아니, 그녀는 흐려진 거울의 바텐더입니다. 루시아요.
d2ndsp48ihq9rlcd/alternative1	"""계속해요."""
2xxwd91ecwxr1df5/alternative1	"""또 은행과의 거래 건인데요..."""
red2p3rttddkeb_d/alternative1	"""네?"""
f1z_yi9ga4a9jdr0/alternative1	"""에스티가 주택 캠페인에 사는데, 어느 집인지 못 찾겠어요."""
5y4ghv4w_tyents3/alternative1	"""슈도팟 건은 아직 아무 진전이 없어요."""
bzr2860s1le4mex_/alternative1	"""그리고 제가 이걸... 어떻게 도울 수 있죠?"""
6hzwmjezko6i2n5s/alternative1	"""그리고 제가 이걸... 어떻게 도울 수 있죠?"""
dtsb3ikg2cyz_qeg/alternative1	"""아직 이 일에 맞는 도구를 구하는 데 도움이 필요해요."""
lyemd8rr7fe3sbf0/alternative1	"""또 뭐가 있죠?"""
2vuf1ru1jwafm1on/alternative1	"""아직 총 구하는 데 도움이 필요해요."""
g0xv891jtr6fq9kz/alternative1	"""그 하급 협상가 얘기를 다시 하자면요..."""
wnmnb5w9_tioutlz/alternative1	"""아직도 돌파하지 못했어요? 의외네요."""
j68kxi3970cfp3o_/alternative1	"""우주 정보를 *무역 박람회* 정보와 맞바꾸는 일을 좀 더 물어보려고요..."""
rwaw3y2et69aey_w/alternative1	"""네?"""
bu1yd4pt9piws5ij/alternative1	"""우주 정보를 협상 정보와 맞바꾸는 일을 좀 더 물어보려고요..."""
iu8_l82110ulw27i/alternative1	"""문화궁전의 무단 점거자들 기억나요?"""
y4peol3tbmoso1ao/alternative1	"""네... 왜 아직도 그 얘기를 하는지는 모르겠지만요."""
3j26k3xyr5_48enx/alternative1	"""새 정보원 얘기를 다시 하자면요..."""
clzdtms9m7s304xg/alternative1	"""계속해요."""
8x7ok2swc2fmu8o8/alternative1	"""새 정보원 얘기를 다시 하자면요..."""
ugkt_duygqn_h14a/alternative1	"""슈도팟 얘기를 좀 더 하자면요..."""
f2lb6vdnh6hhu3l9/alternative1	"""네?"""
9wxeo0k8wlbaong8/alternative1	"""다시 홀로세 얘기인데요..."""
_i_bqni_yppruxhy/alternative1	"""...좋아요."""
uqqeawi3efdg2nxz/alternative1	"""람세스를 다시 우리 편으로 돌릴 조언이 더 필요해요."""
zsi4u6i7kib8wh36/alternative1	"""기꺼이 도울게요. 당신과 레이디언은 늘 호흡이 잘 맞았으니까요."""
jr9md0fhtcd6vvzm/alternative1	"""카롤리나 얘기를 또 하자면요..."""
x85s85ijic93yujx/alternative1	"""어떻게 도울까요?"""
896fl_aokpb3_8vh/alternative1	"""계속해요."""
cjfw4672ph759jx7/alternative1	중매인이 돌아왔다!
cjfw4672ph759jx7/alternative2	교역하러 돌아왔구나
cjfw4672ph759jx7/alternative3	내게 돌아오라, 간청자여
cjfw4672ph759jx7/alternative4	인사한다, 번식자여
cjfw4672ph759jx7/alternative5	가짜 번식자가 돌아왔다
80gjg5pxv68_shgz/alternative1	그가 마주 경례한다. 머리에 쓴 봉지가 귓가에서 바스락 소리를 낸다.
kgro6v8usf5ais77/alternative1	그가 마주 경례한다. 머리에 쓴 봉지가 귓가에서 바스락 소리를 낸다.
t7o6pgdvl4l0w4l3/alternative1	"""계집애, 아이나 다름없는 것. 그리고 길 잃은 사내애 하나. 고작 그게 최선이었나?"""
t7o6pgdvl4l0w4l3/alternative2	"""계집애, 아이나 다름없는 것. 그리고 루스탐 쪽 사람 하나. 고작 그게 최선이었나?"""
n88bxzve08bt7x95/alternative1	"""장전된 총을 들고서 말이지. 귀엽군."" 그가 손을 빙글빙글 돌리는 시늉을 한다."
_kn59gqusachymmk/alternative1	"""그리고 허셸... 이 일에 감사드립니다."""
dkq7rul6ie37i958/alternative1	"""그렇다면 아주 강력한 패를 쥐고 계시군요, 허셸."""
__jlh35c986w6qzk/alternative1	"""참고로 저는 이것이 당신에게 매우 유리한 거래라고 생각합니다, 허셸."""
4qohzzk0fh4i435g/alternative1	"""직접 시선을 사로잡는다고 말씀하셨지 않습니까. 불만을 들어 본 적은 없습니다. 하긴 들릴 리가 없겠지요. 무반향이니까요."""
qlarecb2o0e_lcv0/alternative1	"""당신이 내 분신을 판에서 치워 버렸죠."""
uohe6r537hboz0bh/alternative1	"""하던 거 계속해요."" [떠난다.]"
uohe6r537hboz0bh/alternative2	"""피톨 지구에서 봐요."" [떠난다.]"
im5pwkckqylasg1a/alternative1	"""공작원."" 일어서 떠나는 당신에게 그가 고개를 끄덕인다. ""소식을 기다리겠습니다."" "
im5pwkckqylasg1a/alternative2	"""그때까지."""
cjo50zyjw3369zi4/alternative1	"""라 루스와 관련된 큰 일이라는 건 짐작이 갑니다만... 방금 가엾은 단테를 무대 밖으로 처리하신 솜씨를 보면, 치명적인 일이겠지요."""
3b08bhi0mc6est7r/alternative1	"""캐스케이드. 답은 찾으셨습니까?"""
3b08bhi0mc6est7r/alternative2	"""허셸. 답은 찾으셨습니까?"""
661offapm0juqvto/alternative1	"""좋습니다. 우리 사이엔 진실한 움직임만 있는 겁니다, 허셸."""
zjcnqj_d93dy2zv6/alternative1	"""EMTERR는 울트라 비올레타한테서 뭘 원하는 거예요?"""
e6tqskfczn97obcn/alternative1	"""이거 큰 소식이네요, 앨러스테어!"""
2xnfixzb_0pk9i6m/alternative1	"""쌀쌀하지만 좋은 저녁이군요, 친구."""
pp9w8gia0wriv6pq/alternative1	"""밴드가 *처참하게 리허설 부족*이야, 요요!"""
pp9w8gia0wriv6pq/alternative2	"""밴드가 *처참하게 리허설 부족*이야, 영블러드!"""
pvqddqv1221wpzf1/alternative1	"""좋은 발상이야, 요요."""
pvqddqv1221wpzf1/alternative2	"""좋은 발상이야, 영블러드."""
o_zaji74agjilkgx/alternative1	"""오페라는 지치는 법이 없어, 영블러드."""
o_zaji74agjilkgx/alternative2	"""오페라는 지치는 법이 없어, 요요."""
k92_vv6g6hhkv52e/alternative1	"""근데 허--아니, 캐스케이드..."" 목소리가 낮아진다. ""저 늙은 리치 영감, 템포가 상대하던 그 늙은 단테 영감이랑 *똑같이* 생겼어."""
l89_6m5gc5lc3_n0/alternative1	"""단테는 아마 리치의 대역 중 하나였을 거야."""
dn_t1ahmv1zy7h1u/alternative1	"""단테는 리치의 대역 중 하나였어."""
mztfop0j5hwq3cpw/alternative1	"""응, 사실 있었어, 허--아니, 캐스케이드..."" 목소리가 낮아진다. ""저 늙은 리치 영감, 템포가 상대하던 그 늙은 단테 영감이랑 *똑같이* 생겼어."""
2opkylwip8z183zt/alternative1	그 다리는 로터리로 이어지고, 로터리 한쪽 옆에 잡지사 사무실이 있다.
ulkotxsqxu3dxp2p/alternative1	저기다. 시선이 픽셀 무리에 내려앉는다 -- 정확히는 단말기 세 개. 저게 잡지사 사무실일 테니... 가장 아래쪽에 빨갛게 표시된 단말기가 인터폰일 것이다.
xps7ajr1yenbj72w/alternative1	그 바로 남쪽에 잡지사 사무실이 있어...
w46qllr6nuxgqkvq/alternative1	"""협조자 보틀그린, 맞아."""
w46qllr6nuxgqkvq/alternative2	"""협조자 앤틀러스, 맞아."""
w46qllr6nuxgqkvq/alternative3	"""협조자 카라페이스, 맞아."""
lioo8q2ln99zv5l8/alternative1	"""그게 우리랑 같이 있었다고요? 흐음... 그럼 설명이 되겠네요."" 그가 하늘 저편을 바라본다. ""아마 작은 양말을 여섯 짝 신고 있겠죠."""
4g0haxyikpvbzlbg/alternative1	"""단테가 출국 서류 얘기를 했지?"""
6ujl2eapboy3imx0/alternative1	"""그리고 단테한테 내 보지나 빨라고 전해."""
jbkzmposo7f_eoph/alternative1	"""단테."""
5va1qfy643m788av/alternative1	"""난 이 이상한 헤드폰 남자랑은 엮이고 싶지 않아."""
s0bsm1fy4bgae848/alternative1	"""근데는 무슨, 난 말 그대로 그 사람이랑 엮이고 싶지 않아."""
ii2peowdaswn7br9/alternative1	"""근데 그 사람이 테이블 위에 엄청 솔깃한 걸 올려놨어."""
qar8933jl15ecazs/alternative1	"""그 사람 은행 쪽이잖아, 아냐? 템포가 늘 그랬어. 은행은 언제든 테이블에 나온다고."""
pw4m744bf_0yyly_/alternative1	"""그 늙은 루스 사람을 찾았어. 이름도 생겼어. 단테."""
pw4m744bf_0yyly_/alternative2	"""그 늙은 루스 사람을 찾았어. 단테."""
mp6h963qjq4o6___/alternative1	"""이 단테 새끼가 다른 말은 안 했어?"""
496w1t98ee5emhzw/alternative1	"""내 새 *레드라인 방침*을 기억해, 허셸. 새끼들은 하나도 믿지 마."""
n9dytgz20hmrk3al/alternative1	"""한 가지 더... 단테가 템포 때문에 루스에서 밀반출한 그 장치... 너한테 줬다고 확신하던데."""
n9dytgz20hmrk3al/alternative2	"""한 가지 더... 단테가 그러는데 템포 때문에 루스에서 어떤 장치를 몰래 빼내 왔대."""
n9dytgz20hmrk3al/alternative3	"""한 가지 더... 그 노인이 템포 때문에 루스에서 밀반출한 그 장치... 너한테 줬다고 확신하던데."""
zvqrsrubqhp81xfg/alternative1	"""'협조자'라면 마르코 말이지."""
g7clqc8m_q67oryt/alternative1	"""이제 좀 알아듣네, 허쉬."" 그녀가 씩 웃는다."
ico8n4vngxai_h4s/alternative1	"""그 사람은 아마 내가 갖고 있는 거 알걸. 아니... 갖고 있었던 거. 이제 네가 갖고 있으니까."""
3oyh1be1k4safm7s/alternative1	"""정말 잘됐네, 야나."""
buglfoos7wzgisrp/alternative1	"""이 단테 새끼가 몇 주 전에 사라졌어. 납치당해서, 증발했지."" 그녀가 손가락을 튕긴다. ""이렇게."""
j5w9bz1fam7ll9qu/alternative1	"""바자르 상인 한 명의 딸이 그 전화 얘기를 해 줬어. 그 애 아버지도 사라졌대."""
j5w9bz1fam7ll9qu/alternative2	"""바자르의 어떤 여자가 그 전화 얘기를 해 줬어. 그 여자 아버지도 사라졌대."""
fs2u284o5s387lxq/alternative1	"""그래. 말렌. 자기 아버지가 감쪽같이 사라졌다고 했어."" 그녀가 창밖을 힐끗 본다."
21wanku8bhpm2jr8/alternative1	"""영. 네가 그 사람 편도 티켓을 쥐고 있잖아, 씨발."""
s54d8dh5903x7vo1/alternative1	"""누가 카메라라도 들고 있으면 모르지."""
lwd458ym9a737ov6/alternative1	"""씨발 거리 유지해, 요요."""
lwd458ym9a737ov6/alternative2	"""씨발 거리 유지해, 영블러드."""
sed7pl9ni2qlihcd/alternative1	"""좋아, 허쉬."" 길게 내쉬는 숨. ""날 심리 분석해 봐."""
xvsatyl4hx96k7v6/alternative1	"""보트 맨이야?"""
t4iiv6fgg9kuizpr/alternative1	"""너를 바자르에서 구해 주는 거 같은 거 말이야? 게다가 *내가 템포야*. 나라고, 허쉬. 난 그게 인상적이라고 생각하는데. 네가 본 중에 씨발 제일 끝내주는 위장 신분이잖아."""
jt0jgbd7szksrlyy/alternative1	"""나쁘진 않네. 요요로 하자."" 그녀가 고개를 끄덕인다. ""잘했어, 캐스케이드. 드디어."""
5_6i37f0mnuxng01/alternative1	"""또 발작이야? 뭐라도 말해, 안 그럼 의사 부른다."""
uqchug1wpiqcm_jq/alternative1	"""나중에 봐, 야나."" [떠난다.]"
yhljpsgv3b_reajg/alternative1	"""그 사람은 아마 내가 갖고 있는 거 알걸. 아니... 갖고 있었던 거. 이제 네가 갖고 있으니까."""
nt6_8ax2i_ggxg80/alternative1	"""나중에, 허쉬. 소식 계속 알려 줘."""
nt6_8ax2i_ggxg80/alternative2	"""연락 끊지 마, 허쉬."""
nt6_8ax2i_ggxg80/alternative3	"""잘 가."""
kkjyihzsuwfdpwz3/alternative1	"""추가 지시를 기다려, 영블러드."""
kkjyihzsuwfdpwz3/alternative2	"""추가 지시를 기다려, 요요."""
wc4ru_cit040u7qb/alternative1	"""이름은 여전히 멍청하지만, 씨발 좋아. 대기 중."""
glxynung_a9f5yfs/alternative1	"""내 생각엔 우린 이미 폭발 한가운데에 있어, 요요."""
oy3w9d19syuuirln/alternative1	"""요요, 허쉬."""
audiocues/broken_red_disc	*왜곡된 음악*
audiocues/overheard_piano	*부드러운 피아노 선율*
audiocues/playing_with_uv	*가벼운 피아노 선율*
audiocues/red_disc_endgame	*몽환적인 전자음악*
audiocues/repaired_red_disc	*몽환적인 전자음악*
audiocues/space_recording	*울리는 남성 목소리*
audiocues/telephone_ringing	*전화벨 소리*
audiocues/tutuk_engine	*툭툭 엔진이 덜덜거림*
audiocues/uv_billboard	*감각적인 팝 음악*
audiocues/wind_chimes	*풍경 소리*
conditioning/button_label_equip	준비
conditioning/button_label_process_blocked	숙고 불가
conditioning/button_label_process	숙고
conditioning/button_label_suppress_blocked	억제 불가
conditioning/button_label_suppress	억제
conditioning/button_label_unequip	준비 해제
conditioning/button_label_unlock	잠금 해제
conditioning/button_tooltip_sort	정렬
conditioning/contemplate_unlocks_label	숙고 가능까지:
conditioning/faculty_affected	{0} 능력군 영향
conditioning/modal_name_reinforced	강화됨
conditioning/modal_name_suppressed	억제됨
conditioning/slot_description_empty	생각이 자리할 수 있는 슬롯입니다.
conditioning/slot_detail_dissonant	위배된 생각
conditioning/slot_detail_empty	생각 없음
conditioning/slot_detail_reinforced	강화된 생각
conditioning/slot_detail_suppressed	억제된 생각
conditioning/slot_detail_unprocessed	미숙고 생각
conditioning/slot_hint_slots_count	슬롯 {0} / {1} 해제됨
conditioning/slot_title_empty	비어 있음
conditioning/slot_title_equipped	준비된 생각
conditioning/slot_title_locked	잠김
conditioning/slot_title_unequipped	미숙고 생각
conditioning/sp_name	스킬 포인트 {0}
conditioning/suppress_description	생각 제거
conditioning/suppress_label_equip	슬롯에서 생각 제거
conditioning/suppress_label_lose	강화 효과 상실
conditioning/suppress_label_timer_hour_format	{0}시간
conditioning/suppress_label_timer	생각 고정 기간:
conditioning/thought_label_name_suppress	억제
conditioning/thought_subtitle_dissonance	위배
conditioning/thought_subtitle_effects	강화 효과
conditioning/thought_subtitle_suppress	억제
conditioning/thoughts_title	생각
dialogue/build_transition_quote_name	--제니 홀저
dialogue/build_transition_quote	전쟁의 시작은 비밀에 부쳐질 것이다.
dialogue/button_continue	계속
dialogue/button_end	종료
dialogue/button_exert	전력
dialogue/dissonance_lost	생각 위배 해소: {0}
dialogue/dissonance_triggered	생각 위배: {0}
dialogue/gained_skill_point	스킬 포인트 획득: +{0}{1}
dialogue/item_gained	물품 획득: {0}
dialogue/item_lost	물품 상실: {0}
dialogue/journal_task_added	과제 추가: {0}
dialogue/journal_task_cancelled	과제 취소: {0}
dialogue/journal_task_completed	과제 완료: {0}
dialogue/journal_task_revealed	과제 공개: {0}
dialogue/journal_task_updated	과제 갱신: {0}
dialogue/money_is_lowered	솔 감소: - {0}{1}
dialogue/money_is_raised	솔 획득: + {0}{1}
dialogue/new_loose_end	새 미결 사안: {0}
dialogue/option_check_locked	{0} <color=white>[{1}] [잠김]</color> {2}
dialogue/option_check_open	{0} <color=white>[{1}]</color> {2}
dialogue/option_check_tool_locked_failed	{0} <color=white>[{1}] [잠김]</color> {2} ({3} 사용)
dialogue/option_check_tool_locked	{0} <color=white>[{1}] [{2} 필요]</color> {3}
dialogue/option_check_tool	{0} <color=white>[{1}]</color> {2} ({3} 사용)
dialogue/option_spend	{0} ({1} {2} 소모)
dialogue/option_tool	{0} ({1} 사용)
dialogue/passive_failure	{0} {1} 실패
dialogue/passive_success	{0} {1} 성공
dialogue/pressure_elevated	압박 상승: {0}
dialogue/pressure_limit_reached	{0} 한계 도달
dialogue/pressure_reset	{0} 초기화
dialogue/pressures_are_lowered	{0} 감소: -{1}
dialogue/pressures_are_raised	{0} 증가: +{1}
dialogue/raised_xp	경험치 획득: +{0} XP
dialogue/skill_downgraded	{0} 하향
dialogue/sol_price_format	{0} {1}
dialogue/status_effect_gained	상태 획득: {0}
dialogue/status_effect_lost	상태 해제: {0}
dialogue/tactical_mode_back	뒤로
dialogue/tactical_mode_deliberate	{0} (숙의)
dialogue/tactical_mode_examine	{0} (조사)
dialogue/thought_discovered	생각 발견: {0}
dialogue/thought_forgotten	생각 망각: {0}
dialogue/thought_reinforced	생각 강화: {0}
dialogue/white_check_unlocked	판정 해금: {0}
dossier/button_label_raise_blocked	이 스킬 강화 불가
dossier/button_label_raise	이 스킬 강화
dossier/button_label_year_zero_blocked	생각 '영년' 때문에 불가
dossier/faculty_action	행동 능력군
dossier/faculty_intelect	지성 능력군
dossier/faculty_relation	관계 능력군
dossier/handicap_event_button	스킬 하향
dossier/handicap_event_name	{0} 최대치 도달
dossier/handicap_event_title	스킬 하나를 하향해 마음을 가라앉히십시오.
dossier/label_sp	스킬 포인트 {0}
dossier/label_xp	경험치 {0} / 100 XP
dossier/mods_clothing	의복 수정치
dossier/mods_status	상태 수정치
dossier/mods_title	수정치
dossier/skill_caps_maxed_out	스킬 상한 도달
dossier/status_duration_minutes	{0}분
dossier/status_duration	{0}시간
dossier/status_label	상태 효과
effects/and_connector	{0} 및 {1}
effects/clear_gained_status_label	시한부 상태 효과 제거
effects/contains_tool_effect_label	{0} 포함
effects/counter_communist	공산주의자
effects/counter_conspirational	음모론적
effects/counter_cool	쿨함
effects/counter_hardcore	하드코어
effects/counter_liberal	자유주의적
effects/counter_philosophical	철학적
effects/counter_repentful	회개
effects/counter_technofascist	테크노 파시스트
effects/gain_status_label	상태 획득: {0}
effects/multiple_connector	{0}, {1}
effects/or_connector	{0} 또는 {1}
effects/skill_cap_modifier	{0} 스킬 한도 {1}
effects/skill_potential_nil	스킬 잠재력은 늘어나지 않지만, 스킬 효과가 더 강해집니다.
effects/thought_condition_consumableBonus	{0} 소비 시
effects/thought_condition_counterStatus_locus_internal_control	멜리타를 화나게 할 때
effects/thought_condition_counterStatus	“{0}” 선택지를 고를 때
effects/thought_condition_counterXp	“{0}” 선택지를 고를 때
effects/thought_condition_elevatedEffect	“{0}” 효과가 적용 중일 때
effects/thought_condition_equippedCounter_finalsociety	“{0}” 선택지를 고르고 루스산 제품을 들고 있을 때
effects/thought_condition_equippedCounter	“{0}” 선택지를 고르고 {1}을(를) 들고 있을 때
effects/thought_condition_equippedXp	{0} 착용 시
effects/thought_condition_noExert	분발하지 않는 동안
effects/thought_condition_reinforced	생각이 강화되었을 때
effects/thought_condition_statusStatus_locus_internal_control	멜리타를 화나게 할 때
effects/thought_condition_statusStatus	“{0}” 선택지를 고를 때
effects/thought_condition_stressedBuyer	물건을 구매할 때
effects/thought_conditions_format	{0}:
effects/thought_effect_autoSave	모든 빨간 판정에 {0} 보너스
effects/thought_effect_consumableBonus	{1} 감소량 {0}배
effects/thought_effect_counterStatus	{0} {1}
effects/thought_effect_counterXp	경험치 +{0}
effects/thought_effect_disadvantage_underlined	<u>{0}</u> 불리함 획득
effects/thought_effect_disadvantage	{0} 불리함 획득
effects/thought_effect_easyMode	“첩보 활동엔 너무 어림” 옵션을 게임플레이 설정에서 사용할 수 있습니다.
effects/thought_effect_efficientExerting	{0} 판정에서 분발하는 비용 {1} {2}
effects/thought_effect_elevatedEffect	상태 효과 “{0}” 획득
effects/thought_effect_equippedCounter	{0}{1} 솔 획득
effects/thought_effect_equippedXp	경험치 보상 +{0}%
effects/thought_effect_levelUp	모든 스킬에 {0} 보너스
effects/thought_effect_lose_reinforced_effects	강화된 효과를 일시적으로 잃음
effects/thought_effect_movementSpeed	이동 속도 +{0}%
effects/thought_effect_noExert	{1} 판정에 {0} 보너스
effects/thought_effect_noLevel	현재는 스킬을 강화할 수 없습니다.
effects/thought_effect_noOverwrite	게임을 수동으로 저장할 수 없습니다.
effects/thought_effect_peoplesInventory	소지품을 당의 가치에 맞춥니다.
effects/thought_effect_respec	빌드 변경
effects/thought_effect_statusStatus	상태 효과 “{0}” 획득
effects/thought_effect_stressedBuyer	{0} {1}
effects/thought_effect_unlockedBonus	밤에는 활성화된 모든 해금 판정에 {0} 보너스
effects/value_modifier_effect_label	{0} {1}
game_over/bagman_missed	아마추어 TV 쇼 ‘현실 상황’ 폭발 사망 사고 이후 음모론 확산
game_over/boiler_kurt	지역 역사 소실: 학자들, 포르토피로 문화궁전 붕괴를 애통해하다
game_over/bomb_death	사진관 폭발로 내부 전원 사망, 테러 공포 확산
game_over/cardio_grandpa	로켓 발사대 사망 사건: 목격자 “불건강한 생활 방식과 과도한 자기연민” 탓
game_over/cinema_machine	기이한 기계 오작동으로 옛 코스모스 극장에 화재
game_over/credits_slow_down	느리게
game_over/credits_speed_up	빠르게
game_over/goateyes_shot	불법 복제품 수입, 도를 넘었나? 화물 잔해와 함께 해안에 밀려온 외국인 여성 시신
game_over/monkey_gun	멍청이가 원숭이에게 총을 줬다가 총에 맞아 사망
game_over/plastic_fumes	사진관 폐쇄: 화학 증기 사망 사고에 주인 절망
game_over/pylon_suicide	절망한 투신자가 행인을 덮쳐, 목격자들 트라우마
game_over/red_disc	<i>경찰국</i>, 포르토피로에 퍼진 치명적인 붉은 디스크 소문 부인
game_over/roundabout_crash	약에 취한 강도 시도, 저속 충돌 사고로 끝나: 용의자 둘 다 현장 사망
game_over/silhouette_shot	사랑 이야기, 피와 총알 한 발과 평생 징역으로 끝나다
game_over/silo_suicide	로켓 발사대 추락사: ‘자율’ 프로젝트 부지에서 또다시 사망자 발생
game_over/sorry_card	사과가 그렇게 어려운가? 자살은 늘고 사과 카드 판매는 줄어
game_over/suicide_pill	시신 발견 후 의사회, 무면허 의사 단속
game_over/thanks_for_playing	플레이해 주셔서\n감사합니다!
game_over/vending_machine	자신의 조급함에 깔려 숨진 커피 중독자, 현대의 상징이 되다
game_over/wiretap_fail	구경꾼들, 파괴 공작 실패로 불타는 아마추어 칩 외과의 목격
game_over/wishlist_now	지금 위시리스트에 추가
hud/hud_money_format	{0}{1}
hud/label_day	{0}일차
hud/locked_tooltip	잠김
hud/money_name	솔
hud/page_name_conditioning	사고 형성
hud/page_name_dossier	도시에
hud/page_name_inventory	인벤토리
hud/page_name_journal	일지
hud/page_name_map	지도
hud/page_tooltip_close	닫기
hud/pressures_name_anxiety	불안
hud/pressures_name_delirum	섬망
hud/pressures_name_fatigue	피로
hud/requires_tooltip	{0} 필요
hud/tooltip_experience_plural	스킬 포인트 {0}개
hud/tooltip_experience_singular	스킬 포인트 {0}개
hud/tooltip_fanciful	기타
hud/tooltip_limit	상승
hud/tooltip_maximum	한도
hud/tooltip_money	{0} 솔
hud/tooltip_objective	목표 보기
hud/tooltip_tool_empty	비어 있음
hud/tooltip_tool_multi	멀티툴
hud/tooltip_tool_torch	손전등
hud/tutorial_look	둘러보기
hud/tutorial_move	이동
hud/tutorial_objective	목표 보기
hud/tutorial_sprint	달리기
hud/tutorial_zoom	카메라 확대/축소
inventory/area_label_doll	B. 시각 자료
inventory/area_label_info	D. 데이터 출력
inventory/area_label_items	C. 인벤토리
inventory/area_label_stats	A. 공작원 도시에
inventory/doll_label_face	그림 1 - 얼굴
inventory/doll_label_gloves	그림 6 - 손
inventory/doll_label_hands	그림 6 - 손
inventory/doll_label_head	그림 2 - 머리
inventory/doll_label_held	그림 7 - 들고 있는 것
inventory/doll_label_jacket	그림 5 - 재킷
inventory/doll_label_name	허셸 윌크
inventory/doll_label_neck	그림 3 - 목
inventory/doll_label_opperant	공작원
inventory/doll_label_pants	그림 8 - 하의
inventory/doll_label_shirt	그림 4 - 상의
inventory/doll_label_shoes	그림 9 - 신발
inventory/inventory_button_label_consume_blocked	소비 불가
inventory/inventory_button_label_consume	소비
inventory/inventory_button_label_equip_blocked	장착 불가
inventory/inventory_button_label_equip	장착
inventory/inventory_button_label_inspect_blocked	살펴보기 불가
inventory/inventory_button_label_inspect	살펴보기
inventory/inventory_button_label_unequip_blocked	해제 불가
inventory/inventory_button_label_unequip	해제
inventory/inventory_group_clothing_label	그룹화
inventory/inventory_optimize_already_optimize_button_text	이미 최적화됨
inventory/inventory_optimize_keep_label	유지
inventory/inventory_optimize_modifiers_change_label	의류 수정치
inventory/inventory_optimize_no_active_effects_label	{0}에 영향을 주는 의류 없음
inventory/inventory_optimize_nothing_to_optimize_button_text	최적화할 항목 없음
inventory/inventory_optimize_optimize_button_text	최적화
inventory/inventory_optimize_swap_label	교체
inventory/inventory_optimize_title	{0} 최적화
inventory/inventory_optimize_unequip_label	해제
inventory/item_label_carrying	소지 중
inventory/item_label_equipped	장착 중
inventory/item_label_price	가격
inventory/item_type_label_all	전체
inventory/item_type_label_clothing	의류
inventory/item_type_label_drug	약물
inventory/item_type_label_face	얼굴
inventory/item_type_label_gloves	장갑
inventory/item_type_label_hands	손
inventory/item_type_label_head	머리
inventory/item_type_label_held	손에 든 것
inventory/item_type_label_jacket	겉옷
inventory/item_type_label_neck	목
inventory/item_type_label_other	기타
inventory/item_type_label_pants	하의
inventory/item_type_label_shirt	상의
inventory/item_type_label_shoes	신발
inventory/item_type_label_tools	도구
inventory/item_type_label	종류
inventory/people_label	인민의, 인민을 위한
journal/button_tag_add	태그 추가
journal/button_tag_remove	태그 제거
journal/finished_title	완료된 과제
journal/loose_ends_description	나중에 쓸모가 있을지도 모르는 정보입니다.
journal/loose_ends_name	미결 사안
journal/subtasks_title	하위 과제
journal/tasks_title	과제
map/button_label_travel_blocked	이동 불가
map/button_label_travel	이동
map/button_label_zoom	축소
map/destination_animal_zone	동물 구역
map/destination_bagman_studio	배그맨 스튜디오
map/destination_boatman	뱃사공
map/destination_communist_headquarters	문화궁전
map/destination_ezti_apartment	에스티의 아파트
map/destination_fogged_mirror	흐려진 거울
map/destination_ginkyo	신비한 나무
map/destination_goat_eyes	염소눈
map/destination_gonza_clinic	곤자의 진료소
map/destination_hugo_clinic	휴고 박사의 진료소
map/destination_lucia	사진 촬영 장소
map/destination_magazine_office	잡지사 사무실
map/destination_miracle_line	기적 회선
map/destination_north_east_payphone	공중전화 (북동)
map/destination_north_west_payphone	공중전화 (북서)
map/destination_old_cinema	낡은 영화관
map/destination_opening_hours_format	{0}: {1}-{2}
map/destination_reno_apartment	레노의 아파트
map/destination_tapped_payphone	도청된 공중전화
map/destination_tempo_office	템포의 사무실
map/destination_tram_east	에어로트램 정거장 (동)
map/destination_tram_west	에어로트램 정거장 (서)
map/destination_viewpoint_shift_bar	시점 전환 바
map/destination_yana	야나의 안가
map/destinations_label	목적지
map/district_label_housing_alley	파티 골목
map/district_label_housing_backways	뒷물길
map/district_label_housing_bazaar	해적판 바자르
map/district_label_housing_campaign	주택 캠페인
map/district_label_housing_docks	옛 부두
map/district_label_housing_roundabout	키사치 로터리
map/district_label_housing_shrine	전범 사당
map/district_label_housing_tract	피톨 지구
map/info_label_travel	야외에서만 이용할 수 있습니다.
map/interior_label_bkw_drArbes	휴고 박사의 진료소
map/interior_label_bkw_exoticPetShop	동물 구역
map/interior_label_bkw_foggedMirror	흐려진 거울
map/interior_label_bkw_ramsesBoat	람세스의 하우스보트
map/interior_label_bkw_shrineViewpoint	사당
map/interior_label_bkw_sleepStudy	꿈 연구
map/interior_label_bkw_yanasOffice	템포의 사무실
map/interior_label_old_cinema	낡은 영화관
map/interior_label_pra_alleway	골목
map/interior_label_pra_bagmans	배그맨 스튜디오
map/interior_label_pra_communistHQ	문화궁전
map/interior_label_pra_duchesss	더치스의 하우스보트
map/interior_label_pra_eztis	에스티의 아파트
map/interior_label_pra_gonzoClinic	곤자의 진료소
map/interior_label_pra_orp_interior	포토 24
map/interior_label_pra_safeHouse	안가
map/interior_label_pra_vacantApartment	빈 아파트
map/key_label_checks_item	{0} : <color=#{1}>{2}</color> [{3}]
map/key_label_checks	흰색 판정
map/key_label_phones	전화기
map/key_label_vending	자판기
map/location_label_bkw	뒷물길
map/location_label_bzr	해적판 바자르
map/location_label_cats	중앙 에어로트램 정거장
map/location_label_current	현재 위치
map/location_label_ens	동나즈
map/location_label_hsc	주택 캠페인
map/location_label_odk	옛 부두
map/location_label_pra	파티 골목
map/location_label_ptl	피톨 지구
map/location_label_rbt	키사치 로터리
map/location_label_sdh	불멸의 영웅 사당
map/location_label_unknown	알 수 없음
map/location_label_viewing	보는 중
notifications/button_destination	목적지 보기
notifications/button_district	지구 보기
notifications/button_dossier	도시에 열기
notifications/button_item	물품 보기
notifications/button_map	지도 열기
notifications/button_task	임무 보기
notifications/button_thought	생각 보기
notifications/description_checks_unlocked	모든 스킬
notifications/dissonance_status_effect_discription	{0} 위배
notifications/skill_point_format	{0}{1}
notifications/sleep_prompt	잠을 자면 압박이 줄어듭니다
notifications/title_check_unlocked	판정 해금
notifications/title_checks_unlocked	판정 해금
notifications/title_destination_discovered	목적지 발견
notifications/title_district_discovered	지구 발견
notifications/title_gain_effect	상태 효과 획득
notifications/title_gained_item	물품 획득
notifications/title_gained_sp	스킬 포인트 획득
notifications/title_limit_reached	압박 상승
notifications/title_limit_relieved	압박 완화
notifications/title_lose_effect	상태 효과 상실
notifications/title_lost_item	물품 상실
notifications/title_skill_downgraded	스킬 하락
notifications/title_task_cancelled	임무 취소
notifications/title_task_completed	임무 완료
notifications/title_task_new	새 임무
notifications/title_task_updated	임무 갱신
notifications/title_thought_discovered	생각 발견
notifications/title_thought_dissonant	생각 위배
notifications/title_thought_forgotten	생각 망각
notifications/title_thought_resurfaced	생각이 다시 떠오름
skillchecks/check_result_failure	실패
skillchecks/check_result_success	성공
skillchecks/description_red	다시 시도할 수 없습니다
skillchecks/description_white	다시 시도할 수 있습니다
skillchecks/dice_label_advantage	{0} 이상 굴리기\n높은 2개 기준
skillchecks/dice_label_disadvantage	{0} 이상 굴리기\n낮은 2개 기준
skillchecks/dice_label_regular	{0} 이상 굴리기
skillchecks/dice_label_roll	주사위 {0}개 굴리기
skillchecks/difficulty_10	절망 예상
skillchecks/difficulty_11	기적이 필요함
skillchecks/difficulty_1	성공 예정
skillchecks/difficulty_2	거의 식은 죽 먹기
skillchecks/difficulty_3	매우 유리
skillchecks/difficulty_4	어느 정도 안전
skillchecks/difficulty_5	아슬아슬함
skillchecks/difficulty_6	승산 높음
skillchecks/difficulty_7	승산 괜찮음
skillchecks/difficulty_8	희망은 남아 있음
skillchecks/difficulty_9	실패 유력
skillchecks/difficulty_locked_check	잠긴 판정
skillchecks/modal_modifiers_title	수정치
skillchecks/result_modal_label_bonuses	보너스
skillchecks/result_modal_label_dice	[{0}] 주사위 굴림
skillchecks/result_modal_label_locked	수정치를 얻거나, 스킬 레벨을 올리거나, 잠을 자면 이 판정이 해금됩니다.
skillchecks/result_modal_label_modifiers	[{0}] 수정치
skillchecks/result_modal_label_passives	패시브 판정 결과는 스킬 레벨 [{0}]+{1}로 정해집니다.
skillchecks/result_modal_label_rating	[{0}] 스킬 레벨
skillchecks/result_modal_label_roll	내 굴림
skillchecks/result_modal_label_target	목표
skillchecks/result_modal_label_total	결과
skillchecks/result_modal_label_type	판정 유형:
skillchecks/result_modal_label_vs	\
skillchecks/roll_type_critical_fail	항상 실패
skillchecks/roll_type_critical_success	항상 성공
skillchecks/skill_check_modifier_cannot_exert	전력을 다할 수 없습니다. {0} 상승.
skillchecks/skill_modal_auto_save_only_modifier_description	한 번만 기록 가능
skillchecks/skill_modal_difficulty_percentage	[{0}%]
skillchecks/skill_modal_disadvantage_modifier_description	상태 효과로 인한 불리함
skillchecks/skill_modal_dissonance_modifier_description_format	이 생각을 강화하여 위배가 발생했습니다: “{0}”
skillchecks/skill_modal_faculty_modifier_description_format	모든 {0} 스킬
skillchecks/skill_modal_level_up_block_modifier_description	{0}
skillchecks/skill_modal_modifier_value_format	[{0}]
skillchecks/skill_modal_no_exert_modifier_description	변형된 제한적 폭로
skillchecks/skill_modal_pressure_modifier_description_format	{0} 압박
skillchecks/skill_modal_time_bonus_modifier_description	그림자 군세
skillchecks/skill_modal_total_modifiers_format	 [{0}]
skillchecks/type_label_anti_passive	반패시브 판정
skillchecks/type_label_passive	패시브 판정
skillchecks/type_label_red	빨간 판정
skillchecks/type_label_white_locked	흰 판정 (잠김)
skillchecks/type_label_white	흰 판정
statuses/dossier_blocked_sleep	잠들 수 없음
statuses/dossier_conditioning_description	생각 숙고 시 추가 경험치
statuses/dossier_conditioning_name	경험치 {0}
statuses/dossier_counter_listener	“{0}” 선택지를 고를 때
statuses/dossier_disadvantage	{0} 판정에 불리함
statuses/dossier_dissonance_title	{0} 위배됨
statuses/dossier_faculty_with_value	{0} {1}
statuses/dossier_failure_check	판정 실패 시
statuses/dossier_item_gained	물품을 획득할 때
statuses/dossier_lasts_for	지속 시간:
statuses/dossier_lower_pressure	{0} 감소
statuses/dossier_multiple_dissonance	생각 {0}개가 현재 위배 상태입니다
statuses/dossier_no_exert	{0} 판정에서는 전력을 다할 수 없습니다.
statuses/dossier_npc_interaction	사람들과 대화할 때
statuses/dossier_pressure_with_value	{0} {1}
statuses/dossier_raise_pressure	{0} 증가
statuses/dossier_raise_xp	경험치 증가
statuses/dossier_restful_sleep_description	수면 중
statuses/dossier_restful_sleep	모든 압박 {0}% 감소
statuses/dossier_single_dissonance	생각 1개가 현재 위배 상태입니다
statuses/dossier_skill_with_value	{0} {1}
statuses/dossier_success_check	판정 성공 시
silhouette/alternativeNames_0	불길한 빨간 머리 여자
silhouette/alternativeNames_1	문지기
silhouette/alternativeNames_2	프레데리크의 관리관
silhouette/alternativeNames_3	부편집자
silhouette/alternativeNames_4	엠테르 심문관
silhouette/alternativeNames_5	실루엣
silhouette/alternativeNames_6	조이
silhouette/character_full_name	부편집자
basic_dress_shirt/character_full_name	기본 드레스 셔츠
basic_dress_shirt/fullDescription	구깃구깃하고, 여전히 *슬픈 의사*의 냄새가 배어 있다.
basic_dress_shirt.gearModifiers.skillModifiers[0]/description	의사의 영리함
basic_dress_shirt.gearModifiers.skillModifiers[1]/description	생각 먼저
basic_trousers/character_full_name	맞춤 다크 팬츠
basic_trousers/fullDescription	진지해 보일 만큼 타이트하되, 시선을 끌지 않게 몸에 맞춰 재단했다. 이걸 입으면 지역 정치판에서 꽤 굵직한 결정도 내릴 수 있을 것 같다.
basic_trousers.gearModifiers.personaModifiers[0]/description	고삐를 단단히.
basic_trousers.gearModifiers.skillModifiers[0]/description	직설 화법
basic_trousers.gearModifiers.skillModifiers[1]/description	공사 구분
black_gloves/character_full_name	우아한 검은 장갑
black_gloves/fullDescription	춘의 호 상류층이 즐겨 끼는 장갑. 지문과 법 위에 선 사람이 되어 보자. 비단의 침묵으로 존경을 얻어 낸다.
black_gloves.gearModifiers.skillModifiers[0]/description	군림하는 손가락
black_hat/character_full_name	검은 모자
black_hat/fullDescription	여름 별장과 합리적인 세금 허점을 떠올리게 하는 빳빳한 모자. '표면상'이라는 말을 써서 자기보다 못한 이들의 말허리를 끊는 남자에게 제격이다.
black_hat.gearModifiers.skillModifiers[0]/description	신사의 화술
black_hat.gearModifiers.skillModifiers[1]/description	평범한 이들 위에 선 자
black_jacket/character_full_name	검은 재킷
black_jacket/fullDescription	현실에서는 내세울 계급이 없을지 몰라도, 견장을 달면 언제나 *지휘하는* 기분이 든다.
black_jacket.gearModifiers.skillModifiers[0]/description	건전한 판단력
black_rim_glasses/character_full_name	검은 테 안경
black_rim_glasses/fullDescription	두꺼운 도수 렌즈의 돋보기 효과 아래에서 세상이 불룩하게 부풀어 보인다. 이 안경의 원래 주인인 노인은 살아 있는 한 안경 없이는 속수무책일 것이다.
black_rim_glasses.gearModifiers.skillModifiers[0]/description	노인의 지혜
black_rim_glasses.gearModifiers.skillModifiers[1]/description	기술엔 너무 늙음
black_sunglasses/character_full_name	검은 선글라스
black_sunglasses/fullDescription	세상을 향한 일방 거울. 이 안경을 쓰면 말수 적고 쿨하고 이름 없는 사람처럼 그냥 우두커니 서 있고 싶어진다. 아마 바지선 위에서.
black_sunglasses.gearModifiers.skillModifiers[0]/description	부두 쿨함
black_sunglasses.gearModifiers.skillModifiers[1]/description	사교적으로 불투명
blue_platforms/character_full_name	스플래시 장화
blue_platforms/fullDescription	포르토피로는 일 년의 절반쯤 비가 온다. 이런 장화는 어느 길모퉁이 가게에서나 살 수 있다. 다만 말라붙은 페인트 얼룩은 나중에 더해진 것이다.
blue_platforms.gearModifiers.skillModifiers[0]/description	미끄럼 방지 밑창
blue_platforms.gearModifiers.skillModifiers[1]/description	상상 속 세계
blue_platforms.gearModifiers.skillModifiers[2]/description	유치함
blue_rim_glasses/character_full_name	파란 테 선글라스
blue_rim_glasses/fullDescription	세상에는 충혈된 당신의 눈을 볼 권리가 없다. 멋지게 가려 버리자.
blue_rim_glasses.gearModifiers.skillModifiers[0]/description	신비로운 시선
blue_track_jacket/character_full_name	포르토피로 건달 재킷
blue_track_jacket/fullDescription	합성 섬유 50%, '혼방 직물' 50%. 달리기용 재킷이지만 벽돌 벽에 기대 미지근하고 도수 약한 병술을 홀짝이기에도 똑같이 알맞다.
blue_track_jacket.gearModifiers.skillModifiers[0]/description	길거리 짬밥
blue_track_jacket.gearModifiers.skillModifiers[1]/description	생각은 선택
brown_sweatpants/character_full_name	갈색 스웨트팬츠
brown_sweatpants/fullDescription	넉넉하게 헐렁하고 안감에 플리스를 덧대 한층 포근하다. 페인트 얼룩이 일부러 묻힌 건지, 이상하리만치 좌우 대칭인 사고의 흔적인지는 알 수 없다.
brown_sweatpants.gearModifiers.skillModifiers[0]/description	우리 편
brown_sweatpants.gearModifiers.skillModifiers[1]/description	나른한 기분
brownpaperbag/character_full_name	갈색 종이봉투
brownpaperbag/fullDescription	이 종이봉투의 직사각형 구멍 너머로 내다보는 눈은 누구의 것이든 광기의 빛을 번뜩인다.
brownpaperbag.gearModifiers.skillModifiers[0]/description	종이 껍질
brownpaperbagfeline/character_full_name	고양이 종이봉투
brownpaperbagfeline/fullDescription	음모론 TV 인사 부사령관 백맨의 트레이드마크 복장이자 유일한 신원 표지. 이제 고양이 수염까지 달아 *음흉하고 짓궂은* 분위기를 풍긴다.
brownpaperbagfeline.gearModifiers.skillModifiers[0]/description	수염 장식
brownpaperbagsmoking/character_full_name	담배 문 종이봉투
brownpaperbagsmoking/fullDescription	입을 수 있는 종이봉투. 이제 담배를 그려 넣어 *쿨하고 신비로운* 분위기를 풍긴다.
brownpaperbagsmoking.gearModifiers.skillModifiers[0]/description	연기 시험
buzzcut_wig/character_full_name	포식자 가죽 가발
buzzcut_wig/fullDescription	눈빛만으로 죽이고 싶은 이들을 위한 물건. 표범은 얼룩무늬를 바꿀 수 없지만 당신은 바꿀 수 있다. 접착제를 너무 많이 바르지만 않는다면.
buzzcut_wig.gearModifiers.skillModifiers[0]/description	사냥꾼의 표식
buzzcut_wig.gearModifiers.skillModifiers[1]/description	종이호랑이
carabinero_boots/character_full_name	카라비네로 무릎 부츠
carabinero_boots/fullDescription	이 묵직한 부츠의 밑창은 닳아 얇아졌지만, 쇠를 댄 굽은 여전히 튼튼해서 언제든 경고하듯 탁 부딪쳐 울릴 준비가 되어 있다. 안쪽에서는 희미하게 눅눅한 냄새가 난다.
carabinero_boots.gearModifiers.skillModifiers[0]/description	이 도시를 누볐다
carabinero_cloak/character_full_name	카라비네로 망토
carabinero_cloak/fullDescription	카라비네로 복장의 상징과도 같은 물건. 디자인은 다정한 네스토르가 승인했다고들 하는데, 그의 선거 운동에 등장했던 초승달 문양이 그 근거다.
carabinero_cloak.gearModifiers.skillModifiers[0]/description	순식간에 몸을 가림
carabinero_glasses/character_full_name	파일럿 선글라스
carabinero_glasses/fullDescription	규격품은 아니지만 어느 카라비네로가 유독 아끼던 선글라스로, 특히 숙취를 달랠 때 썼다. 쓰고 있으면 묘하게 초연해진다. 보기보다 무겁다.
carabinero_glasses.gearModifiers.skillModifiers[0]/description	색 입힌 렌즈
carabinero_glasses.gearModifiers.skillModifiers[1]/description	흐릿한 관점
carabinero_hat/character_full_name	카라비네로 모자
carabinero_hat/fullDescription	챙이 짧고 빳빳한, 부자연스러울 만큼 높이 얹히는 모자. 왼쪽의 움푹 팬 자국은 부주의하게 넘어진 탓일 수도, 몇 년간 열성적으로 경례한 탓일 수도 있다.
carabinero_hat.gearModifiers.skillModifiers[0]/description	높은 지위
carabinero_shirt/character_full_name	카라비네로 셔츠
carabinero_shirt/fullDescription	입은 사람의 목을 조르는 꽉 끼는 셔츠. 카라비네로들이 악명 높게 까칠한 이유가 이걸지도 모른다. 웬일인지 담배 냄새가 난다.
carabinero_shirt.gearModifiers.skillModifiers[0]/description	형사의 사고방식
carabinero_trousers/character_full_name	카라비네로 바지
carabinero_trousers/fullDescription	권위를 상징하는 칙칙한 호박색 줄무늬가 들어간 이 바지는 포르토피로 전역에서 알려져 있고 두려움의 대상이다. 벨트 포함.
carabinero_trousers.gearModifiers.skillModifiers[0]/description	순찰 경로
carabinerogloves/character_full_name	카라비네로 장갑
carabinerogloves/fullDescription	검은 송아지 가죽으로, 당신보다 손이 약간 더 넓은 사람에게 맞춰 만들었다. 증거물을 함부로 만지고 싶은 충동이 든다.
carabinerogloves.gearModifiers.skillModifiers[0]/description	범죄 잡는 도구
colourbloc_jacket/character_full_name	컬러블록 재킷
colourbloc_jacket/fullDescription	전위적이라는 말이 나오기 직전의 안전선에 머문, 멋스러운 블레이저. 천은 보기보다 두껍고 뻣뻣하다.
colourbloc_jacket.gearModifiers.personaModifiers[0]/description	색채 통제.
colourbloc_jacket.gearModifiers.skillModifiers[0]/description	누덕누덕한 기억
colourbloc_jacket.gearModifiers.skillModifiers[1]/description	여기선 안전해
colourbloc_jacket.gearModifiers.skillModifiers[2]/description	옥죄는 느낌
cool_gloves/character_full_name	쿨한 십대 장갑
cool_gloves/fullDescription	반짝이는 손톱과 손 문신을 뽐내려고 일부러 손가락을 터 놓았다. 따뜻함은 눈곱만큼도 없다.
cool_gloves.gearModifiers.skillModifiers[0]/description	청춘의 욕망이 담긴 성배
cool_gloves.gearModifiers.skillModifiers[1]/description	바싹 마른 할머니 손
cowboy_boots/character_full_name	바케로 부츠
cowboy_boots/fullDescription	한때는 고된 노동에 쓰였지만, 이제는 으스대며 걷는 용도로 새 삶을 얻어 '어젯밤 일은 미안' 하던 숱한 밤의 주연이 되었다. 겪은 일이 많은 부츠다. 그중 일부는 기억해 두자.
cowboy_boots.gearModifiers.skillModifiers[0]/description	네온의 밤
fur_coat/character_full_name	인조 모피 코트
fur_coat/fullDescription	파티광의 플라스틱 털가죽을 두르면 그 모습을 본뜰 수 있다. 몸을 비틀고, 씩 웃고, 얼굴을 찡그리고. 이 코트를 입은 채 죽는다면 영원히 살게 될 것이다.
fur_coat.gearModifiers.personaModifiers[0]/description	코카인 미학.
fur_coat.gearModifiers.skillModifiers[0]/description	규칙 제정자
fur_coat.gearModifiers.skillModifiers[1]/description	디바의 무대 울렁증
handlebar_moustache/character_full_name	미스터 아르티스타 헤어 세트
handlebar_moustache/fullDescription	원래는 수상쩍은 거리의 화가 '블랙포인트'의 모습을 흉내 내려고 만든 것이다. 전 세계 분장 상자의 단골 품목.
handlebar_moustache.gearModifiers.skillModifiers[0]/description	흉내 내기
handlebar_moustache.gearModifiers.skillModifiers[1]/description	갱(gäng)이 아님
harlequin_shoes/character_full_name	할리퀸 슈즈
harlequin_shoes/fullDescription	경쾌한 걸음을 위한 체크무늬 구두. 뻣뻣한 가죽 탓에 효과가 조금 줄어든다.
harlequin_shoes.gearModifiers.personaModifiers[0]/description	기만적 균형.
harlequin_shoes.gearModifiers.skillModifiers[0]/description	곧은 자세
harlequin_shoes.gearModifiers.skillModifiers[1]/description	길들지 않음
headphones/character_full_name	중고 헤드폰
headphones/fullDescription	무력해진 도플갱어의 머리에서 벗겨 낸 것. 쿠션은 푹신하지만 머리띠 부분이 약간 기름지다.
headphones.gearModifiers.skillModifiers[0]/description	증강인간
headphones.gearModifiers.skillModifiers[1]/description	노이즈 캔슬링
hershel_raincoat/character_full_name	보스타토크 혼방 코트
hershel_raincoat/fullDescription	보스타토크의 전통 방수 외투로, 몇 달씩 이어지는 이 도시의 폭우에 맞춰 지었다. 날씨에 따라 불투명도가 변한다. 한때 위성 시설 B에서 유령이 나온다는 소문을 낳기도 했다.
hershel_raincoat.gearModifiers.skillModifiers[0]/description	아른거리는 고운 망사
hershel_shoes/character_full_name	흰자위 로퍼
hershel_shoes/fullDescription	독특한 안구 모양 버클이 달린 갈색 로퍼로, 오랜 친구가 선물했다. 어디에나 눈이 있다는 일깨움일지도 모른다.
hershel_shoes.gearModifiers.skillModifiers[0]/description	색다른 시각
hershel_shoes.gearModifiers.skillModifiers[1]/description	탐정 구두
hershel_tank/character_full_name	은빛 민소매
hershel_tank/fullDescription	목은 가리고 팔뚝은 드러냈다. 노베사의 어두운 옷장에는 똑같은 서른 벌이 개켜져 있다.
hershel_tank.gearModifiers.skillModifiers[0]/description	알통 자랑
hershel_tank.gearModifiers.skillModifiers[1]/description	이국의 광택
hershel_trousers/character_full_name	핀스트라이프 바지
hershel_trousers/fullDescription	분별 있는 일자 핏에 허리는 꽉 조여, 관료적 불편함을 딱 알맞게 선사한다.
hershel_trousers.gearModifiers.skillModifiers[0]/description	동료 승인
highgripgloves/character_full_name	고그립 장갑
highgripgloves/fullDescription	안쪽의 거친 패드가 마찰을 어찌나 많이 만들어 내는지, 뭐든 거의 달라붙을 정도다.
highgripgloves.gearModifiers.skillModifiers[0]/description	현실 감각
highgripgloves.gearModifiers.skillModifiers[1]/description	안정된 손
highgripgloves.gearModifiers.skillModifiers[2]/description	손끝 감각 없음
kimono_robe/character_full_name	기모노 가운
kimono_robe/fullDescription	기름막처럼 번들거리는 새틴에 요란하고 '이국적'인 무늬를 수놓았다. 수상쩍은 투자 계획을 팔러 나선 라운지 한량의 단골 복장이다.
kimono_robe.gearModifiers.skillModifiers[0]/description	사뿐한 걸음
kimono_robe.gearModifiers.skillModifiers[1]/description	나른하게 불성실함
knee_highs/character_full_name	니하이 양말과 축구화
knee_highs/fullDescription	스터드가 두 발을 단단히 붙들어 준다. 세상이 곧 경기장이다. 허벅지를 스치는 바람만 무시하면 된다.
knee_highs.gearModifiers.skillModifiers[0]/description	증류한 유산소
knee_highs.gearModifiers.skillModifiers[1]/description	민망함
leather_trousers/character_full_name	가죽 바지
leather_trousers/fullDescription	얇은 가죽 바지가 어찌나 착 붙는지 입었다는 느낌도 거의 없다. 도시가 그 위로 날것 그대로, 전류처럼 미끄러져 지나간다.
leather_trousers.gearModifiers.skillModifiers[0]/description	정신적 제2의 피부
leathervest/character_full_name	가죽 조끼
long_black_skirt/character_full_name	어둠의 맥시 스커트
long_black_skirt/fullDescription	군더더기 없는 발목 길이 치마로, 밤처럼 어둡다. 안에 허벅지 권총집을 두 개 차도 세상은 눈치채지 못할 것이다.
long_black_skirt.gearModifiers.skillModifiers[0]/description	신비로운 공감자
long_black_skirt.gearModifiers.skillModifiers[1]/description	영적인 접근
long_leather_boots/character_full_name	기수 부츠
long_leather_boots/fullDescription	반짝반짝. 부드러운 가죽에서 오래된 구두약과 땀 냄새가 희미하게 난다.
long_leather_boots.gearModifiers.skillModifiers[0]/description	힘찬 걸음
long_leather_boots.gearModifiers.skillModifiers[1]/description	단열 양호
mascot_head/character_full_name	마스코트 탈
mascot_head/fullDescription	아기 두부 씨, 레크레아시온의 사랑스러운 마스코트다. 귀여움 지수는 전 연령대와 모든 문화권에서 높게 나왔다. 라벨에는 '일드쇠제 제조'라고 적혀 있다.
mascot_head.gearModifiers.skillModifiers[0]/description	운동선수의 뮤즈
mascot_head.gearModifiers.skillModifiers[1]/description	먹먹한 세상
mascot_head.gearModifiers.skillModifiers[2]/description	제한된 시야
mesh_bodysuit/character_full_name	망사 보디수트
mesh_bodysuit/fullDescription	피부를 흉내 낸 옷. 노출은 피하면서, 숨길 것이 없다고 모두를 설득하기도 한다.
mesh_bodysuit.gearModifiers.skillModifiers[0]/description	반투명한 매력
mesh_bodysuit.gearModifiers.skillModifiers[1]/description	무방비
neck_brace/character_full_name	목 보호대
neck_brace/fullDescription	머리를 똑바로 세워 준다. 병원 냄새가 우울하게 풍긴다.
neck_brace.gearModifiers.skillModifiers[0]/description	추가 머리 지지
neck_brace.gearModifiers.skillModifiers[1]/description	혈류 저하
neck_dummy_necklace/character_full_name	영원히 단죄된 목걸이
neck_dummy_necklace/fullDescription	기발한 아웃사이더 아트일 수도, 피할 수 없는 자신의 무력함을 일깨우는 섬뜩한 상기물일 수도 있다.
neck_dummy_necklace.gearModifiers.skillModifiers[0]/description	다시 아기로
neck_fur_shawl/character_full_name	야생 숄
neck_fur_shawl/fullDescription	로터리를 고속으로 빠져나오다 희생된 녀석으로, 툭툭 범퍼에서 건져 냈다. 냄새는 괜찮다.
neck_fur_shawl.gearModifiers.skillModifiers[0]/description	동물적 안락
neck_jabot/character_full_name	자보
neck_jabot/fullDescription	지나간 시대의 얌전한 프릴을 그리워하는 이들을 위한 단독 목 장식. 우아함을 얻고, 편안함을 내준다.
neck_jabot.gearModifiers.skillModifiers[0]/description	프루프루
neck_jabot.gearModifiers.skillModifiers[1]/description	전근대적
neck_shrimp/character_full_name	기념품 새우
neck_shrimp/fullDescription	이 도시에서 새우를 많이 먹는다고 새우가 되지는 않지만, 이 특대 사이즈에 극사실적이고 묘하게 사랑스러운 기념품은 받게 된다.
neck_shrimp.gearModifiers.skillModifiers[0]/description	군체 생물
neck_silk_scarf/character_full_name	우주 달빛 스카프
neck_silk_scarf/fullDescription	네스토리스모의 자부심으로 몸을 치장하자. 통기성 좋은 실크를 현지에서 먹물로 염색해, 외계 행성에 달이 떠오르는 꿈을 불러일으킨다.
neck_silk_scarf.gearModifiers.skillModifiers[0]/description	몹시 역사적
neck_silk_scarf.gearModifiers.skillModifiers[1]/description	해체된 당
neck_womtrams_merch/character_full_name	웜트램 목베개
neck_womtrams_merch/fullDescription	회사의 에어로트램을 가장 아늑한 이동 수단으로 새로 포장하려는 노력의 일환이다. 그 뒤로 툭툭에 치여 죽은 웜뱃의 수는 세 배로 늘었다.
neck_womtrams_merch.gearModifiers.skillModifiers[0]/description	마스코트 연대감
neck_womtrams_merch.gearModifiers.skillModifiers[1]/description	피식자
nestor_shirt/character_full_name	네스토르 티셔츠
nestor_shirt/fullDescription	'다정한 네스토르'가 갓난 시절의 자신을 포근히 안고 있는 프린트. 독재자의 첫 망명 중에 공개된 64년 뮤직비디오 '셈프레 네스토리스모'의 한 장면이다.
nestor_shirt.gearModifiers.skillModifiers[0]/description	인민의 아버지
newspaper_hat/character_full_name	신문지 모자
newspaper_hat/fullDescription	어제의 헤드라인, 오늘의 모자. 썩어 가는 해초와 인쇄 잉크 냄새가 어렴풋이 난다.
newspaper_hat.gearModifiers.skillModifiers[0]/description	대형 신문식 사고
newspaper_hat.gearModifiers.skillModifiers[1]/description	외부 선전
ombre_harness/character_full_name	가죽 하네스
ombre_harness/fullDescription	정교하게 만든 페티시 장비. 쥐기 쉽고, 거칠게 잡아당겨도 끊어지지 않는다. 세척 권장.
ombre_harness.gearModifiers.skillModifiers[0]/description	짐승 가죽
ombre_harness.gearModifiers.skillModifiers[1]/description	꽁꽁 묶임
party_wig/character_full_name	파티 가발
party_wig/fullDescription	시선을 요구한다. 춤사위와, 흩날려 남긴 분홍색 인조 머리카락으로 사람들의 기억에 남는다.
party_wig/shortDescription	파티 가발
party_wig.gearModifiers.personaModifiers[0]/description	무대 조명에 탈색됨.
party_wig.gearModifiers.skillModifiers[0]/description	대화의 물꼬
party_wig.gearModifiers.skillModifiers[1]/description	전혀 은근하지 않음
pelota_hat/character_full_name	펠로타 모자
pelota_hat/fullDescription	머리를 거대한 펠로타 공처럼 보이게 만든다. 달린 땋은 머리는 레크레아시온의 스트라이커 발데마르 오초에게 바치는 헌사다.
pelota_hat.gearModifiers.skillModifiers[0]/description	팬 심리
pelota_hat.gearModifiers.skillModifiers[1]/description	술에 절은 기억
pelota_jumper/character_full_name	펠로타 저지
pelota_jumper/fullDescription	키사치 PC 96년도 공식 저지. 96년 선수단은 길거리에서 단련된 전술로 유명했다. 스트라이커 체베 그리발하는 거의 치명적인 반칙으로 이름을 날렸고, 프랑크 에레로(레프트 윙)는 아픈 척하는 연기를 예술의 경지로 끌어올렸다.
pelota_jumper.gearModifiers.skillModifiers[0]/description	홈팀의 자부심
pelota_shorts/character_full_name	펠로타 반바지
pelota_shorts/fullDescription	역동적이고 통풍이 잘되며 허벅지 쪽이 트여 있다. 팀 컬러와 대퇴사두근을 한껏 뽐낼 수 있다.
pelota_shorts.gearModifiers.skillModifiers[0]/description	충격에 대비한 자세
pelota_shorts.gearModifiers.skillModifiers[1]/description	공과 하나가 된
pelota_visor/character_full_name	키사치 펠로타 클럽 바이저
pelota_visor/fullDescription	눈에 확 띄는 충성심의 표현으로, 키사치 PC의 마스코트인 누에나방을 닮았다. 눈 모양은 깜빡이지 않는 시선으로 포르토피로 사람들 사이에서 전설이 된 주앙 '엘 워치맨' 가제이루에게 경의를 표한다.
pelota_visor.gearModifiers.skillModifiers[0]/description	공에서 눈을 떼지 않는다
pelota_visor.gearModifiers.skillModifiers[1]/description	경기장에 푹 빠진 머리
pencil_skirt/character_full_name	펜슬 스커트
pencil_skirt/fullDescription	구김 없는 합성 혼방 소재로 만들었다. 실용적이고 위압적이며, 공항과 이사회실 사이를 질주하는 여성의 걸음걸이에도 버티도록 보강했다.
pencil_skirt.gearModifiers.skillModifiers[0]/description	엄격한 권위
pencil_skirt.gearModifiers.skillModifiers[1]/description	안테나 다리
pencil_skirt.gearModifiers.skillModifiers[2]/description	서류 뒤적이는 사람
pink_skirt/character_full_name	분홍 미니스커트
pink_skirt/fullDescription	아고라 미노르에서 대량 생산했다. 지금은 쿨하지만, 1년 뒤면 매립지가 이 옷으로 가득 찰 것이다.
pink_skirt.gearModifiers.skillModifiers[0]/description	인싸의 영감
pink_skirt.gearModifiers.skillModifiers[1]/description	이중 노출
pink_sunnies/character_full_name	분홍 동그란 선글라스
pink_sunnies/fullDescription	흔히 말하는 '장밋빛 안경'으로, 영원히 사탕 빛깔인 세상을 내다보게 해 준다.
pink_sunnies.gearModifiers.skillModifiers[0]/description	장밋빛 시야
pink_sunnies.gearModifiers.skillModifiers[1]/description	앞서가는 생각
priest_glasses/character_full_name	별 숭배자 안경
priest_glasses/fullDescription	이 안경으로 하늘을 올려다보면 93개 별자리의 이름을 전부 기억해 낼 수 있을 것만 같다.
priest_glasses.gearModifiers.skillModifiers[0]/description	보편사
priest_glasses.gearModifiers.skillModifiers[1]/description	너머를 응시
priest_kimono/character_full_name	사제의 패치워크 기모노
priest_kimono/fullDescription	재단사가 재현한 네스토리스모 이전의 제의. 손으로 염색한 비단 조각을 완벽하게 배열해, 별을 숭배하던 옛 찬가의 불협화음 구조를 떠올리게 한다.
priest_kimono.gearModifiers.skillModifiers[0]/description	도시의 역사
priest_kimono.gearModifiers.skillModifiers[1]/description	흐르는 경이
priest_kimono.gearModifiers.skillModifiers[2]/description	그리드 밖
priest_skirt/character_full_name	사제 스커트
priest_skirt/fullDescription	성직자의 랩을 현대적으로 재해석한 옷. 헌신을 상징하던 이 전통적 상징물이 세속의 기대에 도전하도록 용도가 바뀌었다.
priest_skirt.gearModifiers.skillModifiers[0]/description	더 높은 힘
puffy_sleeve_shirt/character_full_name	퍼프 소매 셔츠
puffy_sleeve_shirt/fullDescription	예술적이다. 중성적이다. 해적 느낌이 살짝 감돈다.
puffy_sleeve_shirt.gearModifiers.personaModifiers[0]/description	부풀린 이미지.
puffy_sleeve_shirt.gearModifiers.skillModifiers[0]/description	아른한 안무
purple_collared_shirt/character_full_name	보라색 칼라 셔츠
purple_collared_shirt/fullDescription	켈프 숲 무늬가 들어간 헐렁한 실크. 칼라에 달린 메달리온 안에서 무언가 달그락거린다.
purple_collared_shirt.gearModifiers.skillModifiers[0]/description	비단결 파장
purple_collared_shirt.gearModifiers.skillModifiers[1]/description	비밀을 간직한 채
sandals/character_full_name	삼베 샌들
sandals/fullDescription	미르체아의 수도사들은 보편적 고통의 샘에 닿기 위해 거친 털옷을 입곤 했다. 이 샌들도 비슷한 원리로 작동한다.
sandals.gearModifiers.skillModifiers[0]/description	땅에 닿은 영혼
sandals.gearModifiers.skillModifiers[1]/description	드러난 발가락
shaggy_hair_beard/character_full_name	덥수룩한 가발과 가짜 수염
shaggy_hair_beard/fullDescription	지혜와 거친 남성성을 연상시키려는 물건이다. 가까이서 보면 박제한 고양이를 닮았다는 인상을 떨치기 어렵다. 사람 머리카락으로 만들었다.
shaggy_hair_beard.gearModifiers.skillModifiers[0]/description	성별을 넘나드는 통찰
shaggy_hair_beard.gearModifiers.skillModifiers[1]/description	버린 과거
soft_cap/character_full_name	우주선 전문가 모자
soft_cap/fullDescription	한때 잠결에도 재진입 벡터를 계산해 내던 기술자들이 쓰던 소프트셸 구조의 유물. 짧아진 챙이 낡은 단말기의 눈부심을 누그러뜨린다.
soft_cap.gearModifiers.skillModifiers[0]/description	공간 인식
soft_cap.gearModifiers.skillModifiers[1]/description	기술적 문자주의
space_jacket/character_full_name	아우토노미아 계획 우주 재킷
space_jacket/fullDescription	군복풍 시크가 궤도의 꿈과 만났다. 76년 아우토노미아 계획 대원들을 위해 맞춘 이 상징적인 옷은 타협 없는 보온성에 존경심을 불러일으키는 실루엣을 겸비했다.
space_jacket.gearModifiers.skillModifiers[0]/description	우주와의 연결
space_jacket.gearModifiers.skillModifiers[1]/description	차가운 권위
space_shirt/character_full_name	울트라 비올레타 티셔츠
space_shirt/fullDescription	굿즈, 곧 충성 선언이다. 누구나 울트라 비올레타를 좋아한다고 *말*하지만, 진짜 팬만이 그녀의 얼굴을 온몸에 도배하고 다닌다.
space_shirt.gearModifiers.skillModifiers[0]/description	천상의 뮤즈
space_shirt.gearModifiers.skillModifiers[1]/description	팬들의 무리
space_shoes/character_full_name	버블 스니커즈
space_shoes/fullDescription	베르타9 짝퉁. 루스 사람들은 러닝화를 완성했고, 포르토피로 사람들은 그 모조품을 완성했다.
space_shoes.gearModifiers.skillModifiers[0]/description	거품 우주
space_shoes.gearModifiers.skillModifiers[1]/description	쉽게 펑
space_track_bottoms/character_full_name	우주 계획 추모 바지
space_track_bottoms/fullDescription	76년에 만들어졌다. 불운했던 77년 발사 이전의 물건이다. 1년도 채 안 되게 유행하다가, 반어적으로만 입히는 운명에 내맡겨졌다.
space_track_bottoms.gearModifiers.skillModifiers[0]/description	트랙 준비 완료
space_trousers/character_full_name	사크로포브 무중력 바지
space_trousers/fullDescription	신축 방지 직조에 미니멀리즘 럭셔리를 더했다. 우주 장교에게 완벽하게 맞는 바지다. 디자인이 부드러운 곡선을 억누르는데, 누군가 이걸 두고 간 이유도 아마 그래서일 것이다. 라 루스 제작.
space_trousers.gearModifiers.skillModifiers[0]/description	새로운 과학
spiked_choker/character_full_name	스파이크 초커
spiked_choker/fullDescription	'가까이 오지 마'라고 말한다. 취향이라면 '더 가까이 와'라고도.
spiked_choker.gearModifiers.skillModifiers[0]/description	타고난 방어
spiked_choker.gearModifiers.skillModifiers[1]/description	깊이 위협적인
spiked_cuffs/character_full_name	스파이크 커프스
spiked_cuffs/fullDescription	철제 스터드와 갈라진 가죽은 옴브레 옴브레의 양심만큼이나 무겁다. 빗속의 독백, 뒷골목 정의 구현에 어울리고 그 밖에는 별로 쓸모가 없다.
spiked_cuffs.gearModifiers.skillModifiers[0]/description	뾰족한 억지력
spiked_cuffs.gearModifiers.skillModifiers[1]/description	음침한 자세 잡기
strappy_boots/character_full_name	끈 달린 부츠
strappy_boots/fullDescription	가죽에는 단순한 규칙이 있다. 끈이 많을수록 좋다. 그 끈이 실제로 아무 기능이 없다면 더 좋다.
strappy_boots.gearModifiers.skillModifiers[0]/description	목적을 찾는 중
striped_shirt/character_full_name	빈티지 가공 셔츠
striped_shirt/fullDescription	때로는 씻지 않은 대중 속에 섞여 드는 것이 중요하다. 오래 입은 듯 보이게 만든 줄무늬 셔츠는 세상 물정을 전혀 모르는 사람이 그렇게 하는 방법이다.
striped_shirt.gearModifiers.skillModifiers[0]/description	거짓말로 짠
striped_shirt.gearModifiers.skillModifiers[1]/description	사업상 용건뿐
tabi_boots/character_full_name	타비 부츠
tabi_boots/fullDescription	전술적 분열을 강요하는 초록색 부츠. 엄지발가락은 물건을 쥘 수 있는 정찰병이 되어, 나머지 작은 형제들에게 지형 변화를 경고한다. 보너스: *엄청나게* 편하다.
tabi_boots.gearModifiers.skillModifiers[0]/description	발가락이 이끄는 검토
tabi_boots.gearModifiers.skillModifiers[1]/description	미지의 지형
track_top/character_full_name	우주 계획 트레이닝 상의
track_top/fullDescription	불덩이처럼 밝은 새빨간 폴리에스터. 가슴 위에는 77년 우주 임무의 로고가 있다. 밑단의 파란 별들은 차갑고 묘하게 불길하게 느껴진다.
track_top.gearModifiers.skillModifiers[0]/description	향수의 상징
twinkle_lights/character_full_name	반짝이 전구
twinkle_lights/fullDescription	반짝반짝, 아가야. 명절 때 지붕 처마 홈통처럼 온몸을 치장해 보자.
twinkle_lights/shortDescription	명절 조명 목걸이
twinkle_lights.gearModifiers.personaModifiers[0]/description	천사 가루 세례.
twinkle_lights.gearModifiers.skillModifiers[0]/description	환하게 밝은 주변
twinkle_lights.gearModifiers.skillModifiers[1]/description	먼 어둠
two_strap_sandals/character_full_name	투스트랩 샌들
two_strap_sandals/fullDescription	도시 신비주의자를 위한 감각의 역설. 진동 전도 밑창 덕에 도시를 *느낄* 수 있지만, 끊임없이 울리는 달칵 소리가 본인과 주변 사람 모두의 주의를 흩뜨린다.
two_strap_sandals.gearModifiers.skillModifiers[0]/description	사려 깊은 걸음걸이
two_strap_sandals.gearModifiers.skillModifiers[1]/description	도시의 주파수
two_strap_sandals.gearModifiers.skillModifiers[2]/description	찰싹거리는 발소리
ufo_glasses/character_full_name	성간 안경
ufo_glasses/fullDescription	불룩한 렌즈가 착용자에게 영토 밖의 통찰을 약속하며, 세상을 한층 기이한 영향력 쪽으로 기울인다.
ufo_glasses.gearModifiers.skillModifiers[0]/description	진정한 신자
ufo_glasses.gearModifiers.skillModifiers[1]/description	한층 높은 집중
ushanka_hat/character_full_name	우샨카 모자
ushanka_hat/fullDescription	인조 모피와 양모로 만든 거친 왕관으로, 귀덮개가 달려 있다. 영하의 운동선수에게 더없이 어울리는 깃털 장식이며, 전통적으로 라벤디 인민공화국의 영구동토대 러너들이 쓴다.
ushanka_hat.gearModifiers.skillModifiers[0]/description	공기역학적 귀덮개
ushanka_hat.gearModifiers.skillModifiers[1]/description	먹먹한 세상
uv_wig/character_full_name	문글로우 시대 가발
uv_wig/fullDescription	어깨 위로는 울트라 비올레타와 똑같아질 수 있다. 천상의 목소리는 포함되어 있지 않다.
uv_wig.gearModifiers.skillModifiers[0]/description	표현의 우주
velvet_jumpsuit/character_full_name	벨벳 점프수트
velvet_jumpsuit/fullDescription	발목부터 가슴까지 낱낱의 미세한 올이 이룬 따뜻한 층으로 덮여 있다. 입고 있으면 어딘가 거대하고 보드라운 생물에게 핥이는 듯한 느낌이 어렴풋이 든다.
velvet_jumpsuit.gearModifiers.skillModifiers[0]/description	도시의 선언
velvet_jumpsuit.gearModifiers.skillModifiers[1]/description	정적 데이터 지우개
white_sneakers/character_full_name	깃털처럼 하얀 운동화
white_sneakers/fullDescription	온종일 서서 일하는 이들이 가장 가벼운 걸음을 내딛도록 쿠션을 댔다. 이 흰색은 잠재 고객을 대하는 인내심만큼만 유지된다.
white_sneakers.gearModifiers.skillModifiers[0]/description	요정의 걸음
white_sneakers.gearModifiers.skillModifiers[1]/description	영업 화법
wiener_boot/character_full_name	림파도르 장화
wiener_boot/fullDescription	고무를 입힌 허벅지 높이의 보호 장비로, 포르토피로 청소반의 표준품이다. 고무는 화학물질과 염료 유출물에 얼룩져 있다.
wiener_boot.gearModifiers.skillModifiers[0]/description	얼룩진 기억
wiener_boot.gearModifiers.skillModifiers[1]/description	억눌린 신호
wiener_gloves/character_full_name	림파도르 장갑
wiener_gloves/fullDescription	두툼한 고무 벙어리장갑은 보호를 위해 만들었지 손재주를 위해 만든 게 아니다. 안에서 손가락을 꿈틀댈 때마다 재질이 끽끽 소리를 낸다.
wiener_gloves.gearModifiers.skillModifiers[0]/description	손대지 않은 권위
wiener_gloves.gearModifiers.skillModifiers[1]/description	손가락: 실종
wiener_helmet/character_full_name	림파도르 후드
wiener_helmet/fullDescription	두꺼운 고무와 단단한 플라스틱 가림판이 머리를 가두는 밀폐된 우리를 완성한다. 안에서는 자기 숨소리가 섬뜩하게 증폭되어 들린다.
wiener_helmet.gearModifiers.skillModifiers[0]/description	생각할 공간
wiener_helmet.gearModifiers.skillModifiers[1]/description	SF 기분
wiener_helmet.gearModifiers.skillModifiers[2]/description	제한된 시야
wiener_pants/character_full_name	림파도르 바지
wiener_pants/fullDescription	튼튼한 고무를 펄럭이는 실루엣으로 재단했다. 역병 같은 *하수구 코어* 미학 덕에 크러스트 펑크와 플레이그 메탈 팬들 사이에서 인기를 끌었다.
wiener_pants.gearModifiers.skillModifiers[0]/description	첨단 디자인
wiener_pants.gearModifiers.skillModifiers[1]/description	끽끽대는 천
wiener_suit/character_full_name	림파도르 슈트
wiener_suit/fullDescription	반유연성 갑옷으로, 착용자를 악취와 유독 화학물질, 그 밖의 온갖 생물학적 위험으로부터 격리하도록 만들었다.
wiener_suit.gearModifiers.skillModifiers[0]/description	내장 보호됨
wiener_suit.gearModifiers.skillModifiers[1]/description	눈에 확 띔
yellow_sunglasses/character_full_name	노란 선글라스
yellow_sunglasses/fullDescription	대모 무늬 테에 노란 렌즈. 지나간 시대의 고전이다.
yellow_sunglasses.gearModifiers.skillModifiers[0]/description	흡족한 이마
yellow_sunglasses.gearModifiers.skillModifiers[1]/description	입자 편광
cognitive_enhancers/character_full_name	부사령관 승천 팩
cognitive_enhancers/fullDescription	당신이 누려 마땅한 정신 가속제. 경고 라벨 없음. 부작용: 그들이 알리고 싶어 하지 않는 것뿐.
cosmonaut_rations/character_full_name	동결건조 우주비행사 식량
cosmonaut_rations/fullDescription	실험실에서 설계한 필수 영양소와 단백질의 칵테일. 우주 공간에서 수년을 버티도록 만든 것이니 *이론상*으로는 아직 먹을 만하다.
dodgy_coke/character_full_name	포켓 코카인
dodgy_coke/fullDescription	작고 바스락거리는 야망 한 봉지. 잠들기 전에는 권하지 않는다.
ecstasy/character_full_name	엑스터시
ecstasy/fullDescription	강력한 공감 유발제로, 전통적으로 레이브에서 사람들에게 사랑한다고 말할 때 쓴다. 아마 스피드와 아기용 설사약을 섞어 작은 곰 모양으로 찍어냈을 것이다.
ether_rag/character_full_name	에테르 병
ether_rag/fullDescription	몸과 마음을 모두 달래 주는 화학적 넥타. 예로부터 깨어 있는 세계와 끝없이 흐릿한 어떤 '저편' 사이의 틈을 잇기 위해 들이마셔 왔다.
gonza_viagra/character_full_name	안티-LASS 의료용 스탬프
gonza_viagra/fullDescription	스탬프 형태의 리비도 재활성제. 곤자 박사가 직접 만든 처방이다.
melatonin/character_full_name	멜라토닌
melatonin/fullDescription	시끄러운 뇌를 위한 자장가로, 죄책감이 가장 깊은 양심도 한결 잘 자도록 도울 수 있다. 가끔 기괴한 악몽이 부작용으로 나타난다.
melatonin/shortDescription	수면의 질을 높여 주는 약.
moderate_alcohol_1/character_full_name	비슈냐표 슈냅스
moderate_alcohol_1/fullDescription	아몬드 반죽에 싼 벽돌처럼 때려 오는 포르토피로산 체리 슈냅스. 과거가 감당할 만하게 느껴지도록 해 준다.
moderate_alcohol_1/shortDescription	[포르토피로 리큐어]
moderate_coffee_1/character_full_name	헤파 레드 & 블랙 블렌드
moderate_coffee_1/fullDescription	까다로운 카페인 중독자를 위한 프리미엄 캔커피. 목 넘김이 부드럽다.
moderate_nicotine_1/character_full_name	스터디 포니
moderate_nicotine_1/fullDescription	포르토피로 담배. 톱밥 맛에 접착제 같은 어지럼증이 온다. 한결같이 형편없지만, 한결같다.
neurathin/character_full_name	뉴라틴
neurathin/fullDescription	정식 제품처럼 보이는 블리스터 포장 약. 캡슐마다 든 가루의 양이 조금씩 고르지 않은 듯하다.
pascal_candy/character_full_name	비슈냐 하드 구미
pascal_candy/fullDescription	포르토피로가 가장 아끼는 체리 비슷한 리큐어를 무알코올 씹는 형태로 만들었다. 마음은 느긋하게, 턱은 부지런하게 만들어 준다고 보장한다.
predaxyl/character_full_name	프레닥실
predaxyl/fullDescription	배스솔트와 아나볼릭 스테로이드를 살짝. '당신'이라는 게 자꾸 방해만 되니까.
strong_alcohol_1/character_full_name	샤드 메스칼
strong_alcohol_1/fullDescription	세 가지 다른 아가베 품종으로 증류한 훈연 향 독주. 스트레이트로 마시는 게 제일 좋다.
strong_coffee_1/character_full_name	카미사도 울트라 스위트
strong_coffee_1/fullDescription	작은 폭동 하나쯤은 일으킬 만큼 달고 진하다. 라 루스에서 밀수된 물건으로, 포르토피로에서는 엄밀히 불법이니 눈에 띄지 않게 홀짝일 것.
strong_nicotine_1/character_full_name	우로보로스 블랙
strong_nicotine_1/fullDescription	루스산 담배. 타르가 진하다. 코를 찌르는 뻔뻔한 냄새가 영원히 템포를 떠올리게 할 것이다.
tiny_strong_alcohol_1/character_full_name	비슈냐 슈냅스 '온 투어'
tiny_strong_alcohol_1/fullDescription	알코올 도수가 높아 아주 작은 병으로 파는 초고농축 슈냅스. 엄밀히 말해 '홀짝이는 용'이다.
weak_alcohol_1/character_full_name	페로 페일
weak_alcohol_1/fullDescription	선진 세계에서 가장 인기 있는 맥주로, 애호가와 비판자 모두 '개 물'이라 부른다. 더 좋은 맥주를 하루 종일 마신 뒤의 오줌이 날 법한 맛이 난다.
weak_alcohol_2/character_full_name	OXEN 복
weak_alcohol_2/fullDescription	인민의 맥주. 전 세계의 술집, 항구, 부엌, 거리에서 마신다.
weak_coffee_1/character_full_name	룸바! 캔커피
weak_coffee_1/fullDescription	루스탐의 꿈에서 자란 원두를 포르토피로 돼지 언덕 동네에서 볶았다. 위장에 구멍을 뚫을 만큼 시큼하다.
weak_nicotine_1/character_full_name	수프레마 100s
weak_nicotine_1/fullDescription	집 냄새가 난다. 맛은 타르.
weed/character_full_name	선사시대 대마초
weed/fullDescription	인간이 느끼는 안도감의 공통분모로, 부두 노동자의 주머니에서도 왕의 짐 속에서도 발견된다. 이 표본은 수상쩍을 만큼 빨리 가루로 부서진다.
intellectual/character_full_name	지성
physical/character_full_name	행동
social/character_full_name	관계
ancient_bomb/character_full_name	구형 폭탄
ancient_bomb/fullDescription	산업용 점토 폭약이 수십 년 묵은 기폭 장치에 연결돼 있다. 스피커 그릴에서 끈질기고 불안한 윙윙 소리가 쉬지 않고 새어 나온다.
antilass/character_full_name	안티-LASS 의료용 스탬프
antilass/fullDescription	스탬프 형태의 리비도 재활성제. 곤자 박사가 직접 만든 처방이다.
apology_boat/character_full_name	'SS 미안해요'
apology_boat/fullDescription	뉘우치는 배가 그려진 사과 카드. 선장은 바로 당신이다.
apology_card/character_full_name	'내 행동에 대한 조의'
apology_card/fullDescription	장례 분위기가 살짝 감도는 사과 카드.
auto_negotiator/character_full_name	보스콜 자동 협상기
auto_negotiator/fullDescription	무선 네트워크에 접속할 때 쓰는 송신기. 싸구려 플라스틱 때문에 암시장 물건 같은 느낌이 든다. '보스콜'이란 그냥 지하실에서 납땜 인두나 쥐고 있는 어떤 녀석일지도 모른다.
bagmanposter/character_full_name	배그맨 포스터
bagmanposter/fullDescription	머리에 종이봉투를 뒤집어쓴 남자가 '진실'을 찾는 여정에 함께하자고 간청한다.
bedsprings/character_full_name	스프링
bedsprings/fullDescription	수천 번의 뒤척임을 겪은 베테랑, 고장력 구리 스프링. 약간 산화됐다. 어쩔 수 없이 바라는 것보다 시끄럽다.
bloodgolemdisc/character_full_name	블러드 골렘 앨범
bloodgolemdisc/fullDescription	포르토피로의 시궁창에서 태어난 가장 추잡한 곡들의 파편. 옛 협조자 람세스가 숭배하던 음반이다. 이 디스크를 움켜쥐면 척추 속 살인 스위치가 찰칵 올라가며, 곧 닥칠 학살에 대비해 살덩이가 태세를 갖춘다.
boar_kibble/character_full_name	멧돼지 사료
boar_kibble/fullDescription	봉지 너머로도 '해피 호그' 멧돼지 사료 알갱이의 짭짤하고 퀴퀴한 냄새가 코를 찌른다.
bolt_cutters/character_full_name	볼트 커터
bolt_cutters/fullDescription	고무 손잡이가 달린 튼튼한 강철 날. 자물쇠, 철망 울타리, 그 밖에 법적으로 당신이 상관할 바 아닌 것들을 순식간에 끊어 낸다.
bomb_bag/character_full_name	폭탄 (펠로타 장비 가방 속)
bomb_bag/fullDescription	확실한 섬멸. 당분간은 땀내 나는 체육 가방 속에 안전하게 모셔져 있다.
compromising_photo/character_full_name	약점이 될 사진
compromising_photo/fullDescription	사진발이 안 받는 편이다. 예전에도, 앞으로도. 그런데 이건 *어쩌면* 지금까지 누군가가 찍은 사진 중 최악일지도 모른다.
compromising_photo_mascot_head/character_full_name	별로 약점 같지 않은 사진
cosmonautfigurine/character_full_name	우주비행사 피규어
cosmonautfigurine/fullDescription	둥근 얼굴에 주황색 우주복을 입은 플라스틱 우주비행사. 위안을 얻으려 엄지로 몇 번이고 쓰다듬은 자리의 도색이 닳아 있다.
cosmonautfigurine/shortDescription	카롤리나의 장난감
coverthemoon/character_full_name	'Cover The Moon When I'm Gone' 디스크
coverthemoon/fullDescription	루스 일렉트로팝의 왕관에 박힌 보석. 라 루스의 대중문화 기계 전체가 힘을 모아 이 디스크를 빚어냈다. 수술처럼 정교하게 제작됐고, 거부할 수 없을 만큼 귀에 감기며 -- 결국에는 -- 테크노 파시즘의 산물이다.
cricket/character_full_name	람세스의 귀뚜라미
cricket/fullDescription	람세스 타예드 알파티크 몰로이가 선심 쓰듯 건넨 맞춤 제작 도청 장치. 집어 달고 전원을 켜기만 하면, 반경 5미터 안에서 벌어지는 모든 일이 람세스의 귀에 들어간다.
critical_wolf/character_full_name	비평 늑대 컵
critical_wolf/fullDescription	애니메이션 〈66마리 늑대〉에 나오는 수집용 컵 시리즈 중 하나. 비평 늑대는 무기 대신 책을 휘두르는 유일한 늑대다.
critical_wolf.gearModifiers.skillModifiers[0]/description	의심받지 않는
critical_wolf.gearModifiers.skillModifiers[1]/description	학구적인 측량사
critical_wolf.gearModifiers.skillModifiers[2]/description	서적광
dante_exit_papers/character_full_name	단테의 출국 서류
dante_exit_papers/fullDescription	아우구스티노, 단테 앞으로 발급된 출국 서류. 흠잡을 데 없이 합법적으로 보인다. 티끌 하나 없는 '통과 의례' 도장 덕에 선진 세계의 어느 국경이든 의심 없이 지나갈 수 있다.
death_whistle/character_full_name	죽음의 휘파람
death_whistle/fullDescription	비명을 지르다 그대로 굳어 버린 사람의 두개골에 의식용 문양이 새겨져 있다. 람세스가 공포를 불러일으킬 목적으로 만들었다.
diy_gun/character_full_name	푸시 피드 개조 파이프 건
diy_gun/fullDescription	녹인 플라스틱과 테이프로 겨우 형체를 유지하는 원시적인 흉물이지만, 그래도 진짜 총알이 나간다. 이 물건은 누군가를 죽일 것이다. 그 누군가가 적일지 자기 자신일지는 또 다른 문제다.
dream_wolf/character_full_name	꿈 늑대 컵
dream_wolf/fullDescription	육중한 판금 갑옷을 입은 지친 늑대가 그려진 신기한 음료 컵. 루스 만화 〈66마리 늑대〉의 연계 상품이다.
dream_wolf.gearModifiers.skillModifiers[0]/description	기호 식별
dream_wolf.gearModifiers.skillModifiers[1]/description	힘에 대한 환상
dream_wolf.gearModifiers.skillModifiers[2]/description	꿈 풍경의 거주자
eagerwolfcup/character_full_name	의욕 늑대 컵
eagerwolfcup/fullDescription	늑대보다는 개에 가까운 이 녀석은 지팡이와 수정 구슬을 들고 순진한 표정을 짓고 있다. 〈66마리 늑대〉 컵 컬렉션 중 하나.
eagerwolfcup.gearModifiers.skillModifiers[0]/description	수정의 시야
eagerwolfcup.gearModifiers.skillModifiers[1]/description	마법사의 존재감
eagerwolfcup.gearModifiers.skillModifiers[2]/description	비논리적 마법
edit_pen/character_full_name	편집장의 고급 만년필
edit_pen/fullDescription	몸통에는 전복 껍데기가 상감돼 있고, 펜촉은 항공기용 강철이다. 과한가? 그렇다. 그만한 값어치가 있나? 물론이다.
fuckwand/character_full_name	떡봉
fuckwand/fullDescription	프리 브리더 6ZR. 단순한 자위 도구를 넘어, 테크노 파시즘적 인공수정 기술의 정점이다.
gonzanumbers/character_full_name	곤자의 책상에 있던 전화번호
gonzanumbers/fullDescription	처방전 용지에서 뜯어낸 종이에 휘갈겨 쓴 세 줄의 숫자. 필체가 불안정한 것이, 화학적 떨림에 사로잡힌 손으로 쓴 듯하다.
goodpoeminspo/character_full_name	개인적인 시
goodpoeminspo/fullDescription	토해 낸 영혼의 내용물을 시의 형식으로 옮긴 것. 이 시를 쓰려면 스스로에게 상당한 정신적 폭력을 가해야 했다.
gun/character_full_name	로렌마흐트 12-B 권총
gun/fullDescription	눈에 익은, 과시하지 않는 반자동 권총. 소구경에 반동이 약하고, 애정을 담아 입수했다. 똑바로 쏴, 하비비티.
gunschematics/character_full_name	왕의 즉석 화기 제작 안내서 2권
gunschematics/fullDescription	즉석 화기 제조의 비밀이 손안에 있다. 총기 옹호 철학도 꽤 많이 곁들여져 있다.
hershel_crew_photo/character_full_name	온통 병든 일당 단체 사진
hershel_crew_photo/fullDescription	포르토피로, 91년. 한때 알던 얼굴들이 바랜 색조로 마주 본다. 사진이 마땅히 그래야 할 무게보다 무겁게 느껴진다.
holocene_thesis/character_full_name	홀로세의 제목 많은 논문
holocene_thesis/fullDescription	공작원 홀로세가 쓴 팔백 쪽 안팎의 대작. 내용은 무서울 만큼 빽빽해 보인다. 서식은 또 흠잡을 데 없다.
holocenebook/character_full_name	〈혈액형: 헤카톰〉
holocenebook/fullDescription	H.S. 라스트라의 소설. 표지만 봐도, 인간의 조건은 중년의 위기라는 렌즈로 탐구할 때 가장 잘 드러난다고 믿는 이들이 코웃음 칠 만한 작품임을 알 수 있다. 가능하면 교수의 중년의 위기로.
ignatz_camera/character_full_name	이그나츠의 카메라
ignatz_camera/fullDescription	고급 루스 기술. 사람의 생각을 사진으로 찍을 수 있다는 '심리 촬영' 카메라다. 소문으로는.
ignatz_camera.gearModifiers.skillModifiers[0]/description	최첨단
ignatz_camera.gearModifiers.skillModifiers[1]/description	포착한 순간
ignatz_camera.gearModifiers.skillModifiers[2]/description	렌즈 뒤에서
ignatz_developed_photos/character_full_name	현상한 사진
ignatz_developed_photos/fullDescription	낯선 이의 은밀하고 사적인 순간에 끼어든 당신의 침입이, 할로겐화은과 아세트산 셀룰로스 위에 영원히 보존되었다.
ignatz_developed_photos_bad/character_full_name	엉망으로 찍힌 사진
ignatz_developed_photos_bad/fullDescription	형형색색의 얼룩에 잠긴 두 인물. 예술적 선언일 수도 있고, 잔디깎이에 올라탄 사람이 찍은 것일 수도 있다.
insensitive_souvenir/character_full_name	문화 감수성 없는 기념품
insensitive_souvenir/fullDescription	루스 함대의 철의 전쟁 여왕, 라포세이라. 전시 만행을 기념하는 앙증맞은 자석. 냉장고에 붙여 두어도 좋고, 어쩌면 담당관에게 선물해도 좋다.
jefaposter/character_full_name	궁금증을 부르는 커피 포스터
jefaposter/fullDescription	이 포스터를 해석하려 애쓸수록 지금 당장 캔커피 한 잔이 간절해진다.
literary_magazine_spring_issue/character_full_name	노스코렌테스 문학 잡지 봄호
literary_magazine_spring_issue/fullDescription	파스텔 톤과 섬세한 편집이 의심의 여지를 거의 남기지 않는다. 이건 스스로를 아주 진지하게 여기는 사람들이 쓰고 읽는 *진지한* 문학이다.
luckybottle/character_full_name	행운의 병
luckybottle/fullDescription	로켓 사일로 바닥으로 떨어졌는데도 기적처럼 멀쩡한 빈 옥센 복 맥주병. 이걸 지니고 있으면 비슷한 행운이 따라 줄지도?
luzian_imprinting_device/character_full_name	루스 각인 장치
luzian_imprinting_device/fullDescription	흠 하나 없는 곡선을 지닌 매끈한 장치. 나지막이 웅웅거리며 손에 편안하게 감긴다.
marco_tooth/character_full_name	청소년의 이빨
marco_tooth/fullDescription	젖니는 아니지만 미성년자의 입에서 나온 것이다. 이 이는 다시 자라지 않는다. 당신이 끄나풀이 아니라는 증거다. 이 꼬마는 모르겠지만.
mediocrepoem/character_full_name	시 (그저 그런)
mediocrepoem/fullDescription	엄밀히 말하면 시다. 리듬이라곤 전혀 없는 미지근한 여섯 연. 작가는 'sorrow'와 'tomorrow'로 운도 맞췄다. 두 번씩이나.
meta_gonza/character_full_name	으스스한 의료용 인체 모형
meta_gonza/fullDescription	섬뜩할 만큼 사람을 닮은 모형. 손목에 매달린 꼬리표에는 '곤자 박사 소유'라고 적혀 있다.
mini_controller/character_full_name	개체 격납 용기
mini_controller/fullDescription	원래는 외계 물질 표본을 회수하려고 만든 용기다. 지금은 홀로세의 두개골에서 뽑아낸 무언가의 새 보금자리가 되었다.
miracle_line_card/character_full_name	관능적인 명함
miracle_line_card/fullDescription	도톰하고 탐스러운 입술이 플라스틱 전화 수화기에 속삭인다. '당신에게 필요한 건 기적뿐.' 전화번호는 없다.
modeltrain/character_full_name	기차 모형 '국화의 슬픔'
modeltrain/fullDescription	부유한 어른들을 위한 장난감으로, 지금은 수리되었다. 겉모습만 봐서는 무슨 일을 겪었는지 짐작조차 할 수 없다.
monkeyplushie/character_full_name	원숭이 봉제 인형
monkeyplushie/fullDescription	쿠들루스 푸지(Cuddlus Fuzzi) 속의 전형이다. 팔과 몸통의 비율이 최적이고 촉감도 더없이 포근하다. 인간의 애정을 빨아들이고 사소한 비밀을 간직하는 데 특히 능하다.
mould_sample/character_full_name	곰팡이 표본
mould_sample/fullDescription	버려진 사일로의 서늘한 어둠 속에서 자란다. 지하 3개 층에 걸쳐 퍼진, 형체 없는 초유기체다. 손에 든 것은 생각도 없이 쉼 없이 불어나는 그 점액의 아주 작은 조각일 뿐이다.
nox_codex/character_full_name	이상한 암호문
nox_codex/fullDescription	예전 도플갱어가 남긴 메시지다. 어떤 암호 체계를 거치며 뒤틀려 얼핏 헛소리처럼 보인다.
ombre_hombre_vol5_iss8/character_full_name	옴브레 옴브레(5권 8호)
ombre_hombre_vol5_iss8/fullDescription	거친 화풍의 만화책. 표지에는 제목의 주인공 옴브레 옴브레가 있다. 뒤표지는 '고통이 유일한 화폐인, 피에 흠뻑 젖은 세계로 들어오라'고 권한다. 인쇄가 조잡하다.
ombre_hombre_vol5_iss8/shortDescription	옴브레 옴브레 만화책.
ombreposter/character_full_name	옴브레 옴브레 포스터
ombreposter/fullDescription	그림자의 사나이가 옴브레 옴브레 만화 시리즈의 이 포스터 속을 성큼성큼 걷는다. 이제 막 자기 방을 꾸밀 수 있게 된 열세 살 소년이라면 누구에게나 필수품이다.
origamiheart/character_full_name	펼쳐진 종이 하트
origamiheart/fullDescription	수수께끼의 후원자가 남긴 쪽지. 해부학적 심장 모양으로 접혀 있던 자국이 아직 그대로 남아 있다.
ozone_treatment/character_full_name	오존 주사기
ozone_treatment/fullDescription	이론상으로는 이 초고농도 산소를 두개강 내 '키메라 베르데' 진균 감염을 치료하는 데 쓸 것이다. 이론상으로는 *효과가 있을지도* 모른다.
pelotaball/character_full_name	찌그러진 펠로타 공
pelotaball/fullDescription	문 고임쇠로 지낸 세월 탓에 영구히 변형되었다. 이제는 경고 노릇을 한다. 제 목적을 다하라, 아니면 *다른 용도*로 쓰이게 될 것이다.
pelotaball.gearModifiers.skillModifiers[0]/description	운동 구체
photo_frame/character_full_name	사진 액자
photo_frame/fullDescription	빈 사진 액자. 기술 파시즘 불멸 영웅 신전에서 판다. 사진을 깜빡하고 안 가져온 이들이 봉헌물로 쓰라는 것이다.
placid_wolf/character_full_name	온화 늑대 컵
placid_wolf/fullDescription	칼은 칼집에 꽂고 파이프를 입에 문 이 늑대는, 정말 어쩔 수 없다면 *싸울 수도* 있을 법한 모양새다. 애니메이션 〈66마리 늑대〉에 나오는 컵 시리즈 중 하나.
placid_wolf.gearModifiers.skillModifiers[0]/description	잠든 짐승
placid_wolf.gearModifiers.skillModifiers[1]/description	자욱한 연기
placid_wolf.gearModifiers.skillModifiers[2]/description	푹 삶긴 뇌
poemfacsimile/character_full_name	시 복사본
poemfacsimile/fullDescription	종이는 시 잡지에 투고한 원고가 으레 갖춰야 할 모양새지만, 내용은 상상에 맡기는 구석이 많다.
poemminimalist/character_full_name	시(초극단 미니멀리즘)
poemminimalist/fullDescription	페이지 곳곳에 단어가 일곱 개쯤 흩어져 있다. 엄밀히 따지면 이것도 시다.
probe_disc/character_full_name	아우토노미아 계획 최종 녹음
probe_disc/fullDescription	포르토피로의 유일한 우주 임무는 흔히 알려진 것처럼 발사 직후에 폭발하지 않았다. 아우토노미아 계획에 실제로 무슨 일이 있었는지, 우주비행사들이 저 바깥에서 무엇을 발견했는지, 그 진실은 임무의 마지막 녹음인 이 기록 안에 담겨 있다...
psychbook/character_full_name	'그림자 어머니'
psychbook/fullDescription	빽빽한 내용의 심리학 서적. 뒤표지의 인장에는 *안쪽*을 가리키는 나침반이 그려져 있다. 그 옆에는 '트레페 종합기술대학교 출판'이라는 문구가 있다.
reconstructed_red_disc/character_full_name	복원된 붉은 디스크
reconstructed_red_disc/fullDescription	‘울트라 비올레타: 꿈에서 온 너’ -- 흠집 하나 없이 재생 준비를 마쳤다. 디스크 표면을 너무 오래 쳐다보면 치아 사이에 은박지가 낀 듯한 느낌이 든다.
redtape/character_full_name	수수께끼의 붉은 디스크
redtape/fullDescription	도플갱어가 제로 처리될 때 듣고 있던 진홍색 디스크. 손글씨 라벨에는 '울트라 비올레타: 꿈에서 온 너'라고 적혀 있다.
redtape/shortDescription	알 수 없는 내용이 담긴 진홍색 디스크.
sockorder/character_full_name	양말 구매 주문서
sockorder/fullDescription	슈퍼블록 양말을 쥐꼬리만큼 사겠다는 의사를 증명하는 서류. '카르무나 페소아'의 서명이 있다.
stubborn_wolf/character_full_name	고집 늑대 컵
stubborn_wolf/fullDescription	루스의 만화 〈66마리 늑대〉를 본뜬 기념 컵. 뾰족뾰족한 플라스틱 털이 이 늑대의 고약한 성질머리로 곤두서 있다.
stubborn_wolf.gearModifiers.skillModifiers[0]/description	뒤틀린 현실
stubborn_wolf.gearModifiers.skillModifiers[1]/description	약간의 편집증
stubborn_wolf.gearModifiers.skillModifiers[2]/description	내면 분열
superbloc_baby/character_full_name	〈슈퍼블록, 베이비〉
superbloc_baby/fullDescription	거짓 자정이 부른 장난스러운 유행가. 이삼십 년 전에 인기를 끌었다.
toy_train_part/character_full_name	기차 모형 부품
toy_train_part/fullDescription	아주 비싼 기차 모형의 부서진 파편. 이음매에서 물이 샌다.
toy_train_wheel/character_full_name	기차 모형 바퀴
toy_train_wheel/fullDescription	값비싼 기차 모형이 부서지고 남은, 돌아가던 부품 조각. 그것만으로는 쓸모가 없다.
trashpoem/character_full_name	구겨진 시
trashpoem/fullDescription	죄를 지은 시인은 이 퇴짜 맞은 원고가 땅에 묻혀 잊히길 바랐다. 그러나 그것은 무덤에서 일어난다.
tyrant_wolf/character_full_name	폭군 늑대 컵
tyrant_wolf/fullDescription	애니메이션 〈66마리 늑대〉의 수집용 컵 여섯 종 중 하나. 이 녀석은 당장이라도 목을 그을 기세다.
tyrant_wolf.gearModifiers.skillModifiers[0]/description	칼의 달인
tyrant_wolf.gearModifiers.skillModifiers[1]/description	친구 함정
tyrant_wolf.gearModifiers.skillModifiers[2]/description	소시오패스
uv_exit_papers/character_full_name	울트라 비올레타의 출국 서류
uv_exit_papers/fullDescription	통과 의례: 여성, 21세, 3B등급 비자. 평범한 흑백 사진 속 그녀는 광고판의 얼굴과 전혀 닮지 않았다.
uv_postcard/character_full_name	울트라 비올레타 팬클럽 엽서
uv_postcard/fullDescription	엽서는 팬클럽 가입 신청서를 겸한다. 작성해서 부치면 회원증을 가진 정식 '울트라'가 될 수 있다.
wolf_sword/character_full_name	파토스 늑대의 불꽃 클레이모어
wolf_sword/fullDescription	모의 극단 폭력용 플라스틱 검. 금지된 루스 방송의 〈66마리 늑대〉 프랜차이즈 정품이다.
wolf_sword/shortDescription	66마리 늑대 검
anxiety/character_full_name	불안
anxiety/description	불안의 기본 설명
delirium/character_full_name	섬망
delirium/description	섬망의 기본 설명
fatigue/character_full_name	피로
fatigue/description	피로의 기본 설명
system/directory_name_saves	Zero Parades 저장 데이터
system/directory_name_settings	Zero Parades 설정 데이터
system/ps5_message_controller_disconnect	계속하려면 무선 컨트롤러를 다시 연결해 주세요.
system/xbox_message_controller_disconnect	계속하려면 컨트롤러를 다시 연결해 주세요.
ace/character_full_name	에이스
bodydouble/alternativeNames_0	기술 파시즘의 그랜드 리치
bodydouble/character_full_name	레예스의 도플갱어
dante/alternativeNames_0	가엾은 단테
dante/character_full_name	수감자
eszti/character_full_name	에스티 뉴위츠
eva/character_full_name	에바 윌크
hauzmann/alternativeNames_0	심장 없는 남자
hauzmann/character_full_name	하우츠만
holocene/alternativeNames_0	홀로세(사망)
holocene/alternativeNames_1	홀로세?
holocene/character_full_name	홀로세
hundredeyedgolem/alternativeNames_0	이상한 안경의 남자
hundredeyedgolem/alternativeNames_1	낮은 남자 목소리
hundredeyedgolem/alternativeNames_2	우는 눈의 지휘관
hundredeyedgolem/alternativeNames_3	테소로 부엔디아
hundredeyedgolem/alternativeNames_4	백 개의 눈 골렘 테소로 부엔디아
hundredeyedgolem/character_full_name	테소로 부엔디아, 백 개의 눈 골렘
ignatz/alternativeNames_0	흉한 코트를 입은 남자
ignatz/alternativeNames_1	전화하는 남자
ignatz/alternativeNames_2	인터폰 관리인
ignatz/alternativeNames_3	이그나츠
ignatz/character_full_name	이그나츠
kaleidoscope/alternativeNames_0	시선을 사로잡는 헤드폰의 남자
kaleidoscope/character_full_name	칼레이도스코프
karolina/character_full_name	카롤리나
kurt/alternativeNames_0	쿠르트
kurt/alternativeNames_1	보일러 괴물
kurt/character_full_name	에너지 넘치는 청년
ramse/alternativeNames_0	시든 남자
ramse/alternativeNames_1	야수
ramse/character_full_name	람세스
reno/alternativeNames_0	안경 쓴 남자
reno/alternativeNames_1	구경꾼
reno/alternativeNames_2	레노
reno/character_full_name	레노
septimus/alternativeNames_0	극장 양아치
septimus/character_full_name	셉티무스
yana/alternativeNames_0	신비로운 십대 소녀
yana/character_full_name	야나
yourhandler/character_full_name	멜리타, 당신의 관리관
aasponsor/alternativeNames_0	곤자 같은 목소리
aasponsor/character_full_name	곤자 박사의 AA 스폰서
adjutant/character_full_name	초조한 부관
agitatedgoon/alternativeNames_0	안절부절못하는 외국인
agitatedgoon/character_full_name	흥분한 똘마니
ancientpunk/character_full_name	늙은 펑크족
bagman/alternativeNames_0	머리에 봉지를 쓴 남자
bagman/character_full_name	부사령관 백맨
boatman/alternativeNames_0	그 뱃사공
boatman/character_full_name	뱃사공
bruno_heartbreak/character_full_name	'하트브레이크' 브루노 레추가
bulletbyyourheart/character_full_name	심장 옆의 총알
cardio_grandpa/character_full_name	카디오 할아버지
carmuna/alternativeNames_0	늙은 옷 장수
carmuna/character_full_name	카르무나
cleaner/character_full_name	림파도르
composedgoon/alternativeNames_0	침착한 남자
composedgoon/character_full_name	침착한 똘마니
demoman/character_description	디버그 맨. 2026년 2월 스팀 넥스트 페스트 데모에 쓸지 논의 중이다.
demoman/character_full_name	제로 퍼레이즈 팀
diego/character_full_name	바텐더 디에고
drabe/alternativeNames_0	휴고 박사, 개 살해범
drabe/character_full_name	휴고 박사
drgonza/alternativeNames_0	피 튄 미치광이
drgonza/alternativeNames_1	전화하는 남자
drgonza/character_full_name	곤자 박사
duchess/alternativeNames_0	꿀 같은 목소리의 여자
duchess/alternativeNames_1	제타
duchess/character_full_name	더치스
esztishusband/alternativeNames_0	카바노 씨
esztishusband/alternativeNames_1	미소 짓는 노인
esztishusband/alternativeNames_2	파스칼
esztishusband/character_full_name	파스칼, 에스티의 남편
expat_pilot/alternativeNames_0	선장 모자를 쓴 남자
expat_pilot/character_full_name	목청 큰 주앙
fatherbycanal/character_full_name	볕에 그을린 남자
feralboarmatriarch/alternativeNames_0	템포 델 수르
feralboarmatriarch/character_full_name	거대한 야생 멧돼지
feralpoet/alternativeNames_0	무단 점거자
feralpoet/alternativeNames_1	앵
feralpoet/character_full_name	마법사인 듯한 사람
frederick/alternativeNames_0	폰섹스 중독자
frederick/character_full_name	프레더릭
ghost_carmuna/alternativeNames_0	젊은 여자
ghost_carmuna/character_full_name	젊은 카르무나
ghost_nestor/alternativeNames_0	콧수염 난 유령
ghost_nestor/character_full_name	상냥한 네스토르
ghost_probable/alternativeNames_0	수상한 신사
ghost_probable/character_full_name	공작원 프로버블
goat_eyes/alternativeNames_0	능글맞은 거래상
goat_eyes/character_full_name	염소눈
gonzawife2/alternativeNames_0	마르셀라
gonzawife2/alternativeNames_1	쉰 목소리의 여자
gonzawife2/character_full_name	곤자의 두 번째 아내
grievingrelation/alternativeNames_0	파티 용품점 상인
grievingrelation/character_full_name	말렌
groundskeeper/character_description	불멸의 영웅들을 모신 사당의 관리인.
groundskeeper/character_full_name	관리인
haya/alternativeNames_0	생각에 잠긴 여인
haya/alternativeNames_1	편집장 하야
haya/character_full_name	편집장
ignatz_cat/alternativeNames_0	고양이
ignatz_cat/character_full_name	이그나츠의 것이 아닌 고양이
interrogator1/character_full_name	맨티코어
interrogator2/character_full_name	세이렌
kingoftrade/alternativeNames_0	송곳니 짐승
kingoftrade/character_full_name	교역의 왕
lucia/alternativeNames_0	바텐더
lucia/character_full_name	루시아
mansvoiceinrenoscallbox/character_description	레노의 인터폰에서 들려오는 남자 목소리.
mansvoiceinrenoscallbox/character_full_name	남자 목소리
marco/alternativeNames_0	안절부절못하는 십대
marco/character_full_name	마르코
metal_stripper/alternativeNames_0	보이지 않는 습격자
metal_stripper/character_full_name	금속 스트리퍼
moh/alternativeNames_0	발이 묶인 승객
moh/character_full_name	우편 주문 신랑
nona/alternativeNames_0	무단 점거자
nona/alternativeNames_1	되
nona/character_full_name	오컬티스트로 의심되는 사람
oskarmetamoto/alternativeNames_0	옷 잘 입은 시궁창 주정뱅이
oskarmetamoto/character_full_name	오스카 메타모토
other_expat_pilot/alternativeNames_0	시가 피우는 노인
other_expat_pilot/character_full_name	슬라바
party_alley_gm/character_full_name	파티 골목 경비대원
party_alley_vendor/alternativeNames_0	하이엔드 재단사
party_alley_vendor/character_full_name	브루스, 하이엔드 재단사
pensivegoon/alternativeNames_0	단안경 쓴 외국인
pensivegoon/alternativeNames_1	숨결 섞인 남자 목소리
pensivegoon/character_full_name	생각에 잠긴 부하
petre/alternativeNames_0	희귀 미디어 판매상
petre/character_full_name	포맷 페티시스트 페트레
petshopowner/character_full_name	이국적인 애완동물 가게 주인
phantomengineer/character_full_name	팬텀 라인 기술자
photolady/alternativeNames_0	사진관 여주인
photolady/character_full_name	콘스탄츠, 사진관 여주인
playgroundboy/alternativeNames_0	검 없는 소년
playgroundboy/alternativeNames_1	검 없는 자 아를로
playgroundboy/character_full_name	검을 휘두르는 아이
playgroundgirl/character_full_name	넋을 잃은 아이
prettypaws/character_full_name	예쁜 발 고양이 미용 서비스
project_autonomia_recording/character_full_name	아우토노미아 계획 최종 녹음
quisachflopper/character_full_name	키사치의 할리우드 액션 에이스
renoteltech/alternativeNames_0	레노텔 기술자
renoteltech/character_full_name	레노텔 기술자
rollerskateboy/character_full_name	롤러스케이트 소년
securityguard/alternativeNames_0	바자르 경비대원
securityguard/alternativeNames_1	꼬마 마우리토
securityguard/character_full_name	마우리토 경관
shrinelady/character_full_name	사당 무녀
somergoon/alternativeNames_0	사당 방문객
somergoon/alternativeNames_1	침울한 외국인
somergoon/character_full_name	침울한 부하
spamcaller/character_full_name	콧소리 섞인 목소리의 여자
stuckboar/character_full_name	끼어 버린 멧돼지
swimmingdaughter/character_full_name	점액에 젖은 소녀
telluriano/character_full_name	템포 델 수르
third_expat_pilot/alternativeNames_0	자갈눈 조종사
third_expat_pilot/alternativeNames_1	자갈 목소리 남자
third_expat_pilot/character_full_name	비둘기
tonio/character_full_name	토니오, 건물 관리인
tramdriver/character_full_name	공중전차 차장
ultravioleta/character_full_name	울트라 비올레타
uv_cosplayer/alternativeNames_0	분장한 10대
uv_cosplayer/character_full_name	날개 단 팬시프터
uv_cosplayer_2/alternativeNames_0	분장한 10대
uv_cosplayer_2/character_full_name	가면 쓴 팬시프터
uvfanclub/character_full_name	울트라 팬클럽
vespar/character_full_name	베스파르 손도
wholesaledealer/alternativeNames_0	미심쩍은 목소리
wholesaledealer/character_full_name	곤자의 도매상
ancient_shrine/character_full_name	오래된 사당
archive_shelves/alternativeNames_0	고밀도 선반
archive_shelves/alternativeNames_1	레일식 문서고 선반
archive_shelves/character_full_name	문서고 선반
archives_room/alternativeNames_0	문서고 문
archives_room/alternativeNames_1	육중한 강철 문
archives_room/character_full_name	문서고 문
baby_boars/character_full_name	새끼 멧돼지들
bagman_flyer/character_full_name	음모론 전단지
bagman_studio/alternativeNames_0	보강된 문
bagman_studio/character_full_name	배그맨의 스튜디오
bazaar_alleway/character_full_name	숨겨진 골목
bazaar_crane/alternativeNames_0	구식 산업용 크레인
bazaar_crane/alternativeNames_1	낡은 산업용 크레인
bazaar_crane/character_full_name	갠트리 크레인
bazaar_crates/character_full_name	운송용 나무 상자
bazaar_gate/alternativeNames_0	잠기지 않은 금속 문
bazaar_gate/alternativeNames_1	녹슨 철창문
bazaar_gate/character_full_name	잠긴 문
bazaar_shrine/alternativeNames_0	폴라리스 사당
bazaar_shrine/character_full_name	길거리 사당
bazaar_tv/character_full_name	버려진 텔레비전
bench_ritual/character_full_name	편안한 벤치
boiler/alternativeNames_0	씬
boiler/character_full_name	보일러
book_satchel/alternativeNames_0	책이 가득 든 가방
book_satchel/character_full_name	더치스의 가방
building_intercom/character_full_name	반짝이는 인터폰
bzr_shrine_exit/alternativeNames_0	폴라리스 사당 출구
bzr_shrine_exit/character_full_name	길거리 사당 출구
canal_schnapps/character_full_name	술병
canal_waterlock_controls/alternativeNames_0	수문 제어반
canal_waterlock_controls/alternativeNames_1	산업용 제어반
canal_waterlock_controls/character_full_name	수문 제어 장치
card_rack/character_full_name	축하 카드 진열대
carmuna_stall/alternativeNames_0	카르무나의 옷걸이
carmuna_stall/character_full_name	옷걸이
ceramic_panic/alternativeNames_0	도자기 패닉
ceramic_panic/character_full_name	벽에 달린 변기
chq_balcony/character_full_name	웅장한 발코니
chq_cubbyhole/character_full_name	칸막이 서류함
chq_grafiti_wall/character_full_name	훼손된 벽
chq_nestors_chair/alternativeNames_0	위압적인 의자
chq_nestors_chair/character_full_name	네스토르의 의자
chq_seats/character_full_name	곰팡이 핀 좌석
chq_stairs/character_full_name	무너져 가는 계단
chq_tubes/alternativeNames_0	기송관
chq_tubes/character_full_name	뒤틀린 관
cleaning_tuktuk/alternativeNames_0	'림파도르스 아주이스' 툭툭
cleaning_tuktuk/alternativeNames_1	주차된 툭툭
cleaning_tuktuk/character_full_name	청소 툭툭
coffee_poster/character_full_name	헤파 커피 포스터
communist_hq_basement/character_full_name	아래층으로 통하는 문
communist_hq_offices/character_full_name	사무실 문
cosmonaut_figurine_set/alternativeNames_0	우주비행사 피규어 한 세트
cosmonaut_figurine_set/alternativeNames_1	장난감 피규어 세트
cosmonaut_figurine_set/character_full_name	우주비행사 피규어 세트
cosmonaut_rations_label/character_full_name	우주비행사 배급식량
cosmonaut_suit/alternativeNames_0	포르토피로식 우주복
cosmonaut_suit/character_full_name	낡은 우주비행사복
cosplayers_group/alternativeNames_0	팬시프트 십대들
cosplayers_group/character_full_name	괴상하게 차려입은 십대들
crumbling_ledge/character_full_name	부서져 가는 창턱
dante_cell_intercom/character_full_name	감방 인터폰
derelict_shrine/alternativeNames_0	리가우 제독의 사당
derelict_shrine/character_full_name	버려진 사당
duchess_houseboat/alternativeNames_0	더치스의 하우스보트
duchess_houseboat/alternativeNames_1	제타의 하우스보트
duchess_houseboat/character_full_name	가족 하우스보트
eager_wolf_cup/alternativeNames_0	의욕 늑대 컵
eager_wolf_cup/character_full_name	버려진 수집용 컵
east_housing_campaign/alternativeNames_0	에스티의 아파트
east_housing_campaign/character_full_name	4호 아파트
editors_desk/character_full_name	큰 책상
emterr_astral_door/character_full_name	별난 기계
eszti_front_door/character_full_name	4호 아파트
eszti_photos/character_full_name	액자에 든 사진들
eszti_tv/character_full_name	텔레비전
ex_pilots_group/alternativeNames_0	타국에 사는 전직 조종사들
ex_pilots_group/character_full_name	나이 지긋한 남자들
exit_generic/character_full_name	나가기
f24_backroom_door/character_full_name	빈 방
f24_bathroom_door/character_full_name	욕실 문
f24_desk/character_full_name	임시 책상
f24_door_outside/character_full_name	나가기
f24_downstairs_phone/character_full_name	인터폰
f24_entrance/character_full_name	포토 24
f24_phone/character_full_name	마법 상자 전화선
f24_room_door/character_full_name	방 문
f24_stairs_going_down/character_full_name	포토 24로 내려가는 계단
f24_stairs_going_up/character_full_name	방으로 올라가는 계단
facade_boxes/character_full_name	빈 골판지 상자들
fax_machine/character_full_name	팩스기
filing_cabinet/character_full_name	서류 캐비닛
fire_door/alternativeNames_0	닫힌 방화문
fire_door/alternativeNames_1	눈에 띄는 방화문
fire_door/character_full_name	방화문
fogged_mirror/character_full_name	뿌연 거울
fogged_mirror_tv/alternativeNames_0	수리된 텔레비전
fogged_mirror_tv/character_full_name	색이 바랜 텔레비전
gingko_tree/character_full_name	특이한 나무
gonza_clinic/alternativeNames_0	야간 진료소
gonza_clinic/character_full_name	곤자 박사의 진료소
gonza_desk/alternativeNames_0	어질러진 책상
gonza_desk/character_full_name	곤자 박사의 책상
goons_group/alternativeNames_0	루스 브랜드 앰배서더들
goons_group/alternativeNames_1	루스 부하들
goons_group/alternativeNames_2	루스 부하들
goons_group/character_full_name	수상한 3인조
hc_shrine/character_full_name	주택 캠페인 사당
hershel_bed/character_full_name	침대
holocene_cipher/alternativeNames_0	남은 난장판
holocene_cipher/character_full_name	홀로세의 암호문
holocene_hatch/character_full_name	아래층 해치
holocene_room/character_full_name	우주 등급 방폭문
honour_bookstall/alternativeNames_0	양심 책 가판대
honour_bookstall/character_full_name	낡은 책 가판대
housing_campaign_elevator/character_full_name	전용 엘리베이터
hugo_houseboat/alternativeNames_0	수상 진료소
hugo_houseboat/character_full_name	휴고 박사의 하우스보트
hugo_photos/character_full_name	액자에 든 사진과 증서
ignatz_shack/character_full_name	관리인의 헛간
implementation_table/character_full_name	수술대
karolina_console/character_full_name	제어 허브
karolina_equipment/character_full_name	쌓여 있는 기계들
karolina_printer/alternativeNames_0	소나틴 프린터
karolina_printer/character_full_name	시끄러운 기계들
large_pipe/character_full_name	굵은 파이프
ledge/character_full_name	창턱
mag_office_interior_door/character_full_name	육중한 문
mag_office_main_door/character_full_name	노스코렌테스 리뷰 사무실
mag_office_security_door/alternativeNames_0	기가 꺾인 보안문
mag_office_security_door/alternativeNames_1	허를 찔린 고보안문
mag_office_security_door/character_full_name	위압적인 고보안문
mailboxes/character_full_name	주택 캠페인 우편함
medical_dummy/alternativeNames_0	메타 곤자
medical_dummy/alternativeNames_1	의료용 모형
medical_dummy/character_description	양성적인 의료용 모형. 표면이 매끈하긴 한데, 기대하는 그런 매끈함이 아니라 영 불쾌하다. 유리 눈알 두 개가 일거수일투족을 좇는 것만 같다.
medical_dummy/character_full_name	으스스한 의료용 모형
miracle_line/alternativeNames_0	기적 회선
miracle_line/character_full_name	눈에 띄게 낡은 공중전화
music_player/character_full_name	가정용 스테레오
north_housing_campaign/character_full_name	2호와 3호 아파트
old_cinema/character_full_name	옛 영화관
palace_of_culture/character_full_name	버려진 문화궁전
payphone/alternativeNames_0	레노텔 공중전화
payphone/character_full_name	공중전화
pet_shop_shutter/alternativeNames_0	"동물 구역" 입구
pet_shop_shutter/alternativeNames_1	가게 셔터
pet_shop_shutter/character_full_name	점포 앞 셔터
petre_stall/alternativeNames_0	판매용 음악
petre_stall/character_full_name	경멸받는 하위 장르 진열대
petshop_roof_door/character_full_name	옥상 출입구
petshop_stairs_going_down/character_full_name	펫숍 1층
petshop_stairs_going_up/character_full_name	펫숍 2층
phasing_report/alternativeNames_0	난해한 보고서
phasing_report/character_full_name	물질 간 위상 변이 보고서
photo_encounter_couple/alternativeNames_0	줄줄 새는 짐승들
photo_encounter_couple/character_full_name	수상한 커플
pitol_tract_shrine/alternativeNames_0	로타네프의 사당
pitol_tract_shrine/character_full_name	피톨 지구 사당
plushie_stall/alternativeNames_0	음산한 봉제 인형 가판
plushie_stall/alternativeNames_1	보송보송한 봉제 인형 가판
plushie_stall/character_full_name	봉제 인형 가판
poetry_exercise_papers/alternativeNames_0	연습 용지
poetry_exercise_papers/character_full_name	잡다한 문서
railing/character_full_name	난간
ramses_houseboat/character_full_name	귀신 들렸을지도 모르는 하우스보트
reno_callbox/alternativeNames_0	레노의 인터폰
reno_callbox/character_full_name	값비싸 보이는 인터폰
reno_hot_tub/character_full_name	더럽혀진 온수 욕조
reno_house/character_full_name	레노의 피에다테르
renotel_terminal/character_full_name	전자 단말기
residents_list/character_full_name	입주민 명부
rocket_silo/character_full_name	버려진 로켓 사일로
rv_testimonial/alternativeNames_0	사일로에서 발견한 문서
rv_testimonial/character_full_name	원격 투시 증언
scifi_book/alternativeNames_0	〈혈액형: 헤카톰〉
scifi_book/character_full_name	SF 소설
shelf_control_system/alternativeNames_0	낡은 제어 장치
shelf_control_system/alternativeNames_1	DN-500 선반 제어 장치
shelf_control_system/character_full_name	선반 제어 시스템
silo_mould/alternativeNames_0	누가 봐도 위험한 곰팡이
silo_mould/character_full_name	사일로 곰팡이
skylight/alternativeNames_0	깨진 펜트하우스 창문
skylight/character_full_name	펜트하우스 창문
table_traversal/character_full_name	뒤집힌 탁자
tarot_alchemy/character_full_name	타로: 연금술
tarot_calibration/character_full_name	타로: 조율
tarot_clown/character_full_name	타로: 광대
tarot_eclipse/character_full_name	타로: 일식
tarot_hearth/character_full_name	타로: 난로
tarot_hunchback/character_full_name	타로: 곱사등이
tarot_luminescence/character_full_name	타로: 광휘
tarot_ocean/character_full_name	타로: 바다
tarot_oubliette/character_full_name	타로: 지하 감옥
tarot_prism/character_full_name	타로: 프리즘
tarot_ruins/character_full_name	타로: 폐허
tarot_satellite/character_full_name	타로: 위성
tarot_swarm/character_full_name	타로: 떼
tarot_trade/character_full_name	타로: 경주로
tarot_traitor/character_full_name	타로: 배신자
tarot_tree/character_full_name	타로: 나무
tempos_desk/character_full_name	템포의 책상
tempos_office_door/character_full_name	템포 사무실로 통하는 문
tempos_sofa/character_full_name	핏자국이 묻은 소파
tempos_window/character_full_name	사무실 창문
to_backways/character_full_name	뒷물길로
to_bootleg_bazaar/character_full_name	해적판 바자르
to_housing_campaign/character_full_name	주택 캠페인으로
to_party_alley/character_full_name	파티 골목으로
to_pitol_tract/character_full_name	피톨 지구로
tomas_trousers/character_full_name	슈도팟의 바지
tram_jukebox/character_full_name	공중전차 주크박스
tram_window/character_full_name	공중전차 창문
trash_bin/character_full_name	쓰레기통
underwater_door/alternativeNames_0	노출된 수밀문
underwater_door/alternativeNames_1	흐릿하고 탁한 형체
underwater_door/character_full_name	한때 물에 잠겼던 문
uv_billboard/character_full_name	광고판
uv_keyboard/character_full_name	고품질 키보드
vending_machine/character_full_name	자판기
wall_above_bed/alternativeNames_0	숨 막히게 휑한 벽
wall_above_bed/alternativeNames_1	보기 좋게 꾸민 벽
wall_above_bed/alternativeNames_2	포스터로 가득한 벽
wall_above_bed/character_full_name	침실 벽
waterlock_controls_room/alternativeNames_0	수문 관제실
waterlock_controls_room/alternativeNames_1	육중한 설비실 문
waterlock_controls_room/character_full_name	수문 제어실
workbench/character_full_name	작업대
yanas_house/character_full_name	야나의 집
herschelp/character_description	허셸의 NPC 버전. 싱글 플레이 모드에서 토마스가 플레이어 1일 때 사용한다.
herschelp/character_full_name	허셸 윌크
narrator/character_full_name	해설자
pseudocide/character_description	NPC 토마스. 코드명 슈도팟.
pseudocide/character_full_name	슈도팟
ramses/character_full_name	폐기됨 - 사용 금지: 람세스 몰로이
herschel/character_full_name	당신
pseudo/character_description	디스크 1에서 플레이할 수 있는 토마스.
pseudo/character_full_name	당신
eatshrimp/character_full_name	갯가재 먹기
flicktapes/character_full_name	테이프 뒤적이기
payphoneloan/character_full_name	공중전화 돌고래 코 찔러 보기
sittingonbench/character_full_name	벤치에 앉기
smellingjasmine/character_full_name	재스민 향 맡기
watchedtrams/character_full_name	다리 위에서 내다보기
boatmandockjob/character_full_name	뱃사공과 함께 상자 나르기
luciabarbacking/character_full_name	루시아와 함께 바에서 일하기
toniosweeping/character_full_name	토니오와 함께 바닥 쓸기
affect/character_full_name	눈치
affect/short_description	표정, 틱, 몸짓에 대한 감각. 분위기를 읽고 누구보다 먼저 움직인다.
awareness/character_full_name	당성
awareness/short_description	존재감과 강압으로 구현되는 사회적 힘. 명령하고 위협한다. 내면화된 선전.
coordination/character_full_name	협응
coordination/short_description	몸의 각 부분이 합을 맞춰 움직인다. 민첩하고 유려한 동작. 외적인 연출.
entanglement/character_full_name	얽힘
entanglement/short_description	이 차원과 그 너머를 가로지르는 으스스한 상호작용. 초감각적 인지. 별들의 영향력.
focus/character_full_name	회색 뇌세포
focus/short_description	연역과 귀납의 추론. 정신의 이성적인 면. 모든 것에서 질서를 찾아낸다.
inference/character_full_name	테크플렉스
inference/short_description	기계와 소비재의 은밀한 언어. 어떤 장치와 시스템이든 뜻대로 휘어잡는다.
inspiration/character_full_name	시학
inspiration/short_description	남들이 못 보는 것을 보고 표현한다. 창작의 엔진을 돌린다. 수평적 사고와 무의식적 연상.
motivation/character_full_name	청사진
motivation/short_description	도시와 사람들이 도시를 쓰는 방식에 대한 지식. 묻힌 비밀, 쓸 만한 지름길, 즉석 탈출로.
muscle/character_full_name	본능
muscle/short_description	통제되지 않는 육체의 영역. 날것의 충동. 유기체가 스스로를 이어 가는 방식.
nerve/character_full_name	담력
nerve/short_description	안정된 손과 고요한 마음이 필요한 일에 쓴다. 거울 뒤에 무엇이 있는지 세상에 들키지 마라.
presence/character_full_name	그림자극
presence/short_description	들키지 않고 하고 싶은 모든 행동에 쓴다. 고급 은밀 첩보 기술. 훈련이 속삭이는 목소리.
recall/character_full_name	기록
recall/short_description	세상에 관한 사실의 총체. 일화 기억, 훈련, 교육. 현재 속의 과거.
senses/character_full_name	센서
senses/short_description	현상 세계의 지각과 쾌락. 남들이 놓치는 디테일을 알아챈다.
vigour/character_full_name	도플갱어
vigour/short_description	*나* 하나로는 부족한 일을 해내야 할 때. 내면의 힘과 압박에 맞서는 저항력.
wits/character_full_name	인물론
wits/short_description	자기 자신을 포함해 사람을 움직이는 것이 무엇인지 안다. 공감과 조종. 인간성 그 자체.
absolute_magnitude_effect/character_full_name	도시 너머
absolute_magnitude_effect/source	고조된 섬망(절대 등급 효과)으로 획득
abstract_art_effect/character_full_name	추상미술가
abstract_art_effect/description	루시아의 사진을 형편없이 찍었다.
abstract_art_effect/source	쓸 만한 사진을 찍어서 획득
all_business_effect/character_full_name	용건만
all_business_effect/source	코카인 섭취로 획득
amphet_goblin_effect/character_full_name	암페타민 고블린
amphet_goblin_effect/source	뉴라틴 복용으로 획득
bin_stick_effect/character_full_name	공작원 악취
bin_stick_effect/source	쓰레기를 뒤져서 획득
canopus_blessing_effect/character_full_name	카노푸스의 가호
canopus_blessing_effect/source	카노푸스에게 기도해서 획득
closed_world_effect/character_full_name	비판적 과잉 사고
closed_world_effect/source	음모론적 사고로 획득(닫힌 세계의 운율 효과)
cosmic_curse_effect/character_full_name	우주의 저주
cosmic_curse_effect/source	신전을 모독해서 획득
detonation_disorientation_effect/character_full_name	폭발 후 방향감각 상실
detonation_disorientation_effect/source	폭탄 폭발에서 살아남아 획득
dissociative_effect/character_full_name	해리된 시점
dissociative_effect/source	에테르 섭취로 획득
euphoric_effect/character_full_name	희열
euphoric_effect/source	엑스터시 복용으로 획득
fallenleg/character_full_name	끔찍한 착지
fallenleg/description	다리가 몹시 아프다.
fallenleg/source	점프를 잘못해서 획득
feeling_lucky_effect/character_full_name	행운의 예감
feeling_lucky_effect/source	대머리 부위를 문질러서 획득
freeze_dried_rations_effect/character_full_name	동결건조 후회
freeze_dried_rations_effect/source	동결건조 우주비행사 식량 섭취로 획득
freeze_dried_rations_effect.counter_listener/description	참회를 택하면 섬망이 증가한다.
freshly_peeled_plastic_effect/character_full_name	갓 벗긴 플라스틱
freshly_peeled_plastic_effect/description	잡지사 사무실 입구의 인터콤에서 플라스틱 덮개를 뜯어내면 얻는다.
freshly_peeled_plastic_effect/source	보호용 플라스틱을 뜯어서 획득
grevious_arm_wound_effect/character_full_name	팔 중상
grevious_arm_wound_effect/source	총에 맞아 획득
groped_gonza_effect/character_full_name	더듬기의 공포
groped_gonza_effect/source	곤자를 더듬어서 획득
gummies_conditioning_aid_effect/character_full_name	진정의 우물우물
gummies_conditioning_aid_effect/source	비슈냐 하드 구미 섭취로 획득
gun_fumes_effect/character_full_name	역겨운 연기
gun_fumes_effect/description	총을 만들려고 플라스틱을 녹일 때 얻는다.
gun_fumes_effect/source	녹은 플라스틱 연기를 들이마셔 획득
head_drill_effect/character_full_name	드릴에 맛 들임
head_drill_effect/source	머리에 구멍을 뚫어서 획득
holocene_ritual_effect/character_full_name	수학적 자신감
holocene_ritual_effect/source	홀로세와 가정 상황을 따져 보아 획득
horrible_dream_effect/character_full_name	식은땀
horrible_dream_effect/description	카롤리나의 꿈을 겪은 뒤 얻는다.
horrible_dream_effect/source	카롤리나의 악몽을 체험해 획득
hurtkick/character_full_name	어긋난 기대
hurtkick/description	일이 뜻대로 풀리지 않았다, 친구.
hurtkick/source	문을 제대로 못 차서 획득
kaleidoscope_ritual_effect/character_full_name	청각의 희열
kaleidoscope_ritual_effect/source	칼레이도스코프의 헤드폰을 착용해 획득
karolina_ritual_effect/character_full_name	꿈속 산책
karolina_ritual_effect/source	카롤리나의 꿈에 관해 이야기해 획득
killed_bagman_effect/character_full_name	배그와 화약의 도취
killed_bagman_effect/source	배그맨을 쏴서 획득
killed_holocene_effect/character_full_name	생물 위기
killed_holocene_effect/source	홀로세를 죽여서 획득
loan_effect/character_full_name	돈 생각뿐
loan_effect/source	대출을 받아서 획득
locus_effect/character_full_name	자기확신에 찬 자아
locus_effect/source	멜리타를 도발해서 획득(내적 통제 소재 효과)
master_reality_effect/character_full_name	현실의 지배자
master_reality_effect/description	스튜디오에서 배그맨과 대화한 뒤 얻는다.
master_reality_effect/source	배그맨의 예언자가 되어 획득
metal_stripper_loss_effect/character_full_name	칠흑 속의 망신
metal_stripper_loss_effect/source	어둠 속 싸움에서 패배하여 획득
metal_stripper_win_effect/character_full_name	칠흑 같은 아드레날린
metal_stripper_win_effect/source	어둠 속 싸움에서 승리하여 획득
metaphysical_nause_effect/character_full_name	형이상학적 메스꺼움
metaphysical_nause_effect/source	빨간 디스크의 곡에 노출되어 획득
moon_waiting_effect/character_full_name	달의 관점
moon_waiting_effect/source	의식(보름달 카운터 효과)을 치러 획득
not_tired/character_full_name	푹 잔 직후
not_tired/deactivation_custom_message	이제 잠들 수 있다
not_tired/source	잠들어서 획득
operainspired/character_full_name	오페라 교본 전도사 (TomL 테스트)
perforated_hip_effect/character_full_name	관통당한 엉덩이
perforated_hip_effect/source	총에 맞아 획득
polaris_blessing_effect/character_full_name	폴라리스의 축복
polaris_blessing_effect/source	폴라리스에게 기도하여 획득
post_concussion_effect/character_full_name	뇌진탕 후 증후군
post_concussion_effect/description	TKTKTK
post_concussion_effect/source	감전으로 의식을 잃어 획득
post_melatonin_effect/character_full_name	멍한 상태
post_melatonin_effect/source	멜라토닌을 먹고 잠들어 획득
pressure_anxiety_status_effect/character_full_name	불안
pressure_anxiety_status_effect/description	[사회적 한계를 넘어섰다. 불안한 동안에는 심리(사회) 판정이 더 어려워지며, 그 판정을 하는 중에는 전력을 다할 수 없다.]
pressure_anxiety_status_effect/source	고조된 불안으로 획득
pressure_delirium_status_effect/character_full_name	섬망
pressure_delirium_status_effect/source	고조된 섬망으로 획득
pressure_fatigue_status_effect/character_full_name	피로
pressure_fatigue_status_effect/source	고조된 피로로 획득
probe_disc_effect/character_full_name	우주 저편의 비밀
probe_disc_effect/description	하우츠만과 함께 우주 탐사선 디스크를 들으면 얻는다.
probe_disc_effect/source	오래된 우주 녹음으로 획득
pseudopod_remorse_effect/character_full_name	구매자의 후회
pseudopod_remorse_effect/source	슈도팟의 머리를 걷어차서 획득
pseudopod_ritual_effect/character_full_name	각인 결속
pseudopod_ritual_effect/source	슈도팟의 대머리 부분을 문질러서 획득
pull_this_off_effect/character_full_name	비상 조치
pull_this_off_effect/source	고조된 불안(「이걸 해내는 법」 효과)으로 획득
ramses_ritual_effect/character_full_name	드높은 경지
ramses_ritual_effect/source	람세스의 대마초를 피워 획득
rib_kick_glory_effect/character_full_name	후련한 신체 가해
rib_kick_glory_effect/source	적에게 가벼운 폭력을 휘둘러 획득
rotanev_blessing_effect/character_full_name	로타네프의 축복
rotanev_blessing_effect/source	로타네프에게 기도하여 획득
secondhandcoke/character_full_name	중고 코카인
secondhandcoke/description	아끼는 손위 형제자매에게서 물려받았다.
secondhandcoke/source	다른 사람의 코카인으로 획득
sentience_shelved_effect/character_full_name	선반에 올려 둔 의식
sentience_shelved_effect/source	프레닥실을 복용하여 획득
shot_in_shoulder_effect/character_full_name	두 번째로 좋아하는 총상
shot_in_shoulder_effect/source	총에 맞아 획득
sirius_blessing_effect/character_full_name	시리우스의 축복
sirius_blessing_effect/source	시리우스에게 기도하여 획득
sleepy_effect/character_full_name	더 깊은 잠
sleepy_effect/source	멜라토닌을 복용하여 획득
sneaky_photo_effect/character_full_name	몰래 찍는 사진사
sneaky_photo_effect/description	MOON 임무 중에 루시아의 좋은 사진을 찍는다.
sneaky_photo_effect/source	좋은 사진을 찍어 획득
stone_age_mentality_effect/character_full_name	석기시대 정신 상태
stone_age_mentality_effect/source	대마를 복용하여 획득
tomas_viagra_effect/character_full_name	합성 남성성
tomas_viagra_effect/source	안티-LASS 치료제를 복용하여 획득
tonio_sweeping_effect/character_full_name	쓸기 광풍
tonio_sweeping_effect/source	빗자루질을 엄청나게 해서 획득
truth_serum_effect/character_full_name	자백제 후유증
truth_serum_effect/source	에스티의 주사기로 획득
unrealised_loss_effect/character_full_name	깊어진 불길한 예감
unrealised_loss_effect/source	고조된 불안(「미실현 손실」 효과)으로 획득
uv_last_look_effect/character_full_name	마지막 우울
uv_last_look_effect/source	울트라 비올레타와 작별의 눈빛을 나누어 획득
yana_ritual_effect/character_full_name	향수
yana_ritual_effect/source	야나를 도우며 템포를 떠올려 획득
all_plots_tend_toward_death/character_full_name	그랜드 리치 제거하기
all_plots_tend_toward_death/description	오페라는 루스의 대중문화부 장관 파쿤도 레예스를 암살하라고 지시했다. 이를 해내려면 계획과 무기, 그리고 팀이 필요하다.
all_plots_tend_toward_death/task_alternative_description	███████████████████████████████████████
all_plots_tend_toward_death/task_alternative_name	[검열됨]
all_plots_tend_toward_death.subTasks{await_opp}/name	알맞은 때를 기다리기
all_plots_tend_toward_death.subTasks{await_opp}.updates{opportunity}/entry	그랜드 리치는 은행나무 잎이 떨어질 무렵 루스 전범 사당을 찾을 예정이다. 그때가 기회다.
all_plots_tend_toward_death.subTasks{await_opp}.updates{travel_back}/entry	길고 고단한 하루였다. 이쯤에서 포토 24로 돌아가 쉬는 것도 좋겠다.
all_plots_tend_toward_death.subTasks{dummy_subtask}.updates{boatman_sidejob}/entry	뱃사공은 부두 근처에서 떠다니는 상자를 뭍으로 건져 오면 보수를 준다고 한다.
all_plots_tend_toward_death.subTasks{dummy_subtask}.updates{fogged_mirror_job}/entry	루시아는 흐려진 거울에서 교대 근무를 서 주면 돈을 준다고 한다.
all_plots_tend_toward_death.subTasks{dummy_subtask}.updates{tonio_sidejob}/entry	토니오는 주택 캠페인 구역 일대를 쓸어 주면 돈을 준다고 한다.
all_plots_tend_toward_death.subTasks{escape_shrine}/name	안전한 곳으로 몸 피하기
all_plots_tend_toward_death.subTasks{escape_shrine}.updates{pitol_boat}/entry	멜리타의 말로는 해 질 녘에 피톨 지구 부두에 배가 대기하고 있을 것이다.
all_plots_tend_toward_death.subTasks{get_your_new_assignment}/name	멜리타와 다음 단계 논의하기
all_plots_tend_toward_death.subTasks{get_your_new_assignment}.updates{call_melita}/entry	이만큼 중대한 정보는 포토 24의 마법 상자로만 논의해야 한다.
all_plots_tend_toward_death.subTasks{get_your_new_assignment}.updates{constanz_fax}/entry	콘스탄츠의 말로는 중요한 팩스가 도착했다고 한다.
all_plots_tend_toward_death.subTasks{get_your_new_assignment}.updates{melita_did_not_answer_update}/entry	포토 24에서 멜리타에게 전화를 걸어 봤지만 아무도 받지 않았다.
all_plots_tend_toward_death.subTasks{grand_lich_plot}/name	그랜드 리치를 칠 계획 세우기
all_plots_tend_toward_death.subTasks{grand_lich_plot}.updates{dante_is_key}/entry	죄수가 리치의 방문 소식을 알려 주었다. 리치의 일정을 더 알고 있을지도 모른다.
all_plots_tend_toward_death.subTasks{grand_lich_plot}.updates{got_bomb}/entry	구식 폭탄을 손에 넣었다. 쓸모가 있을지도 모른다.
all_plots_tend_toward_death.subTasks{grand_lich_plot}.updates{hauzmann_help}/entry	심장 없는 남자는 도와주면 리치의 도착 시각을 알려 주겠다고 약속했다.
all_plots_tend_toward_death.subTasks{grand_lich_plot}.updates{leaves_fall}/entry	기술 파시즘의 그랜드 리치는 파티 골목의 은행나무 잎이 떨어지기 시작할 때 포르토피로에 도착한다.
all_plots_tend_toward_death.subTasks{grand_lich_plot}.updates{pump_and_dump}/entry	시각은 알아냈으니 이제 장소가 필요하다. 이 도시의 누군가는 루스의 의식이 어디서 열리는지 알고 있을 것이다.
all_plots_tend_toward_death.subTasks{grand_lich_plot}.updates{red_disc}/entry	배그맨에게서 복원된 빨간 디스크를 되찾았다. 써먹을 수는 있지만 위험은 각오해야 한다.
all_plots_tend_toward_death.subTasks{grand_lich_plot}.updates{shrine_visit}/entry	그랜드 리치와 루스 대표단 일행은 파시즘 불멸 영웅 사당을 방문할 것이다.
all_plots_tend_toward_death.subTasks{grand_lich_plot}.updates{superbloc}/entry	노래 '슈퍼블록, 베이비!'가 찾아낸 폭탄의 기폭 장치다.
all_plots_tend_toward_death.subTasks{grand_lich_plot}.updates{where_when}/entry	계획을 언제 어디서 실행할지 알아내야 한다.
all_plots_tend_toward_death.subTasks{hauzmann_payphone}/name	전화 받기
all_plots_tend_toward_death.subTasks{hauzmann_payphone}.updates{fix_fax}/entry	콘스탄츠는 사진관의 팩스기를 고쳐 주길 바란다.
all_plots_tend_toward_death.subTasks{hauzmann_payphone}.updates{phone_fax}/entry	암호화된 팩스가 파티 골목 북서쪽의 공중전화로 안내했다.
all_plots_tend_toward_death.subTasks{hauzmann_payphone}.updates{pra_phone}/entry	쪽지가 파티 골목 북서쪽의 공중전화로 안내했다.
all_plots_tend_toward_death.subTasks{kill_lich}/name	파쿤도 레예스를 처리하라
all_plots_tend_toward_death.subTasks{kill_lich}.updates{boatman_job}/entry	뱃사공이 부두에서 표류하는 상자를 뭍으로 건져 오면 보수를 준다고 한다.
all_plots_tend_toward_death.subTasks{kill_lich}.updates{bomb_placed}/entry	폭탄을 공중전차 안 짐칸에 설치했다.
all_plots_tend_toward_death.subTasks{kill_lich}.updates{bomb_placement}/entry	'슈퍼블록, 베이비'를 선곡했지만, 공중전차 어딘가에 폭탄을 설치해야 한다.
all_plots_tend_toward_death.subTasks{kill_lich}.updates{double_report}/entry	수행원들과 함께 언덕 위 사당으로 향하는 모습이 목격되었다.
all_plots_tend_toward_death.subTasks{kill_lich}.updates{lucia_job}/entry	루시아가 흐려진 거울에서 교대 근무를 대신 서 주면 보수를 준다고 한다.
all_plots_tend_toward_death.subTasks{kill_lich}.updates{melita_calls}/entry	아무 공중전화로나 멜리타에게 전화해 도움을 청할 수 있다. 민감한 사안이라면 포토 24의 "마법 상자"로 연락한다.
all_plots_tend_toward_death.subTasks{kill_lich}.updates{tonio_job}/entry	주택 캠페인 일대를 쓸어 주면 토니오가 돈을 조금 쥐여 준다고 한다.
all_plots_tend_toward_death.subTasks{make_goons}/name	리치의 경호원을 파악하라
all_plots_tend_toward_death.subTasks{make_goons}.updates{make_goons_update}/entry	리치의 경호원들은 사당 주변에 배치될 것이다.
all_plots_tend_toward_death.subTasks{meet_bagman}/name	스튜디오로 배그맨을 찾아가라
all_plots_tend_toward_death.subTasks{meet_bagman}.updates{bagman_gloat}/entry	배그맨은 시청자들에게, 최근 훔친 "초병기"에 대해 이야기하고 싶으면 언제든 전화하라고 했다.
all_plots_tend_toward_death.subTasks{meet_bagman}.updates{bagman_location}/entry	배그맨은 자신에게 오려면 주택 캠페인의 지붕들을 가로질러야 한다고 했다.
all_plots_tend_toward_death.subTasks{meet_bagman}.updates{bagman_number}/entry	배그맨의 TV 프로그램 '현실 상황'의 시청자 전화번호를 적어 두었다.
all_plots_tend_toward_death.subTasks{meet_bagman}.updates{bagman_repair}/entry	배그맨이 곧 빨간 디스크를 "생방송"으로 쓸 것이다... 가서 상황을 살펴보는 게 좋겠다.
all_plots_tend_toward_death.subTasks{meet_bagman}.updates{melita}/entry	멜리타에 따르면 배그맨의 스튜디오는 주택 캠페인 안에 있으며, 지붕을 타고 갈 수 있다.
all_plots_tend_toward_death.subTasks{meet_bagman}.updates{stole_nothing}/entry	로켓 사일로에서 습격당했다. 공격자는 종이봉투 하나를 남기고 갔다.
all_plots_tend_toward_death.subTasks{meet_bagman}.updates{stolen_disc}/entry	로켓 사일로에서 빨간 디스크를 도둑맞았다. 공격자는 종이봉투 하나를 남기고 갔다.
all_plots_tend_toward_death.subTasks{meet_second}/name	공중전차에서 시종과 합류하라
all_plots_tend_toward_death.subTasks{meet_second}.updates{meet_second_update}/entry	리치와 그 수행원들에 대한 상황을 파악할 수 있을 것이다.
all_plots_tend_toward_death.subTasks{melita_call}/name	"마법 상자"로 멜리타에게 연락하라
all_plots_tend_toward_death.subTasks{melita_call}.updates{melita_final_call}/entry	준비가 되면 포토 24의 마법 상자로 전화해 임무를 시작할 수 있다. 일단 시작하면 되돌릴 수 없다.
all_plots_tend_toward_death.subTasks{red_disc_bagman}/name	빨간 디스크의 운명을 배그맨과 함께 결정하라
all_plots_tend_toward_death.subTasks{red_disc_bagman}.updates{plans}/entry	그는 디스크로 꾸미는 일이 있는 모양이다. 어쩌면 이쪽도 마찬가지일지 모른다.
all_plots_tend_toward_death.subTasks{set_song}/name	공중전차 주크박스에 곡을 걸어라
all_plots_tend_toward_death.subTasks{set_song}.updates{got_bomb}/entry	구형 폭탄을 손에 넣었다. 쓸모가 있을지도 모른다.
all_plots_tend_toward_death.subTasks{set_song}.updates{red_disc}/entry	배그맨에게 빼앗겼던 재구성된 빨간 디스크를 되찾았다. 쓸 만할 것이다.
all_plots_tend_toward_death.subTasks{set_song}.updates{song_meaning}/entry	어떤 곡을 고르느냐에 따라 분대에 행동 계획이 전달된다.
all_plots_tend_toward_death.subTasks{set_song}.updates{superbloc}/entry	'슈퍼블록, 베이비'가 찾아낸 폭탄의 기폭 장치다.
all_plots_tend_toward_death.subTasks{wait_tram}/name	리치를 태운 공중전차를 기다려라
all_plots_tend_toward_death.subTasks{wait_tram}.updates{wait_tram_update}/entry	곧 공중전차 정류장에 도착할 것이다. 분대와 근황을 나눠 둘 좋은 기회다.
assemble_new_sick_crew/character_full_name	새로운 병든 일당을 꾸려라
assemble_new_sick_crew/description	분대 없이는 임무도 없다. 옛 인맥망에 남은 것을 그러모으거나, 파멸까지 따라와 줄 새 동지를 찾아야 한다.
assemble_new_sick_crew.subTasks{another_four}/name	홀로세가 함께 일할 만한 광대를 찾아라
assemble_new_sick_crew.subTasks{another_four}.updates{find_vespar}/entry	옛 카라비네로 친구 베스파르가 적임이다. 요즘은 대개 동네 술집 어딘가에서 술을 마시고 있다.
assemble_new_sick_crew.subTasks{another_four}.updates{pseudo_possible}/entry	슈도팟을 되살려 합류하도록 설득할 수 있다면 그가 광대가 될 수 있다.
assemble_new_sick_crew.subTasks{another_four}.updates{revive_pseudo}/entry	슈도팟이 전투 불능만 아니었다면 좋은 선택이었을 것이다.
assemble_new_sick_crew.subTasks{another_three}/name	람세스가 함께 일할 만한 천문가를 찾아라
assemble_new_sick_crew.subTasks{another_three}.updates{cinema}/entry	카롤리나는 키사치의 옛 영화관에서 지낸다.
assemble_new_sick_crew.subTasks{another_three}.updates{dr_hugo}/entry	카롤리나의 아버지는 도시 어딘가에서 하우스보트 진료소를 운영한다.
assemble_new_sick_crew.subTasks{another_three}.updates{es_bank}/entry	에스티는 지금 은행에서 일하지만, 이탈할 마음이 있을지도 모른다.
assemble_new_sick_crew.subTasks{another_three}.updates{eszti_role}/entry	둘이 서로 잘 지낼 수만 있다면 에스티가 이 자리에 어울린다.
assemble_new_sick_crew.subTasks{another_three}.updates{karo_mach}/entry	카롤리나는 옛 영화관에 있지만 어떤 기계에 정신이 팔린 듯하다.
assemble_new_sick_crew.subTasks{another_three}.updates{no_estzi}/entry	에스티는 분대에 들어올 생각이 전혀 없다.
assemble_new_sick_crew.subTasks{another_three}.updates{sept_block}/entry	카롤리나의 남자 친구 셉티무스가 만남을 가로막는다.
assemble_new_sick_crew.subTasks{find_four}/name	오직 당신만 아는 이유로 광대를 찾아라
assemble_new_sick_crew.subTasks{find_four}.updates{find_ramses}/entry	옛 친구이자 도청의 달인인 람세스가 이 자리에 제격이다.
assemble_new_sick_crew.subTasks{find_four}.updates{find_tomas}/entry	슈도팟이 전투 불능만 아니었다면 좋은 선택이었을 것이다.
assemble_new_sick_crew.subTasks{find_four}.updates{find_vespar}/entry	옛 카라비네로 친구 베스파르가 적임이다. 요즘은 대개 동네 술집 어딘가에서 술을 마시고 있다.
assemble_new_sick_crew.subTasks{find_four}.updates{goat_eyes}/entry	염소눈이 베스파르가 사오 년 전에 살해되었다고 확인해 주었다.
assemble_new_sick_crew.subTasks{find_four}.updates{houseboat_sounds}/entry	남쪽 기슭에 떠다니는 하우스보트에서 이상한 소리가 들려온다.
assemble_new_sick_crew.subTasks{find_four}.updates{pseudo_possible}/entry	슈도팟을 되살려 합류하도록 설득할 수 있다면 그가 광대가 될 수 있다.
assemble_new_sick_crew.subTasks{find_four}.updates{pseudo_ready}/entry	슈도팟이 이제 분대에 합류할 수 있다.
assemble_new_sick_crew.subTasks{find_four}.updates{ramses_found}/entry	하우스보트에서 람세스를 찾았지만, 아직 임무에 나설 상태가 아니다.
assemble_new_sick_crew.subTasks{find_four}.updates{ramses_ready}/entry	람세스가 합류할 준비를 마쳤다.
assemble_new_sick_crew.subTasks{find_four}.updates{reno_partner}/entry	레노는 루스타미아 신탁자를 만나고 있다. 레노의 말로는 그 사람이 "해안으로 떠밀려 왔다"고 한다.
assemble_new_sick_crew.subTasks{find_four}.updates{what_happened}/entry	베스파르가 죽었을지도 모른다. 마지막으로 목격됐을 때는 로터리 근처에 출몰하는 정보원과 함께 있었다.
assemble_new_sick_crew.subTasks{find_three}/name	천문가를 찾아 상황을 다른 각도에서 바라보라
assemble_new_sick_crew.subTasks{find_three}.updates{eszti}/entry	둘이 서로 잘 지낼 수만 있다면 에스티가 이 자리에 어울린다.
assemble_new_sick_crew.subTasks{find_three}.updates{find_holocene}/entry	홀로세도 후보지만, 멜리타는 아예 손대지 말라고 한다.
assemble_new_sick_crew.subTasks{find_three}.updates{find_karolina}/entry	카롤리나가 적임일 수 있다. 아버지가 도시 어딘가에서 하우스보트 진료소를 운영한다.
assemble_new_sick_crew.subTasks{find_three}.updates{holocene_dead}/entry	홀로세는 더 이상 후보가 될 수 없다.
assemble_new_sick_crew.subTasks{find_three}.updates{karo_machine}/entry	카롤리나는 옛 영화관에 있지만 어떤 기계에 정신이 팔린 듯하다.
assemble_new_sick_crew.subTasks{find_three}.updates{not_eszti}/entry	에스티는 새 분대에 들어올 생각이 전혀 없다.
assemble_new_sick_crew.subTasks{find_three}.updates{old_cinema}/entry	카롤리나는 키사치의 옛 영화관에서 지낸다.
assemble_new_sick_crew.subTasks{find_three}.updates{septimus}/entry	카롤리나의 남자 친구 셉티무스가 만남을 가로막는다.
assemble_new_sick_crew.subTasks{find_two}/name	무조건 당신 편에 서 줄 시종을 찾아라
assemble_new_sick_crew.subTasks{find_two}.updates{kal_ready}/entry	괜찮다면 칼레이도스코프가 합류하고 싶어 한다. 흐려진 거울에서 만나기로 했다.
assemble_new_sick_crew.subTasks{find_two}.updates{met_kal}/entry	칼레이도스코프라는 스파이를 만났다. 그의 용건을 먼저 정리해 주면 합류할 수 있을지도 모른다.
assemble_new_sick_crew.subTasks{find_two}.updates{noone_yet}/entry	이 역할에 자연스레 어울리는 사람은 아직 없다. 어딘가에는 분명 있을 것이다.
assemble_new_sick_crew.subTasks{find_two}.updates{yana_availability}/entry	멜리타는 야나에게 잠재력이 있다고 보지만, 야나는 다른 일에 정신이 팔려 보인다. 먼저 야나의 일정을 비워 줘야 한다.
assemble_new_sick_crew.subTasks{find_two}.updates{yana_ready}/entry	야나가 분대에 들어오고 싶어 한다. 흐려진 거울에서 기다리고 있다.
assemble_new_sick_crew.subTasks{inform_melita}/name	때가 되면 멜리타에게 분대를 확정해 보고하라
assemble_new_sick_crew.subTasks{inform_melita}.updates{right_time}/entry	무기와 빈틈없는 계획을 갖추기 전에는 안 된다.
assemble_new_sick_crew.subTasks{three_crew}/name	호흡이 맞는 세 사람을 모집하라
assemble_new_sick_crew.subTasks{three_crew}.updates{fogged_mirror}/entry	준비를 마친 분대원들은 흐려진 거울에서 기다릴 것이다.
assemble_new_sick_crew.subTasks{three_crew}.updates{holocene_ready}/entry	홀로세가 이제 분대에 합류할 수 있다.
assemble_new_sick_crew.subTasks{three_crew}.updates{holocene}/entry	홀로세는 옛 병든 일당 누구와도 일하지 않고, 신입만 받겠다고 한다.
assemble_new_sick_crew.subTasks{three_crew}.updates{kal_ready}/entry	괜찮다면 칼레이도스코프가 합류하고 싶어 한다.
assemble_new_sick_crew.subTasks{three_crew}.updates{kaleidoscope}/entry	칼레이도스코프는 시종이 되고 싶어 한다. 그 밖에 누구를 데려오든 상관없다.
assemble_new_sick_crew.subTasks{three_crew}.updates{karo_ready}/entry	카롤리나가 분대에 합류할 준비를 마쳤다.
assemble_new_sick_crew.subTasks{three_crew}.updates{karo}/entry	카롤리나는 누구와도 일할 수 있다. 책임감 강하고 충직하다.
assemble_new_sick_crew.subTasks{three_crew}.updates{psedo_lobotomised}/entry	슈도팟의 현재 정신 상태로 보아 누구와 일하든 상관하지 않을 것이다.
assemble_new_sick_crew.subTasks{three_crew}.updates{pseudo_importer}/entry	슈도팟은 누구와도 일할 수 있다고 했다.
assemble_new_sick_crew.subTasks{three_crew}.updates{pseudo_original}/entry	슈도팟은 누구와도 일할 수 있다고 했다. 진정한 프로다.
assemble_new_sick_crew.subTasks{three_crew}.updates{pseudo_ready}/entry	슈도팟이 이제 분대에 합류할 수 있다.
assemble_new_sick_crew.subTasks{three_crew}.updates{ramses_ready}/entry	람세스가 합류할 준비를 마쳤다.
assemble_new_sick_crew.subTasks{three_crew}.updates{ramses}/entry	람세스는 홀로세와 일하기를 거부한다. "괴짜"라면 누구든 마찬가지다.
assemble_new_sick_crew.subTasks{three_crew}.updates{viable}/entry	모두가 서로 어울리는 것은 아니다. 각자의 성향을 미리 알아 두는 편이 좋겠다.
assemble_new_sick_crew.subTasks{three_crew}.updates{yana_ready}/entry	야나가 분대에 들어오고 싶어 한다.
assemble_new_sick_crew.subTasks{three_crew}.updates{yana}/entry	야나는 시종 자리만 맡을 수 있다면 누구와 일하든 상관없다.
collectthemall/character_full_name	전부 모아라
collectthemall/description	플라스틱 늑대 컵을 모은다고 행복하고 충만한 사람이 되리라고 말하는 이는 없다. 하지만 그렇지 *않으리라고* 말하는 이도 없다.
collectthemall.subTasks{collect_all_66_cups}/name	'구원 편'의 여섯 늑대를 모아라
collectthemall.subTasks{collect_all_66_cups}.updates{critical}/entry	비평 늑대 컵을 갖고 있다.
collectthemall.subTasks{collect_all_66_cups}.updates{dream}/entry	꿈 늑대 컵을 모았다.
collectthemall.subTasks{collect_all_66_cups}.updates{eager}/entry	의욕 늑대 컵을 얻었다.
collectthemall.subTasks{collect_all_66_cups}.updates{placid}/entry	온화 늑대 컵을 입수했다.
collectthemall.subTasks{collect_all_66_cups}.updates{stubborn}/entry	이제 고집 늑대 컵은 당신 차지다.
collectthemall.subTasks{collect_all_66_cups}.updates{tyrant}/entry	폭군 늑대 컵을 이미 갖고 있다.
collectthemall.subTasks{tyrant_wolf}/name	사당 정리하기
collectthemall.subTasks{tyrant_wolf}.updates{clean_up}/entry	사당 소녀가 늑대 컵을 주는 대가로 리가우 제독의 사당을 청소해 달라고 부탁했다.
drgonzaspersonaleffects/character_full_name	곤자 박사의 개인 소지품 되찾기
drgonzaspersonaleffects/description	미친 의사는 휴고 박사가 자신의 아주 개인적인 물건을 가지고 있다고 주장한다. 그게 무엇이든 도로 받아 내고 싶어 한다.
drgonzaspersonaleffects.subTasks{dr_abe_talk}/name	휴고 아베 박사에게 남의 물건을 돌려주라고 부탁하기
drgonzaspersonaleffects.subTasks{medical_dummy}/name	휴고 박사에게서 곤자의 물건 되찾기
drgonzaspersonaleffects.subTasks{medical_dummy}.updates{Abe_Houseboat}/entry	곤자 박사의 전 동료 휴고 아베는 뒷물길 근처의 하우스보트에 산다.
drgonzaspersonaleffects.subTasks{medical_dummy}.updates{hold_for_gonza}/entry	휴고 박사는 곤자 박사를 위해 의료용 마네킹을 보관하고 있다고 말했다.
drgonzaspersonaleffects.subTasks{medical_dummy}.updates{holding_on}/entry	휴고 박사는 전 동료의 의료용 마네킹을 보관하고 있다고 말했다.
drgonzaspersonaleffects.subTasks{medical_dummy}.updates{karos_bedroom}/entry	휴고 박사는 곤자의 의료용 마네킹을 하우스보트 위층 방에 보관하고 있다.
drgonzaspersonaleffects.subTasks{medical_dummy}.updates{melita}/entry	멜리타가 마지못해, 영업이 끝난 뒤 진료소에 잠입하라고 조언했다.
drgonzaspersonaleffects.subTasks{medical_dummy}.updates{reveal}/entry	휴고 박사의 말로는 곤자의 개인 소지품은 의료용 마네킹 하나뿐이다.
drgonzaspersonaleffects.subTasks{medical_dummy}.updates{stopped_ladder}/entry	휴고 박사는 낮에는 하우스보트 위층에 올라가지 못하게 막았다.
drgonzaspersonaleffects.subTasks{return_dummy_to_gonza}/name	의료용 마네킹을 곤자에게 돌려주기
drgonzaspersonaleffects.subTasks{return_dummy_to_gonza}.updates{open_times}/entry	진료소 영업시간에 돌려줘야 한다. 즉, 날이 어두워진 뒤다.
duchess_gift/character_full_name	더치스에게 줄 선물
duchess_gift/description	기적 회선의 단골 중 한 명인 비둘기가 자기 대신 더치스에게 선물을 전해 달라고 한다.
duchess_gift.subTasks{confront_pigeon}/name	선물 건으로 비둘기를 추궁하기
duchess_gift.subTasks{confront_pigeon}.updates{pigeon_lied}/entry	비둘기는 더치스와의 관계에 대해 거짓말을 했다.
duchess_gift.subTasks{deliver_gift}/name	더치스에게 선물 전달하기
duchess_gift.subTasks{deliver_gift}.updates{duchess_houseboat}/entry	더치스는 파티 골목 북서쪽, 주택 캠페인 단지의 하우스보트에 산다.
duchess_gift.subTasks{deliver_gift}.updates{housing_campaign_blocked}/entry	위압적인 세 사람이 주택 캠페인으로 가는 길을 막고 있다.
duchess_gift.subTasks{deliver_gift}.updates{not_right}/entry	더치스에게 줄 이 선물, 뭔가 꺼림칙하다.
duchess_gift.subTasks{warn_duchess}/name	더치스에게 비둘기의 "선물"을 경고하기
duchess_gift.subTasks{warn_duchess}.updates{route_blocked}/entry	위압적인 세 사람이 주택 캠페인으로 가는 길을 막고 있다.
fillintheoutlineoftheman/character_full_name	비밀 죄수와 접촉하기
fillintheoutlineoftheman/description	템포의 메시지는 그와 함께 사라졌다. 이제 남은 단서는 그가 '큰 거래'를 함께 추진하던 늙은 루스 사람 죄수뿐이다. 그가 갇혀 있는 비밀 감옥을 찾아내 이 난장판의 진상을 밝혀야 한다.
fillintheoutlineoftheman.subTasks{Investigate_Lower_Level}/name	감옥에 잠입하기
fillintheoutlineoftheman.subTasks{Investigate_Lower_Level}.updates{behind_door}/entry	잡지 편집부에 *열면 안 되는* 잠긴 문이 하나 있다.
fillintheoutlineoftheman.subTasks{Investigate_Lower_Level}.updates{disappearing_payphone}/entry	해적판 바자르 서쪽 입구의 공중전화를 쓴 사람들이 사라졌다.
fillintheoutlineoftheman.subTasks{Investigate_Lower_Level}.updates{entrance_intercom}/entry	키사치 로터리 근처, 인터폰이 달린 건물에 들어가려면 구실이 필요하다.
fillintheoutlineoftheman.subTasks{Investigate_Lower_Level}.updates{get_inside}/entry	키사치 로터리 근처의 노란 건물이 목적지인 듯하다. 이제 안으로 들어갈 방법만 찾으면 된다.
fillintheoutlineoftheman.subTasks{Investigate_Lower_Level}.updates{hauzmann_right}/entry	비밀 감옥은 잡지 편집부 어딘가에 있는 게 확실해 보인다. 계속 조사해야 한다.
fillintheoutlineoftheman.subTasks{Investigate_Lower_Level}.updates{past_security}/entry	수문 뒤편의 보안문을 지나 건물의 숨겨진 구역에 들어섰다.
fillintheoutlineoftheman.subTasks{Investigate_Lower_Level}.updates{poem_accepted}/entry	시가 채택되었다. 이제 뒷방과, 그 방이 이어진 모든 곳에 출입할 수 있다.
fillintheoutlineoftheman.subTasks{Investigate_Lower_Level}.updates{security_door}/entry	물을 뺀 수문 뒤쪽 구역으로 가는 길을 보안문이 막고 있다.
fillintheoutlineoftheman.subTasks{Investigate_Lower_Level}.updates{waterlock_route}/entry	물을 뺀 수문 아래쪽 방들이 감옥으로 통하는 뒷문인 듯하다.
fillintheoutlineoftheman.subTasks{speak_with_the_prisoner}/name	템포와 거래하던 죄수와 이야기하기
fillintheoutlineoftheman.subTasks{speak_with_the_prisoner}.updates{purpose}/entry	죄수가 야나와 거래에 대해 입을 열면, 다들 좆 된다.
fillintheoutlineoftheman.subTasks{speak_with_the_prisoner}.updates{terms_of_deal}/entry	템포의 거래는 그가 '메가 바이올레이터'라 부르던 무언가를 확보하려는 것이었음을 알게 됐다.
fillintheoutlineoftheman.subTasks{submit_poem}/name	잡지에 시 게재시키기
fillintheoutlineoftheman.subTasks{submit_poem}.updates{another_poem}/entry	시를 한 편 더 준비했다. 이번에는 편집장이 감명받기를 바란다.
fillintheoutlineoftheman.subTasks{submit_poem}.updates{poem_desk}/entry	포토 24 바로 위층의 책상이 시를 쓰기에 좋은 자리일 것이다.
fillintheoutlineoftheman.subTasks{submit_poem}.updates{poem_got}/entry	시를 한 편 썼다. 이제 이 시가 실릴 만한지는 편집장이 판단한다.
fillintheoutlineoftheman.subTasks{submit_poem}.updates{poem_rejected}/entry	편집장이 시를 거절했다. 한 편 더 써 볼 수도 있다... 그럴 기력이 남아 있다면.
fillintheoutlineoftheman.subTasks{submit_poem}.updates{poem_route}/entry	시 투고에 성공하면 잡지 편집부 안쪽으로 더 깊이 들어갈 수 있다.\n
fillintheoutlineoftheman.subTasks{submit_poem}.updates{rejected_again}/entry	편집장이 또 시를 거절했다. 자존심이 허락한다면 계속 도전해도 된다.
fillintheoutlineoftheman.subTasks{submit_poem}.updates{third_poem}/entry	세 번째 시를 준비해 뒀다. 이번에는 편집장이 받아 주기를 바란다.
fillintheoutlineoftheman.subTasks{waterlock_building}/name	비밀 감옥 찾기
fillintheoutlineoftheman.subTasks{waterlock_building}.updates{ask_locals}/entry	비밀 감옥의 위치는 알려진 바가 없다. 직접 찾아야 한다.
fillintheoutlineoftheman.subTasks{waterlock_building}.updates{bags_shit}/entry	남동쪽 쓰레기통에 배설물이 든 봉지들이 버려져 있었다.
fillintheoutlineoftheman.subTasks{waterlock_building}.updates{boatman_stayaway}/entry	뱃사공은 부두 너머 남쪽 해안 동쪽에는 얼씬도 하지 말라는 말을 들었다.
fillintheoutlineoftheman.subTasks{waterlock_building}.updates{broken_glasses}/entry	두꺼운 렌즈의 깨진 안경이 남동쪽 쓰레기통에 버려져 있었다.
fillintheoutlineoftheman.subTasks{waterlock_building}.updates{east_waterlock}/entry	동쪽 수문 근처에 이상하리만치 경비가 삼엄한 건물이 있다.
fillintheoutlineoftheman.subTasks{waterlock_building}.updates{entrance_intercom}/entry	키사치 로터리 근처, 인터폰이 달린 건물에 들어가려면 구실이 필요하다.
fillintheoutlineoftheman.subTasks{waterlock_building}.updates{hauzmann_office}/entry	인정머리 없는 동료는 잡지 편집부에 비밀 감옥이 숨겨져 있다고 확신한다.
fillintheoutlineoftheman.subTasks{waterlock_building}.updates{line_engineer}/entry	사람만 한 상자가 얼마 전 동쪽 수문 옆의 낡은 건물로 옮겨졌다.
fillintheoutlineoftheman.subTasks{waterlock_building}.updates{malen_hint}/entry	말렌이 바자르 동쪽의 수문을 살펴보라고 제안했다.
fillintheoutlineoftheman.subTasks{waterlock_building}.updates{noscorrentes_review}/entry	《노스코렌테스 리뷰》는 키사치 로터리 근처에 있는 시 전문 잡지다.
fillintheoutlineoftheman.subTasks{waterlock_building}.updates{pilots_waterlock}/entry	전직 조종사들은 서쪽 수문이 수년째 가동되지 않았다고 말한다.
fillintheoutlineoftheman.subTasks{waterlock_building}.updates{underwater_door}/entry	숨겨진 수중문이 있다는 소문을 들었다.
fillintheoutlineoftheman.subTasks{waterlock_building}.updates{yellow_building}/entry	키사치 로터리 남쪽의 노란 건물이 찾던 감옥일 가능성이 높다.
fillintheoutlineoftheman.subTasks{waterlock_building}.updates{zip_cuffs}/entry	남동쪽 건물 뒤 쓰레기통에서 케이블 타이 수갑을 찾았다.
in_defiance/character_full_name	알려진 모든 법칙을 거스르며
in_defiance/description	템포의 '큰 거래'에는 정체불명의 루스 장치가 얽혀 있었다. 그것이 무엇이고 그가 그걸로 무엇을 하려 했는지 알아내야 한다. 이건 *큰* 일이 될 것 같다.
in_defiance.subTasks{marco_contact}/name	이상한 헤드폰 남자에 대한 단서를 마르코에게서 얻기
in_defiance.subTasks{marco_contact}.updates{marco_saw_kal}/entry	마르코는 이상한 헤드폰 남자가 근처 우체통을 쓰는 것을 봤다.
in_defiance.subTasks{marco_contact}.updates{marco_update}/entry	마르코에게는 이상한 헤드폰 남자에 대한 새 정보가 없지만, 최선을 다해 상황을 주시하고 있다.
in_defiance.subTasks{marco_contact}.updates{uv_cosplayers}/entry	UV 코스어들은 이상한 헤드폰 남자가 콧수염을 기르고 베이지색 코트를 입고 있었다고 한다.
in_defiance.subTasks{marco_contact}.updates{yana_concern}/entry	야나는 마르코를 걱정하고 있다.
in_defiance.subTasks{marco_contact}.updates{yana_marco}/entry	야나의 '남자친구 비슷한 사이' 마르코는 '작전 중'이다. 이상한 헤드폰 남자를 뒤쫓고 있다.
in_defiance.subTasks{tempo_device}/name	템포가 각인 장치로 *진짜* 무엇을 하려 했는지 알아내기
in_defiance.subTasks{tempo_device}.updates{music}/entry	들었던 피아노 선율이 귀에 익다. 어째서인지 이 모든 일과 얽혀 있는 듯하다.
in_defiance.subTasks{tempo_device}.updates{something_missing}/entry	뭔가 빠뜨렸다. 눈앞의 조각들을 맞춰 보기만 하면 된다...
in_defiance.subTasks{tempo_device}.updates{yana_follow}/entry	야나가 보여 줄 게 있다며 따라오라고 했다.
in_defiance.subTasks{yana_device}/name	야나에게 그 이상한 장치에 대해 묻기
in_defiance.subTasks{yana_device}.updates{strange_deal}/entry	템포의 거래는 그가 '메가 바이올레이터'라 부르던 무언가를 확보하는 것이었다.
in_defiance.subTasks{yana_device}.updates{unusual_device}/entry	죄수는 템포를 위해 '극히 희귀한 장치'를 구해 줬다.
in_defiance.subTasks{yana_device}.updates{yana_lied}/entry	야나는 템포가 죄수와의 거래에서 자기 몫을 받지 못했다고 했지만, 거짓말이었다.
in_defiance.subTasks{yana_emterr}/name	EMTERR 공작원 건으로 야나를 추궁하기
in_defiance.subTasks{yana_emterr}.updates{attacked}/entry	공격을 받았다. 야나가 대체 무슨 일인지 설명할 때가 됐다.
kurt_debt/character_full_name	지금 사고, 나중에 기도하자
kurt_debt/description	정체불명의 시장 세력 때문에 쿠르트라는 남자가 <i>볼러</i> 짓을 못 하고 있다. 그가 다시 판에 복귀하도록 도와야 한다.
kurt_debt.subTasks{find_a_high_priest_of_capital}/name	유동성 마법사가 쿠르트를 사면하게 만들기
kurt_debt.subTasks{find_a_high_priest_of_capital}.updates{bought_priest_clothes}/entry	새 옷을 입으면 유동성 마법사 행세를 할 수 있다.
kurt_debt.subTasks{find_a_high_priest_of_capital}.updates{oskar_found}/entry	유동성 마법사를 찾았다. 파티 골목 하수구의 주정뱅이이자 EMTERR 대표인 오스카다.
kurt_debt.subTasks{find_a_high_priest_of_capital}.updates{oskar_needs_holy_water}/entry	오스카가 사면 의식을 치르려면 비슈냐 슈냅스 '온 투어'가 필요하다.
kurt_debt.subTasks{find_a_high_priest_of_capital}.updates{oskar_return_from_to_kurt}/entry	축복을 받아 쿠르트에게 돌아가기.
kurt_debt.subTasks{find_a_high_priest_of_capital}.updates{perform_the_rite_of_absolution}/entry	사제복을 입으면 사면 의식을 직접 집전할 수 있다.
kurt_debt.subTasks{find_out_how_much_kurt_owes_to_bruce}/name	쿠르트가 재단사에게 얼마를 빚졌는지 알려 주기
kurt_debt.subTasks{find_out_how_much_kurt_owes_to_bruce}.updates{return_to_kurt_from_bruce}/entry	브루스는 쿠르트가 빚진 상대가 자신이 아니라 EMTERR라고 말했다.
kurt_debt.subTasks{find_out_how_much_kurt_owes_to_bruce}.updates{talk_to_bruce_tailor}/entry	쿠르트가 파티 골목의 재단사 브루스와 이야기해 보라고 했다.
make_a_deal/character_full_name	초국적 자본과 거래하기
make_a_deal/description	루스 죄수라면 그랜드 리치를 암살할 최고의 기회를 알려 줄 것이다. 하지만 먼저 그를 감옥에서 빼내려면, EMTERR가 그와 맞교환할 의향이 있는지부터 알아내야 한다.
make_a_deal.subTasks{eszti_on_side}/name	에스티를 같은 편으로 만들기
make_a_deal.subTasks{eszti_on_side}.updates{apology_card}/entry	사과 카드를 써 보내 볼 수도 있다. 콘스탄츠가 포토 24에서 카드를 판다.
make_a_deal.subTasks{eszti_on_side}.updates{broker_deal}/entry	에스티라면 EMTERR와의 거래를 중개해 줄 수 있을 것이다.
make_a_deal.subTasks{exit_papers}/name	울트라 비올레타의 출국 서류 확보하기
make_a_deal.subTasks{exit_papers}.updates{kibble_price}/entry	레노가 멧돼지 사료 10kg 한 포대를 받고 서류를 만들어 주기로 했다.
make_a_deal.subTasks{exit_papers}.updates{means_of_escape}/entry	UV의 서류가 있으면 포르토피로와 스타의 삶에서 벗어날 수 있다.
make_a_deal.subTasks{exit_papers}.updates{reno_address}/entry	레노는 주택 캠페인 건물 꼭대기층 펜트하우스에 산다. 입구는 파티 골목 다리 옆이다.
make_a_deal.subTasks{exit_papers}.updates{reno_entry}/entry	멜리타는 청소부로 변장해 정문으로 레노의 집에 잠입하거나, 옥상으로 들어갈 다른 길을 찾아보라고 제안했다.
make_a_deal.subTasks{exit_papers}.updates{reno_exit}/entry	템포의 친구 레노가 서류를 내주기로 되어 있다.
make_a_deal.subTasks{exit_papers}.updates{reno_location}/entry	레노는 파티 골목 북서쪽 주택 캠페인 건물의 꼭대기층 펜트하우스에 산다.
make_a_deal.subTasks{exit_papers}.updates{reno_train}/entry	레노는 모형 기차가 사라져서 심기가 불편하다.
make_a_deal.subTasks{explore_deal}/name	칼레이도스코프와 거래 논의하기
make_a_deal.subTasks{explore_deal}.updates{info_for_info}/entry	칼레이도스코프가 울트라 비올레타에 관한 정보와 단테에 관한 정보를 맞교환하자고 제안했다.
make_a_deal.subTasks{finalise_deal}/name	거래 마무리하기
make_a_deal.subTasks{finalise_deal}.updates{confirm_kal}/entry	칼레이도스코프와 교환이 성사되는지 확인한다.
make_a_deal.subTasks{finalise_deal}.updates{initiate_yana}/entry	야나와 교환을 개시한다.
make_a_deal.subTasks{finalise_deal}.updates{reno_train}/entry	레노는 모형 기차가 사라져서 심기가 불편하다.
make_a_deal.subTasks{find_human_capital}/name	EMTERR 인적 자본국장 찾기
make_a_deal.subTasks{find_human_capital}.updates{bruce_freddie_location}/entry	브루스의 고객 중 프레데리크라는 EMTERR 대표가 폰섹스 회선에 중독돼 있다.
make_a_deal.subTasks{find_human_capital}.updates{eszti_head}/entry	옛 협조자 에스티가 EMTERR 인적 자본국장이다. 지금도 같은 위장 신분으로 파티 골목 최북단 가장자리의 주택 캠페인 건물에 산다.
make_a_deal.subTasks{find_human_capital}.updates{find_door}/entry	주택 캠페인에는 문이 많다. 그중 하나가 에스티의 집이다.
make_a_deal.subTasks{find_human_capital}.updates{fred_is_emterr}/entry	전직 조종사들은 밤마다 기적 회선을 독차지하는 남자가 EMTERR 소속일 거라고 짐작한다.
make_a_deal.subTasks{find_human_capital}.updates{fred_oskar}/entry	프레데리크가 상사인 메타모토에게 EMTERR 인적 자본국장에 대해 물어보라고 했다.
make_a_deal.subTasks{find_human_capital}.updates{know_door}/entry	에스티는 4호에 산다.
make_a_deal.subTasks{find_human_capital}.updates{mailbox}/entry	멜리타가 에스티의 집을 찾으려면 우편함이 열쇠라고 했다.
make_a_deal.subTasks{find_human_capital}.updates{oskar_bruce}/entry	파티 골목의 재단사 브루스에게는 오스카라는 EMTERR 고객이 있다.
make_a_deal.subTasks{find_human_capital}.updates{represent}/entry	EMTERR 대표라면 제대로 된 방향을 알려 줄 수 있을 것이다. 이 도시에 몇 명 있을 텐데.
make_a_deal.subTasks{find_human_capital}.updates{why_find}/entry	죄수와 맞바꿔 줄 수 있는 사람은 EMTERR 인적 자본국장이다.
make_a_deal.subTasks{reconnect_dante}/name	루스 사람 죄수와 다시 연락하기
make_a_deal.subTasks{reconnect_dante}.updates{auto_negotiator}/entry	보스콜 자동 협상기를 바자르의 동맥에 연결하면 이 일대 무선 네트워크를 추적할 수 있다.
make_a_deal.subTasks{reconnect_dante}.updates{hack_payphones}/entry	공중전화를 손봐서 그의 인터컴에 연결할 수 있을지도 모른다.
make_a_deal.subTasks{reconnect_dante}.updates{melita}/entry	멜리타 말로는 해적판 바자르에 있는 레노텔 동맥이 도움이 될 수 있다고 한다.
make_a_deal.subTasks{reconnect_dante}.updates{renotel_expert}/entry	레노텔 직원이 도와줄 수 있을 것이다.
make_a_deal.subTasks{reconnect_dante}.updates{renotel_technician}/entry	레노텔 기술자가 도와줄 수 있을 것이다.
make_a_deal.subTasks{reconnect_dante}.updates{rescue_dante}/entry	죄수에게 석방을 위한 거래를 추진 중이라고 알려 준다.
make_a_deal.subTasks{terms_from_emterr}/name	EMTERR의 조건 기다리기
make_a_deal.subTasks{terms_from_emterr}.updates{await_fax}/entry	EMTERR가 교환을 개시하려고 연락해 올 것이다. 시간이 좀 걸릴 수 있다.
make_a_deal.subTasks{terms_from_emterr}.updates{meet_kal}/entry	이상한 헤드폰을 쓴 남자가 흐려진 거울 위층에서 기다리고 있다.
make_a_deal.subTasks{terms_from_emterr}.updates{postcard}/entry	이상한 헤드폰을 쓴 남자가 포토 24에 엽서를 남겨 두었다.
make_a_deal.subTasks{uv_free}/name	V 풀어 주기
make_a_deal.subTasks{uv_free}.updates{eastern_republics}/entry	야나가 서류를 넘겨받아 UV를 동방 공화국들로 보낼 것이다.
make_a_deal.subTasks{yana_trade}/name	야나를 설득해 동참시키기
make_a_deal.subTasks{yana_trade}.updates{yana_hesitant}/entry	야나는 울트라 비올레타를 거래 대상으로 삼는 데 별로 내켜 하지 않지만, 설득할 수는 있을 것이다.
make_a_deal.subTasks{yana_trade}.updates{yana_key}/entry	야나가 UV를 바짝 지켜보고 있으니, 이 일을 해내려면 야나와 손잡아야 한다.
procureinthreatre/character_full_name	현지 조달
procureinthreatre/description	임무에 쓸 무기가 필요하다. 안타깝게도 이 도시에서는 오페라가 무기를 그냥 보내 줄 수 없다.
procureinthreatre.subTasks{buyagun}/name	무기 구입하기
procureinthreatre.subTasks{buyagun}.updates{ask_boatman_gun}/entry	뱃사공이 올바른 방향을 알려 줄지도 모른다.
procureinthreatre.subTasks{buyagun}.updates{boatman_directions}/entry	뱃사공이 키사치 로터리 근처 툭툭 주차장으로 가 보라고 했다. 밤에 들러야 한다.
procureinthreatre.subTasks{buyagun}.updates{dockworkers_gun}/entry	바자르의 부두 노동자들이라면 이 도시에 무기가 어떻게 흘러드는지 알지도 모른다.
procureinthreatre.subTasks{buyagun}.updates{goat_eyes}/entry	염소눈은 전에도 무기를 구해 본 사람처럼 보인다. 밤에 찾아가면 만날 수 있다.
procureinthreatre.subTasks{buyagun}.updates{melita}/entry	멜리타는 아주리 일당이 도와줄 수 있다고 했다. 필요한 사람은 아마 키사치 로터리 근처에 있을 것이다.
procureinthreatre.subTasks{buyagun}.updates{need_money}/entry	염소눈은 선금을 받으면 무기를 구해 줄 수 있다. 밤에 찾아가면 만날 수 있다.
procureinthreatre.subTasks{buyagun}.updates{paid_gun}/entry	염소눈에게 무기 값을 치렀다. 몇 시간 뒤에 돌아가 받으면 된다.
procureinthreatre.subTasks{buyagun}.updates{roundabout}/entry	키사치 로터리 근처 주차장으로 가 보라는 말을 들었다.
procureinthreatre.subTasks{buyagun}.updates{shifts}/entry	돈이 모자라면 멜리타는 술집이나 부두 같은 동네 업소에서 몇 번 교대 근무를 해 보라고 권한다.
procureinthreatre.subTasks{buyagun}.updates{yana_clue}/entry	야나는 키사치 로터리 근처에 도움을 줄 만한 사람이 있을 거라고 짐작한다.
procureinthreatre.subTasks{make_gun}/name	무기 직접 만들기
procureinthreatre.subTasks{make_gun}.updates{find_plastic}/entry	무기를 만들려면 녹인 플라스틱 500그램이 필요하다.
procureinthreatre.subTasks{make_gun}.updates{gun_schematics}/entry	자작 무기의 설계도를 구해야 한다. 책 한 권이 도움이 될지도 모른다.
procureinthreatre.subTasks{make_gun}.updates{have_parts}/entry	무기 제작을 시작하는 데 필요한 것을 모두 갖췄다.
procureinthreatre.subTasks{make_gun}.updates{have_schematics}/entry	무기 설계도가 실린 책이 있다. 직접 무기를 만들 생각이라면 쓸모가 있을 것이다.
procureinthreatre.subTasks{make_gun}.updates{items_list}/entry	동전 한 개, 단단한 플라스틱 500g, 깡통 하나가 필요하다.
procureinthreatre.subTasks{make_gun}.updates{melita}/entry	멜리타는 해적판 바자르에서 쓸 만한 플라스틱을 구할 수 있을 거라고 짐작한다.
procureinthreatre.subTasks{make_gun}.updates{seen_workbench}/entry	포토 24 아래층에 작업대가 있다. 뭔가 만들어야 할 때 쓸 수 있다.
pump_n_dump/character_full_name	신참 협상가 쥐어짜기
pump_n_dump/description	EMTERR의 신참 협상가가 "수수께끼의 틈"을 언급했는데, 그랜드 리치의 일정과 관련이 있을지도 모른다. 그게 무엇인지 털어놓게 만들어야 한다.
pump_n_dump.subTasks{channel_Duchess}/name	프레데리크가 마음을 열게 하기
pump_n_dump.subTasks{channel_Duchess}.updates{use_technique}/entry	더치스가 프레데리크에게서 틈에 관한 이야기를 끌어낼 수 있는 기술을 가르쳐 줬다.
pump_n_dump.subTasks{fetch_Duchess_textbooks}/name	더치스의 교본 가져오기
pump_n_dump.subTasks{fetch_Duchess_textbooks}.updates{book_location}/entry	그 책은 주택 캠페인 건물의 어느 집 현관문 옆 가방에 걸려 있다.
pump_n_dump.subTasks{find_Duchess}/name	기적 회선 뒤에 있는 인물 알아내기
pump_n_dump.subTasks{find_Duchess}.updates{call_miracle}/entry	프레데리크가 없을 때 직접 기적 회선에 전화를 걸어 본다.
pump_n_dump.subTasks{find_Duchess}.updates{inperson_visit}/entry	더치스는 전화로는 아무것도 털어놓지 않겠지만, 직접 만나면 구슬리기 쉬울지도 모른다.
pump_n_dump.subTasks{find_Ramses}/name	옛 파트너 람세스에게 기적 회선 도청 건 상의하기
pump_n_dump.subTasks{find_Ramses}.updates{ask_melita}/entry	람세스, 일명 레이디언은 도청 전문가다.
pump_n_dump.subTasks{learn_from_Duchess}/name	더치스를 직접 만나 "틈"에 대해 이야기하기
pump_n_dump.subTasks{learn_from_Duchess}.updates{address}/entry	더치스는 파티 골목 북서쪽 주택 캠페인 건물의 하우스보트에 산다.
pump_n_dump.subTasks{learn_from_Duchess}.updates{ex_pilots}/entry	전직 조종사 한 명이 더치스의 거처를 안다고 했다.
pump_n_dump.subTasks{learn_from_Duchess}.updates{inperson_visit}/entry	더치스는 전화로는 아무것도 털어놓지 않겠지만, 직접 만나면 구슬리기 쉬울지도 모른다.
pump_n_dump.subTasks{learn_from_Duchess}.updates{nearby}/entry	기적 회선 단골 중 한 명이 더치스의 거처를 알지도 모른다. 근처에 있을 것이다.
pump_n_dump.subTasks{learn_from_Duchess}.updates{study_ways}/entry	더치스는 이 바닥의 대가다. 어쩌면 훈련을 시켜 줄지도 모른다.
pump_n_dump.subTasks{mysterious_gap}/name	"수수께끼의 틈" 메우기
pump_n_dump.subTasks{mysterious_gap}.updates{alley_tailor}/entry	파티 골목의 재단사는 고급 의류를 판다.
pump_n_dump.subTasks{mysterious_gap}.updates{check_fail}/entry	프레데리크는 지금은 대화할 마음이 없다.
pump_n_dump.subTasks{mysterious_gap}.updates{gap_meaning}/entry	이 "틈"은 결정적인 정보일 수 있고, 열쇠는 프레데리크가 쥐고 있다.
pump_n_dump.subTasks{mysterious_gap}.updates{high_net_worth}/entry	프레데리크가 더 진지하게 받아들이게 만들 방법이 있을 것이다.
pump_n_dump.subTasks{mysterious_gap}.updates{model_train}/entry	프레데리크는 파티에서 비싼 모형 기차를 실수로 망가뜨렸다. 그 일로 마음이 불편할지도 모른다.
pump_n_dump.subTasks{mysterious_gap}.updates{who_has_info_Frederik}/entry	부두 공중전화에 붙어 있는 섹스 중독자는 EMTERR 소속이다.
pump_n_dump.subTasks{mysterious_gap}.updates{who_has_info_Oskar}/entry	오스카라는 남자를 만났는데, EMTERR 소속이라고 주장한다.
pump_n_dump.subTasks{mysterious_gap}.updates{who_has_info}/entry	"은행" 소속 협상가 중 한 명이 임무에 필요한 핵심 정보를 쥐고 있다는 말을 들었다.
pump_n_dump.subTasks{party_alley_meet}/name	프레데리크의 관리관 만나기
pump_n_dump.subTasks{party_alley_meet}.updates{bar_shift}/entry	바에서 관리관을 찾았다. 이제 이야기를 시작하면 된다.
pump_n_dump.subTasks{party_alley_meet}.updates{party_alley}/entry	프레데리크는 밤에 파티 골목 한복판의 작은 2인석 바에서 관리관과 만나기로 되어 있다.
pump_n_dump.subTasks{wiretap_miracle_line}/name	기적 회선 도청하기
pump_n_dump.subTasks{wiretap_miracle_line}.updates{PA_pylon}/entry	기적 회선 접속함은 파티 골목 철탑 꼭대기에 있다.
pump_n_dump.subTasks{wiretap_miracle_line}.updates{bazaar_term}/entry	바자르 옥상의 레노텔 단말기로 기적 회선에 접속할 수 있을지도 모른다.
pump_n_dump.subTasks{wiretap_miracle_line}.updates{circuit_surgeon}/entry	이렇게 섬세한 작업은 기술 전문가가 맡아야 한다.
pump_n_dump.subTasks{wiretap_miracle_line}.updates{fail_solo_tap}/entry	기적 회선을 혼자서는 도청하지 못했다. 원하는 정보를 얻을 다른 방법이 있을지도 모른다.
pump_n_dump.subTasks{wiretap_miracle_line}.updates{find_ramses}/entry	옛 협조자 람세스는 도청 전문가다. 도움을 줄 수 있을 것이다.
pump_n_dump.subTasks{wiretap_miracle_line}.updates{houseboat}/entry	멜리타가 람세스는 하우스보트에 산다고 했다. 물가에서 찾을 수 있다.
pump_n_dump.subTasks{wiretap_miracle_line}.updates{line_tapped_pre_ram}/entry	기적 회선을 도청했다. 녹음 내용을 들으려면 람세스를 찾아가야 한다.
pump_n_dump.subTasks{wiretap_miracle_line}.updates{line_tapped_success}/entry	기적 회선을 도청했다. 람세스는 몇 시간 걸린다고 했으니, 나중에 다시 찾아가야 한다.
pump_n_dump.subTasks{wiretap_miracle_line}.updates{miracle_identifier}/entry	기적 회선 공중전화 어딘가에 식별 표시가 있을 것이다.
pump_n_dump.subTasks{wiretap_miracle_line}.updates{miracleline_tone}/entry	기적 회선에 전원을 공급하는 유선 회선에서 이제 고유한 신호음이 나므로 쉽게 식별할 수 있다. 도청기(귀뚜라미)를 설치할 준비가 됐다.
pump_n_dump.subTasks{wiretap_miracle_line}.updates{ml_tapped_wo_ram}/entry	기적 회선을 도청했다. 녹음 내용을 들으려면 람세스를 회복시켜야 한다.
pump_n_dump.subTasks{wiretap_miracle_line}.updates{no_crickets}/entry	기적 회선을 제대로 도청하려면 장비가 필요하다. 람세스에게 있을 것이다.
pump_n_dump.subTasks{wiretap_miracle_line}.updates{pa_term}/entry	파티 골목 송신탑에 있는 레노텔 단말기로 기적 회선에 접속할 수 있을 것이다.
pump_n_dump.subTasks{wiretap_miracle_line}.updates{renotel_payphone}/entry	기적 회선은 레노텔망의 일부다. 시내 단말기를 통해 접속할 수 있다.
pump_n_dump.subTasks{wiretap_miracle_line}.updates{wiretap_ML_box}/entry	람세스의 귀뚜라미는 공중전화 자체가 아니라 기적 회선의 접속함에 설치해야 한다.
recruit_holocene_task/character_full_name	홀로세를 그 자신의 머릿속에서 구해 내기
recruit_holocene_task/description	이제 M.I.H.O.를 위해 일하며, 홀로세가 사실상의 상관이다. 그의 지시를 따르면 보상으로 자신의 임무에 투입할 팀원을 한 명 얻을 수도 있다.
recruit_holocene_task/task_alternative_description	M.I.H.O.라는 조직에서 수수께끼 같은 팩스를 받았다. 핵심 정보를 주겠다고 한다.
recruit_holocene_task/task_alternative_name	M.I.H.O.와 접촉하기
recruit_holocene_task.subTasks{actually_solve_cipher}/name	암호를 제대로 풀기
recruit_holocene_task.subTasks{actually_solve_cipher}.updates{read_book}/entry	암호의 열쇠는 레노의 집에서 찾은 〈혈액형: 헤카톰〉에 들어 있을 것이다. 읽어 보기만 하면 된다.
recruit_holocene_task.subTasks{clean_room}/name	홀로세의 방 치워 주기
recruit_holocene_task.subTasks{clean_room}.updates{clean_room}/entry	홀로세는 5년 전 온통 병든 일당을 배신한 자가 누구인지 안다고 주장하지만, 방을 치워 줘야만 말해 주겠다고 한다.
recruit_holocene_task.subTasks{contact_miho}/name	M.I.H.O.에게서 정보 얻기
recruit_holocene_task.subTasks{contact_miho}.updates{cipher_plaintext}/entry	암호문은 이렇다. "나는 온통 병든 일당을 배신했다 / M.I.H.O.는 내부부터 침투당했다 / 국장은 탈출할 때까지 MALA FIDE / 작은 관리관을 조심하라 / 미안하다."
recruit_holocene_task.subTasks{contact_miho}.updates{collab}/entry	홀로세는 온통 병든 일당을 배신한 자가 누구인지 안다고 주장하지만, 협력해야만 알려 주겠다고 한다.
recruit_holocene_task.subTasks{contact_miho}.updates{fax_location}/entry	팩스는 한때 우주 프로그램이 있던 피톨 지구 로켓 사일로 맨 아래에서 왔다.
recruit_holocene_task.subTasks{contact_miho}.updates{metal_stripper}/entry	사일로 앞에서 금속을 뜯어 가는 여자가 돌고래 인간 혼종을 조심하라고 경고했다.
recruit_holocene_task.subTasks{contact_miho}.updates{miho_fax}/entry	"M.I.H.O."라는 존재가 만나자며 당신을 불러냈다. 핵심 정보를 쥐고 있다고 주장한다.
recruit_holocene_task.subTasks{contact_miho}.updates{miho_is_holo}/entry	팩스를 보낸 사람은 홀로세였다.
recruit_holocene_task.subTasks{contact_miho}.updates{no_fax}/entry	홀로세가 팩스를 보냈지만(놓쳤다) 핵심 정보가 있다고 주장하는 내용이었다.
recruit_holocene_task.subTasks{contact_miho}.updates{tram_station}/entry	시내 공중전차 정거장을 이용하면 피톨 지구로 갈 수 있다.
recruit_holocene_task.subTasks{find_book}/name	책 찾기
recruit_holocene_task.subTasks{find_book}.updates{fail_get_inside}/entry	말발로 레노의 집에 들어가려던 시도가 실패했다. 다른 진입로가 있을지도 모른다.
recruit_holocene_task.subTasks{find_book}.updates{fav_book}/entry	홀로세가 가장 좋아하는 책은 〈혈액형: 헤카톰〉이다.
recruit_holocene_task.subTasks{find_book}.updates{find_reno}/entry	레노라는 사람이 양심 책 가판대에서 책 한 권을 가져갔다.
recruit_holocene_task.subTasks{find_book}.updates{get_from_reno}/entry	주택 캠페인 건물 꼭대기에 사는 레노에게 책이 한 권 있을 것이다.
recruit_holocene_task.subTasks{find_book}.updates{melita_reno}/entry	멜리타는 청소부로 변장해 정문으로 레노의 집에 잠입하거나, 옥상으로 들어갈 다른 길을 찾아보라고 제안했다.
recruit_holocene_task.subTasks{find_book}.updates{melita}/entry	멜리타가 파티 골목 근처에 가 볼 만한 서점이 있다고 말했다.
recruit_holocene_task.subTasks{find_book}.updates{reno_address}/entry	레노는 주택 캠페인 건물 꼭대기층 펜트하우스에 산다. 입구는 파티 골목 다리 옆이다.
recruit_holocene_task.subTasks{find_book}.updates{reno_book}/entry	포르토피로 주민이자 레노텔 커뮤니케이션즈의 주인인 레노가 양심 책 가판대에서 책 한 권을 가져갔다.
recruit_holocene_task.subTasks{find_book}.updates{reno_location}/entry	레노는 주택 캠페인 건물 꼭대기층 펜트하우스에 산다.
recruit_holocene_task.subTasks{find_book}.updates{scifi_novel}/entry	암호를 풀자 홀로세가 가장 좋아하는 SF 소설 중 한 편의 구절이 나왔다. 더 많은 단서가 숨어 있을지도 모른다.
recruit_holocene_task.subTasks{mould_sample}/name	홀로세의 방에 핀 곰팡이 조사하기
recruit_holocene_task.subTasks{mould_sample}.updates{doctor}/entry	능력 밖의 일이다. 의사라면 더 알지도 모른다.
recruit_holocene_task.subTasks{mould_sample}.updates{fail_sample}/entry	아직 곰팡이의 *쓸 만한* 시료를 확보하지 못했다.
recruit_holocene_task.subTasks{mould_sample}.updates{get_sample}/entry	가능하다면 시료를 채취해 두는 편이 좋겠다.
recruit_holocene_task.subTasks{mould_sample}.updates{treatment}/entry	휴고 박사가 곰팡이에 오존 요법을 권했지만, 시료는 박사의 책상 위에 두고 왔다.
recruit_holocene_task.subTasks{ozone_treatment}/name	홀로세에게 오존 요법 시술하기
recruit_holocene_task.subTasks{ozone_treatment}.updates{location}/entry	의사가 곰팡이 시료를 보고 이 요법을 권했다. 그의 진단을 믿을지는 당신 몫이다.
recruit_holocene_task.subTasks{perform_extraction}/name	…추출을 실행하기?
recruit_holocene_task.subTasks{perform_extraction}.updates{cipher_plaintext}/entry	암호문은 이렇다. "나는 온통 병든 일당을 배신했다 / M.I.H.O.는 내부부터 침투당했다 / 국장은 추출할 때까지 MALA FIDE / 작은 관리관을 조심하라 / 미안하다."
recruit_holocene_task.subTasks{perform_extraction}.updates{fail_remote_view}/entry	아직 홀로세에게 원격 투시를 걸지 못했다.
recruit_holocene_task.subTasks{perform_extraction}.updates{location}/entry	발견한 사실 때문에 의문이 한둘이 아니다. 로켓 사일로 맨 아래로 가면 답을 몇 가지 얻을 수 있을 것이다.
recruit_holocene_task.subTasks{perform_extraction}.updates{melita}/entry	멜리타는 홀로세를 괴롭히는 것이 내부 문제가 아니라 주변 환경 탓일 수도 있다고 말했다.
recruit_holocene_task.subTasks{solve_cipher}/name	암호 풀기
recruit_holocene_task.subTasks{solve_cipher}.updates{fail_crack_code}/entry	암호를 해독하는 데 필요한 지식이 부족한 듯하다.
recruit_holocene_task.subTasks{solve_cipher}.updates{found_cipher}/entry	홀로세의 방에서 이상한 암호문을 발견했다. 그런데 그는 지금 그런 것은 없다고 잡아떼고 있다.
recruit_holocene_task.subTasks{solve_cipher}.updates{keyword}/entry	암호를 푸는 열쇠말은 "에스카톤"이다.
recruit_karolina_task/character_full_name	카롤리나의 꿈을 현실로 되살리기
recruit_karolina_task/description	옛 협조자 킨드레드는 심문당하던 때의 악몽에 되풀이해서 시달린다. 그녀가 다시 삶으로 돌아오도록 돕고, 함께 그녀의 꿈을 들여다보며 심문관들에게 무슨 말을 했는지 알아내야 한다.
recruit_karolina_task.subTasks{Find_Cosmonaut}/name	카롤리나를 사라진 우주비행사와 다시 만나게 하기
recruit_karolina_task.subTasks{Find_Cosmonaut}.updates{Animal_Zone}/entry	카롤리나는 바자르 부두 북쪽 펫숍 '동물 구역' 위층 방에서 심문받았다.
recruit_karolina_task.subTasks{Find_Cosmonaut}.updates{Got_Cosmonaut}/entry	우주비행사 피규어를 확보했다.
recruit_karolina_task.subTasks{Find_Cosmonaut}.updates{King_Ot_Trade}/entry	교역의 왕이 우주비행사를 인질로 잡고 있다.
recruit_karolina_task.subTasks{Find_Cosmonaut}.updates{Lonely_Monkey}/entry	교역의 왕은 외로워 보인다. 해적판 바자르에서 그의 친구가 되어 줄 짝을 찾을 수 있을지도 모른다.
recruit_karolina_task.subTasks{Find_Cosmonaut}.updates{memories}/entry	우주비행사 피규어를 보면 카롤리나의 기억이 되살아날 것이다.
recruit_karolina_task.subTasks{Hack_Machine}/name	기계를 통해 카롤리나에게 닿기
recruit_karolina_task.subTasks{Hack_Machine}.updates{ask_sept}/entry	셉티무스라면 기계를 작동시키는 법을 알지도 모른다.
recruit_karolina_task.subTasks{Hack_Machine}.updates{find_karo}/entry	카롤리나의 아버지가 시내 어딘가의 하우스보트에서 진료소를 운영한다는 이야기를 들었다.
recruit_karolina_task.subTasks{Hack_Machine}.updates{interface_button}/entry	셉티무스가 콘솔의 "인터페이스" 버튼을 누르라고 했다.
recruit_karolina_task.subTasks{Hack_Machine}.updates{laid_back}/entry	이 장치를 조작할 방법이 분명히 있을 것이다.
recruit_karolina_task.subTasks{Hack_Machine}.updates{melita}/entry	멜리타가 카롤리나의 남자친구에게 기계가 어떻게 작동하는지 물어보라고 했다.
recruit_karolina_task.subTasks{Hack_Machine}.updates{old_cinema}/entry	카롤리나는 옛 키사치 극장에서 지낸다.
recruit_karolina_task.subTasks{Hack_Machine}.updates{sept_block}/entry	카롤리나의 남자친구 셉티무스가 그녀를 만나지 못하게 막고 있다.
recruit_karolina_task.subTasks{Hack_Machine}.updates{sigils_clue}/entry	셉티무스가 기계에 새겨진 인장을 살펴보라고 했다.
recruit_karolina_task.subTasks{Watch_Nightmare}/name	카롤리나가 악몽을 다시 마주하게 하기
recruit_karolina_task.subTasks{Watch_Nightmare}.updates{Incomplete_Dream}/entry	악몽은 소리뿐이었고, 심문의 첫 부분만 재생되었다.
recruit_karolina_task.subTasks{Watch_Nightmare}.updates{dr_hugo}/entry	카롤리나의 아버지가 설득을 도와줄지도 모른다.
recruit_karolina_task.subTasks{Watch_Nightmare}.updates{father}/entry	휴고 박사는 자신이 여전히 곁에 있다는 것을 카롤리나가 알기를 바란다.
recruit_karolina_task.subTasks{Watch_Nightmare}.updates{hack_it}/entry	기계를 직접 해킹해 우주비행사 피규어를 건너뛸 수도 있다.
recruit_karolina_task.subTasks{Watch_Nightmare}.updates{interrogation}/entry	그녀가 심문 중에 한 말이 드러날 것이다. 그녀의 기계로 그 기억을 볼 수 있다.
recruit_karolina_task.subTasks{Watch_Nightmare}.updates{melita}/entry	멜리타가 카롤리나의 아버지를 찾아가 도움을 줄 수 있는지 알아보라고 제안했다.
recruit_karolina_task.subTasks{machine_purpose}/name	카롤리나에게 무슨 문제가 있는지 알아내기
recruit_karolina_task.subTasks{machine_purpose}.updates{nightmares}/entry	기계가 그녀의 수면을 조절해, 아마도 심문에 관한 악몽을 막고 있다.
recruit_karolina_task.subTasks{machine_purpose}.updates{out_of_it}/entry	그녀는 뭔가 이상하다. 기계가 어떻게든 원인일 것이다.
recruit_pseudopod_task/character_full_name	슈도팟에게 각인 남기기
recruit_pseudopod_task/description	루스의 각인 장치를 이용하면 분신을 되살려 팀에 합류시킬 수 있다. 위험하지만 불가능하지는 않다.
recruit_pseudopod_task.subTasks{batteries}/name	정품 루스 배터리 구하기
recruit_pseudopod_task.subTasks{batteries}.updates{fuckwand_battery_update}/entry	교역의 왕에게 아직 작동하는 루스산 떡봉이 있다.
recruit_pseudopod_task.subTasks{batteries}.updates{locate_luzian_batteries_update}/entry	각인 장치를 작동시키려면 정품 루스 배터리가 필요하다.
recruit_pseudopod_task.subTasks{batteries}.updates{melita}/entry	멜리타는 해적판 바자르에서 배터리로 작동하는 루스 제품을 찾을 수 있을 것이라고 생각한다.
recruit_pseudopod_task.subTasks{batteries}.updates{wolf_sword_battery_update}/entry	바자르의 한 소년이 빛나는 칼날에 효과음까지 나오는 수입 장난감 칼을 휘두르고 있다.
recruit_pseudopod_task.subTasks{findpseudo1}/name	슈도팟을 찾아서 안정시키기
recruit_pseudopod_task.subTasks{findpseudo1}.updates{Portofiro}/entry	그는 포토 24를 뛰쳐나가 포르토피로 어딘가에 있다.
recruit_pseudopod_task.subTasks{findpseudo1}.updates{by_docks_find_pseudopod_hint}/entry	슈도팟이 부두에서 목격되었다.
recruit_pseudopod_task.subTasks{findpseudo1}.updates{entanglement}/entry	슈도팟은 부두에 있다.
recruit_pseudopod_task.subTasks{findpseudo1}.updates{moh_bazaar_pseudo_hint_update}/entry	슈도팟이 해적판 바자르 쪽으로 달려가는 모습이 목격되었다.
recruit_pseudopod_task.subTasks{findpseudo2}/name	슈도팟을 다시 찾아서 안정시키기
recruit_pseudopod_task.subTasks{findpseudo2}.updates{f24_find_pseudo_again_hint_update}/entry	현지 GM에 따르면 분신은 뒷골목을 통해 바자르에서 달아났다.
recruit_pseudopod_task.subTasks{findpseudo2}.updates{found}/entry	슈도팟은 포토 24의 당신 방에 있다.
recruit_pseudopod_task.subTasks{findpseudo2}.updates{not_docks}/entry	그는 다시 달아나 바자르 부두에서 멀어졌다.
recruit_pseudopod_task.subTasks{imprint}/name	루스 장치로 슈도팟에게 의식을 각인하기
recruit_pseudopod_task.subTasks{imprint}.updates{device_powered_on_update}/entry	장치는 작동 가능하며 대상에게 쓸 준비가 되었다.
recruit_pseudopod_task.subTasks{imprint}.updates{memory_needed_for_imprinting}/entry	"생물학적" 각인을 하려면 장치가 사용자의 기억 하나에 접근해야 한다.
recruit_pseudopod_task.subTasks{imprint}.updates{tempo_yana}/entry	이 장치 덕분에 템포가 야나에게 각인할 수 있었다. 슈도팟에게도 같은 일을 해 볼 수 있다.
recruit_pseudopod_task.subTasks{imprint}.updates{works_on_catatonics}/entry	루스 사람 죄수의 말로는 각인 장치는 "긴장증 환자나 머리가 단순한 사람"에게 가장 잘 듣는다고 한다.
recruit_pseudopod_task.subTasks{neutralise}/name	슈도팟을 찾아서 무력화하기
recruit_pseudopod_task.subTasks{neutralise}.updates{PARTYALLEY}/entry	그는 파티 골목 쪽으로 달아났다.
recruit_ramses_task/character_full_name	람세스가 안정을 되찾도록 돕기
recruit_ramses_task/description	옛 협조자가 팀에 복귀하려면 먼저 뇌전증 약이 필요하다. 시내 어딘가에서 구할 수 있을 것이다.
recruit_ramses_task.subTasks{access_gonza_suppliers}/name	곤자의 공급업자에게 닿을 방법을 찾아라
recruit_ramses_task.subTasks{access_gonza_suppliers}.updates{bugged_dummy}/entry	곤자의 해부 모형 안에 귀뚜라미를 설치했다.
recruit_ramses_task.subTasks{access_gonza_suppliers}.updates{fail_lockpick}/entry	곤자의 방문을 아직 따지 못했다.
recruit_ramses_task.subTasks{access_gonza_suppliers}.updates{gonza_azzuris}/entry	곤자 박사는 뒷길을 통해 약을 주문한다.
recruit_ramses_task.subTasks{access_gonza_suppliers}.updates{gonza_desk_phone_numbers}/entry	곤자의 책상 위 메모장에 공급업자의 번호가 적혀 있는 모양이다.
recruit_ramses_task.subTasks{access_gonza_suppliers}.updates{gonza_wont_sell}/entry	곤자는 항경련제를 팔지 않을 것이다. 그런 약은 대량으로만 거래되는 듯하다.
recruit_ramses_task.subTasks{access_gonza_suppliers}.updates{lockpick}/entry	멜리타 말로는 키사치 로터리 근처에서 활동하는 아주리 패거리에게서 자물쇠 따개를 구할 수 있다고 한다.
recruit_ramses_task.subTasks{access_gonza_suppliers}.updates{melita}/entry	멜리타는 곤자의 전화기에 도청기를 설치해 그가 공급업자에게 다음에 전화할 때 엿들으라고 제안했다.
recruit_ramses_task.subTasks{access_gonza_suppliers}.updates{missing_numbers}/entry	람세스는 약 탈취 계획을 실행하려면 곤자의 책상에 있는 전화번호가 필요하다고 한다.
recruit_ramses_task.subTasks{access_gonza_suppliers}.updates{note_at_night}/entry	곤자는 눈치가 빨라서, 그가 있는 동안에는 책상 위 메모를 가져갈 수 없다.
recruit_ramses_task.subTasks{access_gonza_suppliers}.updates{ramses_crickets}/entry	람세스의 하우스보트 어딘가에 귀뚜라미가 있다. 멀리서 엿듣는 데 쓸 수 있다.
recruit_ramses_task.subTasks{access_gonza_suppliers}.updates{tap_at_night}/entry	낮에, 영업을 하지 않는 시간에 곤자의 사무실에 도청기를 설치하는 편이 더 수월할지도 모른다.
recruit_ramses_task.subTasks{access_gonza_suppliers}.updates{tap_gonza_office}/entry	곤자의 전화기를 도청하면 공급업자에게 닿을 길이 열릴지도 모른다.
recruit_ramses_task.subTasks{find_a_solution_for_Ramses}/name	항경련제를 팔아 줄 사람을 찾아라
recruit_ramses_task.subTasks{find_a_solution_for_Ramses}.updates{Gonzahas_wontsell}/entry	곤자는 약을 팔지도, 공급업자를 소개해 주지도 않을 것이다.
recruit_ramses_task.subTasks{find_a_solution_for_Ramses}.updates{abe_mentions_gonza}/entry	곤자 박사는 훨씬 "느슨한" 의사라서 약을 처방해 줄 가능성이 높다.
recruit_ramses_task.subTasks{find_a_solution_for_Ramses}.updates{ask_gonza_meds}/entry	파티 골목의 곤자 박사가 람세스에게 약을 처방해 줄 생각이 있는지 알아보라.
recruit_ramses_task.subTasks{find_a_solution_for_Ramses}.updates{board_narc}/entry	곤자 박사는 어린애 같은 "의료위원회 끄나풀"이 병원 바로 앞에서 자신을 감시하고 있을까 봐 걱정한다.
recruit_ramses_task.subTasks{find_a_solution_for_Ramses}.updates{find_a_doctor_Ramses}/entry	람세스에게 필요한 약을 줄 수 있는 의사를 찾아라.
recruit_ramses_task.subTasks{find_a_solution_for_Ramses}.updates{hugo_recommendation}/entry	휴고 박사는 항경련제를 처방해 주지 않을 것이다.
recruit_ramses_task.subTasks{find_a_solution_for_Ramses}.updates{melita}/entry	멜리타는 파티 골목 근처에서 도와줄 의사를 찾아보라고 제안했다.
recruit_ramses_task.subTasks{find_a_solution_for_Ramses}.updates{process_dealer}/entry	곤자의 공급업자에게 주문을 넣으려면 거쳐야 하는 정해진 절차가 있다.
recruit_ramses_task.subTasks{hijack_the_delivery}/name	약 배달을 가로채라
recruit_ramses_task.subTasks{hijack_the_delivery}.updates{get_gun}/entry	위험해질 수 있으니, 람세스는 계속 진행하기 전에 총을 구하라고 권한다.
recruit_ramses_task.subTasks{hijack_the_delivery}.updates{got_numbers}/entry	곤자의 책상에서 입수한 번호 중 하나는 공급업자의 것일 것이다. 공중전화로 확인해 보면 된다.
recruit_ramses_task.subTasks{hijack_the_delivery}.updates{order_from_PA}/entry	공급업자는 파티 골목으로만 배달한다. 주문은 북동쪽 계단 옆 공중전화로 넣는다.
recruit_ramses_task.subTasks{hijack_the_delivery}.updates{ramses_will_join_in_PA}/entry	람세스는 주문이 들어가면 지원군으로 나설 수 있게 자신에게 연락해 달라고 한다.
recruit_ramses_task.subTasks{listen_to_gonza_recording}/name	곤자의 녹음을 들어라
recruit_ramses_task.subTasks{listen_to_gonza_recording}.updates{wait_a_day_gonza}/entry	이제 곤자의 사무실은 도청되고 있다. 람세스는 마법이 통하려면 반나절은 걸린다고 했다.
recruit_ramses_task.subTasks{tell_ramses_about_gonza}/name	람세스에게 곤자 박사에 대해 말하라.
squatters/character_full_name	문화궁전의 무단 점거자들
squatters/description	마우리토 경관은 문화궁전의 무단 점거자들을 쫓아내라는 임무를 받았다. 개인 사정으로 직접 처리할 수 없는 처지지만, 당신이라면 도울 수 있을지도 모른다.
squatters.subTasks{Bomb}/name	무단 점거자들에게 폭탄에 대해 말하라
squatters.subTasks{Bomb}.updates{ReturnWith}/entry	폭탄을 들고 무단 점거자들에게 돌아가 그들의 의식을 마무리하게 하라.
squatters.subTasks{Bomb}.updates{Superbaby}/entry	폭탄은 노래 '슈퍼블록, 베이비!'로 작동한다.
squatters.subTasks{evict}/name	무단 점거자들이 문화궁전에서 나가게 하라
squatters.subTasks{evict}.updates{bomb_found}/entry	당신이 찾아낸 '노래하는' 폭탄 소식이 점거자들을 설득해 건물을 떠나게 할지도 모른다.
squatters.subTasks{evict}.updates{evict_fail}/entry	무단 점거자들이 나가도록 아직 설득하지 못했다.
squatters.subTasks{evict}.updates{recording}/entry	무단 점거자들은 건물에 남아 자신들이 듣는 노래가 무엇인지 알아내려 한다.
squatters.subTasks{evict}.updates{seance}/entry	무단 점거자들은 강령회를 마무리할 수 있게 폭탄을 가져다 달라고 한다.
squatters.subTasks{evict}.updates{structure}/entry	건물 구조가 불안정하다. 무너져 내리기 전에 나가라고 점거자들에게 말해야 한다.
squatters.subTasks{locate}/name	무단 점거자들을 찾아라
squatters.subTasks{locate}.updates{building_down}/entry	GM 마우리토가 낡고 버려진 어두운 건물 안에서 그들을 찾아 달라고 부탁했다.
squatters.subTasks{locate}.updates{musicians}/entry	셉티무스와 함께 일하는 음악가 두 명이 뮤직비디오 촬영지를 물색하다가 실종되었다.
squatters.subTasks{report}/name	마우리토에게 보고하라
squatters.subTasks{report}.updates{outside}/entry	아마 당신이 두고 온 자리, 문화궁전 입구 바로 바깥에 그대로 있을 것이다.
squatters.subTasks{reveries}/name	이 기묘한 환영에서 노래의 단서를 최대한 건져라
squatters.subTasks{reveries}.updates{1}/entry	네스토르가 똥 싸는 모습을 봤다.
squatters.subTasks{reveries}.updates{2}/entry	공작원 프로버블은 젊은 여자에게 사무실에서 열린 '감상 파티'에서 네스토르에게 선물을 전달하는 일을 맡겼다.
squatters.subTasks{reveries}.updates{3}/entry	포르토피로의 최고 지도자 네스토르는 슈퍼블록 대표단을 위한 환영사를 거부했다.
squatters.subTasks{reveries}.updates{4}/entry	공기압 우편 시스템이 건물 어딘가로 소포를 빨아들였다.
squatters.subTasks{reveries}.updates{5}/entry	슈퍼블록 조약의 체결 현장을 목격했다.
squatters.subTasks{reveries}.updates{6}/entry	슈퍼블록 대사가 당 대회의 일환으로 포르토피로에 노래 한 곡을 가져왔지만, 그 곡은 끝내 재생되지 않았다.
squatters.subTasks{song}/name	수수께끼 노래의 출처를 찾아라
squatters.subTasks{song}.updates{D6}/entry	소포는 네스토르 사무실의 D6 칸에 들어 있다.
squatters.subTasks{song}.updates{bomb}/entry	네스토르의 사무실에서 폭탄을 발견했다.
squatters.subTasks{song}.updates{heard}/entry	이제 무단 점거자들이 말하는 노래가 들리지만, 어디서 나오는지는 아직 알 수 없다.
squatters.subTasks{song}.updates{kurt_hint}/entry	쿠르트의 말로는 노래는 위층 사무실 D6 칸에 있는 소포에서 흘러나온다고 한다.
squatters.subTasks{song}.updates{melita}/entry	멜리타는 공기압 우편 관로 안에 뭔가 있을지도 모른다고 짐작했다. 지하실에 중앙 설비가 있을 수도 있다.
squatters.subTasks{song}.updates{mystery}/entry	문화궁전의 무단 점거자들은 건물 어딘가에서 들려오는 노래를 듣고 있다.
squatters.subTasks{song}.updates{probable}/entry	과거에 공작원 프로버블은 젊은 여자에게 사무실에 있는 네스토르에게 선물을 전달하는 일을 맡긴 적이 있다.
squatters.subTasks{song}.updates{stairs}/entry	무단 점거자들은 건물 안을 둘러보며 노래가 가장 또렷하게 들리는 곳을 찾아보라고 제안했다.
squatters.subTasks{song}.updates{trigger}/entry	폭탄이 건물 안 노래의 근원이며, 특정 녹음이 기폭 장치다.
squatters.subTasks{song}.updates{tubes}/entry	노래가 관로 하나 근처에서 더 크게 들리는 듯하다. 그 관이 어디로 이어지는지 알아내라.
squatters.subTasks{song}.updates{upstairs_package}/entry	누군가 공기압 우편 시스템으로 소포를 보냈다. 아마 위층 어딘가에 도착했을 것이다.
theaerialcreep/character_full_name	공중 변태를 살펴보라
theaerialcreep/description	옷 장수 카르무나는 바자르 남쪽 철탑 위에서 웬 남자가 *변태짓*을 하고 있다고 굳게 믿는다. 그녀 대신 가서 알아봐라.
theaerialcreep.subTasks{let_carmuna_know}/name	카르무나에게 그 변태는 문제없다고 전하라
theaerialcreep.subTasks{let_carmuna_know}.updates{decision}/entry	라인 기술자는 이로써 그녀의 기묘한 홀림이 끝나기를 바란다.
theaerialcreep.subTasks{let_carmuna_know}.updates{line_9}/entry	무슨 이유에선지 공중전차 9호선이 운행하지 않는 듯하다.
theaerialcreep.subTasks{let_carmuna_know}.updates{no_service}/entry	철탑 기술자는 9호선이 한동안 재개되지 않을 거라고 한다.
theaerialcreep.subTasks{pelota_ball_door}/name	비상문에서 펠로타 공을 빼내라
theaerialcreep.subTasks{pelota_ball_door}.updates{ball_removed}/entry	공을 빼냈다. 라인 기술자가 좋아할 것이다.
theaerialcreep.subTasks{speak_with_the_aerial_creep}/name	공중 변태와 이야기하라
theaerialcreep.subTasks{speak_with_the_aerial_creep}.updates{location}/entry	해적판 바자르 바로 남쪽 철탑 위에 앉아 있다.
thereactivatedasset/character_full_name	배정되지 않은 임무
thereactivatedasset/description	관리관 멜리타는 당신의 파트너가 전투 불능이 되자 임무를 취소하려 했다. 하지만 직감은 그가 뭔가를 쫓고 있었다고 말한다. 임무를 계속할 만한 그럴듯한 이유를 찾아라. 그래야 이 바닥에서 퇴물이 되는 신세를 면한다.
thereactivatedasset.subTasks{TEMPO_message}/name	템포가 임무와 무슨 관련인지 알아내라
thereactivatedasset.subTasks{TEMPO_message}.updates{TEMPO_Hershel}/entry	템포는 당신 외의 누구와도 이야기하기를 거부했다.
thereactivatedasset.subTasks{TEMPO_message}.updates{TEMPO_boss}/entry	현재 템포가 바자르를 운영하고 있다.
thereactivatedasset.subTasks{TEMPO_message}.updates{TEMPO_missing}/entry	템포가 사라졌다.
thereactivatedasset.subTasks{TEMPO_message}.updates{horoscope}/entry	템포가 오페라와 당신에게 보낸 메시지는 '의식'을 시작하고 싶다는 내용이었다.
thereactivatedasset.subTasks{find_your_assignment}/name	당신이 도착하기 전에 슈도팟이 무엇을 했는지 퍼즐을 맞춰라
thereactivatedasset.subTasks{find_your_assignment}.updates{carmuna_sock_order}/entry	상인 '카르무나'가 슈도팟의 '양말 샘플'에 관심을 보인 주문서를 찾았다.
thereactivatedasset.subTasks{find_your_assignment}.updates{cipher_note}/entry	슈도팟이 의미심장한 전해 들은 쪽지를 남겼다. "모든 것이 용서받을 것이다."
thereactivatedasset.subTasks{find_your_assignment}.updates{miracle_line_card}/entry	슈도팟은 어떤 관능적인 전화 회선의 명함을 갖고 있었다.
thereactivatedasset.subTasks{find_your_assignment}.updates{pseudo_bazaar}/entry	슈도팟은 해적판 바자르에서 볼일이 있었다
thereactivatedasset.subTasks{find_your_assignment}.updates{pseudo_boatman}/entry	슈도팟은 부두에 있는 뱃사공과 이야기해 보라는 말을 들었다
thereactivatedasset.subTasks{find_your_assignment}.updates{pseudo_called_line}/entry	슈도팟은 그냥 수다나 떨자고 '기적 회선'이라는 전화 회선에 전화를 걸었다.
thereactivatedasset.subTasks{investigate_office_internals}/name	템포의 사무실을 조사하라
thereactivatedasset.subTasks{investigate_office_internals}.updates{ledger_handwriting}/entry	템포의 장부 속 필체가 일주일쯤 전부터 달라졌다.
thereactivatedasset.subTasks{investigate_office_internals}.updates{office_location}/entry	템포의 사무실에서는 바자르가 내려다보인다.
thereactivatedasset.subTasks{investigate_office_internals}.updates{tempo_coke_weeping}/entry	템포는 아마 우는 눈에게 살해당했을 것이다.
thereactivatedasset.subTasks{lose_your_tail}/name	미행을 따돌려라.
thereactivatedasset.subTasks{lose_your_tail}.updates{bazaar}/entry	해적판 바자르를 몰래 가로질러 가는 것이 최선의 방법이다.
thereactivatedasset.subTasks{petre_boatman}/name	뱃사공에게 슈도팟에 대해 물어라
thereactivatedasset.subTasks{petre_boatman}.updates{location_clue}/entry	뱃사공은 부두 서쪽에 가면 만날 수 있다고 들었다.
whats_wrong_pseudo/character_full_name	슈도팟, 무슨 일이야?
whats_wrong_pseudo/description	당신이 도착하기 전에 파트너에게 무슨 일이 있었다. 어쩌다 저 꼴이 됐을까? 그를 깨울 수 있을까?
whats_wrong_pseudo.subTasks{attempt_revive_pseudopod}/name	슈도팟을 되살려라
whats_wrong_pseudo.subTasks{attempt_revive_pseudopod}.updates{gonza_stamp}/entry	곤자는 도플갱어가 'LASS'라는 병에 걸렸다고 보고, 효과가 의심스러운 약을 치료랍시고 건넸다.
whats_wrong_pseudo.subTasks{board_narc}/name	곤자를 설득해 올가미를 내려놓게 하라
whats_wrong_pseudo.subTasks{board_narc}.updates{girlfriend}/entry	의료위원회 프락치라던 마르코는 프락치가 아니었다. 무서운 여자친구의 부탁으로 와 있던 것이다.
whats_wrong_pseudo.subTasks{board_narc}.updates{marco_after}/entry	프락치로 의심되던 마르코와 이야기를 나눴다. 누군가의 부탁으로 와 있다지만 의료위원회는 아니라고 한다.
whats_wrong_pseudo.subTasks{board_narc}.updates{marco}/entry	곤자 박사가 프락치의 이빨 하나를 가져오라고 요구했다.
whats_wrong_pseudo.subTasks{board_narc}.updates{teeth_failed}/entry	마르코에게서 이빨을 얻어 내지 못했다. 그래도 곤자가 노력만큼은 알아줄지 모른다.
whats_wrong_pseudo.subTasks{board_narc}.updates{teeth_secured}/entry	마르코의 이빨 하나를 뽑았다. 곤자에게 건네주면 의료위원회 사람이 아니라고 납득시킬 수 있다.
whats_wrong_pseudo.subTasks{get_a_second_opinion}/name	슈도팟의 상태에 대해 두 번째 소견을 구하라
whats_wrong_pseudo.subTasks{get_a_second_opinion}.updates{Gonza_Narc}/entry	곤자 박사는 병원 밖의 '의료위원회 프락치' 때문에 너무 정신이 없어서 도와줄 상황이 아니다.
whats_wrong_pseudo.subTasks{get_a_second_opinion}.updates{abe_refuse}/entry	휴고 박사는 환자를 보지 않고는 진단하지 않겠다며 거절했지만, 그럴 만한 의사가 몇 명 있을 거라고 넌지시 말했다.
whats_wrong_pseudo.subTasks{get_a_second_opinion}.updates{demo_hugo}/entry	휴고 박사의 하우스보트는 닫혀 있다.
whats_wrong_pseudo.subTasks{get_a_second_opinion}.updates{hugo_mentioned_gonza}/entry	휴고 박사가 마지못해 '곤자 박사'라는 사람을 언급했다. 진료소는 파티 골목에 있다.
whats_wrong_pseudo.subTasks{get_a_second_opinion}.updates{party_alley}/entry	멜리타가 파티 골목 중앙 광장에 수상쩍은 의사가 있다고 알려 줬다. 해가 진 뒤에야 찾아갈 수 있다.
whats_wrong_pseudo.subTasks{get_a_second_opinion}.updates{photo_lady_rec}/entry	콘스탄츠가 바자르 서쪽 하우스보트에 사는 휴고 박사를 추천했다.
whats_wrong_pseudo.subTasks{get_a_second_opinion}.updates{whats_wrong}/entry	그는 바지도 입지 않은 채 의자에 널브러져 있었다. 말을 걸어도 반응이 없고 속수무책이었다.
whats_wrong_pseudo.subTasks{red_tape_disc}/name	진홍색 디스크에 대해 알아내라
whats_wrong_pseudo.subTasks{red_tape_disc}.updates{boatman_disc}/entry	뱃사공이 슈도팟에게 디스크를 건네지 않았다.
whats_wrong_pseudo.subTasks{red_tape_disc}.updates{headphones_man}/entry	이상한 헤드폰을 쓴 남자에게 'UV' 라벨이 붙은 진홍색 디스크가 더 있었다.
whats_wrong_pseudo.subTasks{red_tape_disc}.updates{red_disc_found_update}/entry	도플갱어는 포토 24의 음악 플레이어로 '울트라 비올레타 - <i>꿈에서 온 너</i>'라고 적힌 진홍색 디스크를 듣고 있었다.
whats_wrong_pseudo.subTasks{red_tape_disc}.updates{red_disc_name}/entry	진홍색 디스크의 가수는 울트라 비올레타라는 팝스타다.
whats_wrong_pseudo.subTasks{red_tape_disc}.updates{tape_delirium}/entry	디스크에는 아무 소리도 없었지만, 듣고 있자니 기분이 이상했다.
whats_wrong_pseudo.subTasks{report_findings_to_gonza}/name	곤자 박사에게 조사 결과를 보고하라
whats_wrong_pseudo.subTasks{report_findings_to_gonza}.updates{no_response}/entry	슈도팟은 곤자의 이른바 치료에 아무 반응도 보이지 않았다.
whats_wrong_pseudo.subTasks{tape_Gonza}/name	곤자 박사에게 디스크를 보여 줘라
whats_wrong_pseudo.subTasks{tape_Gonza}.updates{tape_source}/entry	슈도팟에게 벌어진 그 개떡 같은 일에는 반드시 근원이 있을 거라고 곤자 박사가 말했다.
who_cares_about_the_moon/character_full_name	달 따위 누가 신경 써?
who_cares_about_the_moon/description	템포의 전직 깡패 이그나츠가 어찌어찌 우는 눈에 일자리를 얻어 냈다. 호의를 베풀어 주면 비밀 조약에 관한 내부 정보를 넘기겠다고 약속했다.
who_cares_about_the_moon.subTasks{deliverphotos}/name	이그나츠에게 사진을 전달하라
who_cares_about_the_moon.subTasks{deliverphotos}.updates{rooftops}/entry	이그나츠는 주택 캠페인 옥상에서 만나자고 했다. 단, 밤에만.
who_cares_about_the_moon.subTasks{develophotos}/name	필름을 현상하라
who_cares_about_the_moon.subTasks{develophotos}.updates{foto_24}/entry	포토 24의 콘스탄츠에게 맡기면 사진을 현상할 수 있을 것이다.
who_cares_about_the_moon.subTasks{develophotos}.updates{waitphotos}/entry	필름 현상에는 한 시간이 걸린다.
who_cares_about_the_moon.subTasks{photographleak}/name	정보를 흘리는 카라비네로를 사진으로 찍어라
who_cares_about_the_moon.subTasks{photographleak}.updates{botched_it}/entry	첫 촬영 기회를 놓쳤지만 내일 다시 시도할 수 있다.
who_cares_about_the_moon.subTasks{photographleak}.updates{tail_and_photo}/entry	이그나츠는 카라비네로가 자신의 관리관을 만나는 순간을 사진으로 찍어 달라고 부탁했다.
who_cares_about_the_moon.subTasks{photographleak}.updates{time_and_place}/entry	카라비네로와 관리관은 오전 늦게 키사치 로터리 동쪽 다리에서 만난다.
who_cares_about_the_moon.subTasks{return_ignatz}/name	이그나츠에게 나쁜 소식을 전하라
who_cares_about_the_moon.subTasks{return_ignatz}.updates{rof_meet}/entry	이그나츠는 주택 캠페인 옥상에서 만나자고 했다. 단, 밤에만.
worth_of_a_heart/character_full_name	심장의 값어치
worth_of_a_heart/description	심장 없는 남자가 <i>아우토노미아</i> 계획의 잊힌 기록을 원한다. 피톨 지구의 폐쇄된 로켓 사일로 밑바닥에 있는 기록 보관실로 가서 그것을 찾아야 한다.
worth_of_a_heart.subTasks{deliver_space_probe_hauzmann}/name	우주 탐사선 디스크를 하우츠만에게 전달하라
worth_of_a_heart.subTasks{deliver_space_probe_hauzmann}.updates{fogged_mirror}/entry	그는 아마 흐려진 거울에 돌아가 있을 것이다.
worth_of_a_heart.subTasks{enter_rocket_silo}/name	로켓 사일로에 들어가 버려진 기록 보관소를 찾아라
worth_of_a_heart.subTasks{enter_rocket_silo}.updates{descent}/entry	아래로 나선을 그리며 내려가는 계단이 기록 보관실로 이어지는 듯하다.
worth_of_a_heart.subTasks{enter_rocket_silo}.updates{grandpa_archives_update}/entry	운동하던 노인이 기록 보관소는 계단을 따라 더 아래에 있다고 알려 줬다.
worth_of_a_heart.subTasks{enter_rocket_silo}.updates{metal_stripper_archives_update}/entry	사일로 밖에서 금속을 뜯어 가던 여자가 돌고래-인간 혼종을 조심하라고 경고했다.
worth_of_a_heart.subTasks{enter_rocket_silo}.updates{rocket_entrance}/entry	금속 문 하나가 버려진 사일로의 깊은 곳으로 이어진다.
worth_of_a_heart.subTasks{figure_out_who_stole_space_disc_subtask}/name	로켓 사일로에 가 있는 동안 누가 진홍색 디스크를 훔쳤는지 알아내라
worth_of_a_heart.subTasks{figure_out_who_stole_space_disc_subtask}.updates{bagman_gloat}/entry	배그맨은 시청자들에게 언제든 전화해서 자기가 최근에 훔친 '초병기'에 대해 이야기하자고 했다.
worth_of_a_heart.subTasks{figure_out_who_stole_space_disc_subtask}.updates{figure_out_who_stole_disc_update}/entry	습격범이 종이봉투를 남기고 갔다.
worth_of_a_heart.subTasks{figure_out_who_stole_space_disc_subtask}.updates{return_hauzmann_after_disc_lost_update}/entry	하우츠만이라면 이 난장판을 수습할 방법을 알지도 모른다. 그가 기뻐하리라는 보장은 없지만.
worth_of_a_heart.subTasks{head_to_Pitol_Tract}/name	피톨 지구로 가라
worth_of_a_heart.subTasks{head_to_Pitol_Tract}.updates{disc_location}/entry	하우츠만은 낡은 로켓 사일로에서 HKT-04/17-E라는 파일을 가져오길 원한다.
worth_of_a_heart.subTasks{head_to_Pitol_Tract}.updates{tram_station}/entry	피톨 지구에는 시내의 공중전차 정거장을 이용해 갈 수 있다.
worth_of_a_heart.subTasks{listen_space_disc}/name	하우츠만과 함께 우주 탐사선 디스크를 들어라
worth_of_a_heart.subTasks{listen_space_disc}.updates{anticipation}/entry	모든 것일 수도 있다. 아무것도 아닐 수도 있다.
worth_of_a_heart.subTasks{listen_space_disc}.updates{when_ready}/entry	준비가 되면 하우츠만에게 알려라. 그는 흐려진 거울에 있다.
worth_of_a_heart.subTasks{locate_records_hauzmann}/name	기록 보관소에서 녹음 자료를 회수하라
worth_of_a_heart.subTasks{locate_records_hauzmann}.updates{dark_room}/entry	로켓 사일로 지하 3층에서 기록 보관실을 찾았다.
worth_of_a_heart.subTasks{locate_records_hauzmann}.updates{discovered_rocket_launch_cover_up_update}/entry	<i>아우토노미아</i> 계획에는 거대한 은폐 공작이 얽혀 있다. 포르토피로의 로켓은 발사일에 폭발하지 않았고, 승무원들은 심리학자를 태운 채 궤도에 도달했다.
worth_of_a_heart.subTasks{locate_records_hauzmann}.updates{melita}/entry	멜리타는 선반이 수동으로 서로 고정돼 있지 않은지 확인한 다음 제어 장치를 찾아보라고 조언했다.
worth_of_a_heart.subTasks{locate_records_hauzmann}.updates{shelves_detached}/entry	선반은 치웠으니, 이제 중앙 통로만 뒤지면 된다.
worth_of_a_heart.subTasks{locate_records_hauzmann}.updates{silo_control_unit_update}/entry	기록 보관소의 제어 장치로 선반을 옮기고 문서를 꺼낼 수 있다. 올바른 식별자만 찾으면 된다.
worth_of_a_heart.subTasks{meet_bagman_worth_of_heart}/name	배그맨과 접촉하라
worth_of_a_heart.subTasks{meet_bagman_worth_of_heart}.updates{bagman_location}/entry	배그맨은 그를 만나려면 주택 캠페인의 지붕들을 가로질러 가야 한다고 했다.
worth_of_a_heart.subTasks{meet_bagman_worth_of_heart}.updates{bagman_number}/entry	배그맨의 TV 프로그램 <i>현실 상황</i>에 전화할 번호를 적어 두었다.
worth_of_a_heart.subTasks{meet_bagman_worth_of_heart}.updates{call_him}/entry	배그맨은 시청자들에게 언제든 전화해서 자기가 최근에 훔친 '초병기'에 대해 이야기하자고 했다.
worth_of_a_heart.subTasks{meet_bagman_worth_of_heart}.updates{melita}/entry	멜리타는 배그맨의 스튜디오가 주택 캠페인에 속해 있고 지붕을 통해 갈 수 있다고 말했다.
worth_of_a_heart.subTasks{trade_red_disc_with_bagman}/name	배그맨과 함께 진홍색 디스크의 운명을 결정하라
worth_of_a_heart.subTasks{trade_red_disc_with_bagman}.updates{plans}/entry	그는 이 디스크로 꾸미는 일이 있는 듯하다. 어쩌면 당신에게도 있을지 모른다.
absolutemag/character_full_name	절대 등급
absolutemag/description	요즘 머릿속을 떠나지 않는 것은 존재의 본질, 그리고 모든 것이 헛될지도 모른다는 생각이다. 대체 이 모든 게 무슨 의미일까? 중증 우울증과 현대 철학의 힘을 빌려 놀라운 결론에 다다랐다…
absolutemag/dissonanceTriggerDescription	회색 뇌세포 스킬 체크에 실패할 때
animalmagnetism/character_full_name	동물적 매력
animalmagnetism/description	송곳니, 발톱, 번뜩이는 사악한 눈, 그런 것들. 폭력을 휘두르는 능력이 한층 커진다. 순수한 *충동*이 이끄는 곳으로.
animalmagnetism/dissonanceTriggerDescription	동물에게 못되게 굴 때
animalmagnetism/uniqueEffectsDescription	생명체(특히 내면의 그 녀석)와 더 깊이 어울린다
anti_maternal_thought/character_full_name	반모성 본능
anti_maternal_thought/description	뱀 한 마리가 다리를 휘감고 기어오른다. 지금의 모습으로는 무엇을 해도 그 기세를 막을 수 없다. '나'를 이루는 것이 무엇인지 다시 상상하든가, 슬프고 피할 수 없는 결말을 각오해야 한다.
anti_maternal_thought/dissonanceTriggerDescription	좋은 양육을 지지할 때
anti_maternal_thought/uniqueEffectsDescription	모성과 거리가 먼 태도를 보인다, 특히 아이들에게
autosurgery/character_full_name	영적 자가 수술
autosurgery/description	물러서, 칼을 들었어! 간호사 한 명이 그 자리에서 기절한다. 정말 할 작정일까? 한편으로는 결국 인간이었다는 증거가 나온 셈이다. 다른 한편으로는 이제 모두가 속이 어떻게 생겼는지 알게 됐다.
autosurgery/dissonanceTriggerDescription	아무 말도 하지 않기로 할 때
career_opportunities/character_full_name	직업 기회
career_opportunities/description	가슴을 짓누르는 둔한 통증, 불길하게 웅웅대는 형광등 소리. 다시 무대에 서고 보니 지난 일이 떠오른다. 애초에 어쩌다 이 바닥에 발을 들였더라?
career_opportunities/dissonanceTriggerDescription	오페라 외의 누군가를 위해 일할 때
career_opportunities/uniqueEffectsDescription	오페라가 승인한 임무에 보너스 수당
closedworld/character_full_name	닫힌 세계의 카덴차
closedworld/description	당신 말고는 아무도 *진짜* 벌어지는 일을 이야기하고 싶어 하지 않는 것 같다. 타락한 엘리트들의 비밀 결사, 증강인간, 원격 사고 조종. 우연일까? 정신 불균형의 징후일까? 그럴 리 없다. 이제 진실을 폭로할 때다.
closedworld/dissonanceTriggerDescription	섬망이 없을 때.
coldstorage/character_full_name	냉동 보관
coldstorage/description	자기가 하는 말 들어 봤나? '쿨'이 어쩌고 '쿨'이 저쩌고, *전부* 쿨이다. 사이코맨서들은 이를 '착오 행위(parapraxis)'라 부른다. 최근에 겪은 불쾌한 일을 아직 온전히 받아들이지 못한 건 아닐까?
coldstorage/dissonanceTriggerDescription	불안이 높을 때.
divine_manipulator/character_full_name	실을 다루는 신성한 조종자
divine_manipulator/description	사람들은 당신이 기도하듯 두 손을 내밀고 혼잣말을 중얼거리는 것을 눈치챘다. 무슨 일일까? 또 하나의 공들인 위장일까, 이른바 신앙의 진심 어린 표출일까?
divine_manipulator/dissonanceTriggerDescription	어떤 스킬 체크든 실패할 때
divine_manipulator/uniqueEffectsDescription	별들이 호의를 보일지도 모른다
endendconsumer/character_full_name	최종의 최종 소비자
endendconsumer/description	시장 인센티브 확대와 민간 기업의 이점을 떠들어 봤자 지금까지 별 도움이 되지 않았다. 그런데… 실험 금융의 최전선에서 흥미진진한 소식이 들려온다, 때마침. 빠듯한 예산으로 제대로 된 첩보 활동을 하라는 건 무리니까. 이용 약관 적용.
endendconsumer/uniqueEffectsDescription	아무 공중전화에서나 금융 시민이 될 수 있다.
eternalvictimthought/character_full_name	영원한 피해자
eternalvictimthought/description	부엌 하나를 채울 만큼의 칼이 등에 꽂혀 있다. 우주가 던져 준 건 닭 한 마리 크기의 뼈다귀뿐. 원래 *이렇게* 힘들어야 하는 건 아니잖아?
eternalvictimthought/dissonanceTriggerDescription	'하드코어' 선택지를 고를 때
eternalvictimthought.reinforcedStateModifiers.skillModifiers[0]/description	이건 쉬워야 하는 거 아닌가?
eternalvictimthought.reinforcedStateModifiers.skillModifiers[1]/description	기발한 망상.
felixkaido/character_full_name	펠릭스 카이도의 발라드
felixkaido/description	마침내. 심장을 찾아 아직 뛰는 채로 뜯어내고, 적들의 생피를 혜성 꼬리처럼 흩날리며 미친 듯이 내달릴 것이다. 설마 이 모든 게 헛수고였을 리는 없다.
felixkaido/dissonanceTriggerDescription	적에게 자비를 베풀 때
finalsociety/character_full_name	최종 사회의 특사
finalsociety/description	당신은 기술 파시즘 세계관의 살아 있는 화신으로 스스로를 개조하느라 열심히 일해 왔다. 속도와 폭력, 대중문화, 개인 의식의 청산에 미친 괴짜로. 대중문화부가 그 노고에 보답하고 싶어 한다.
fullmoon/character_full_name	보름달 카운터
fullmoon/description	한 아이가 어머니의 어깨 위에서 빛나는 구체를 향해 손을 뻗는다. 할아버지 달이 내려다보며 미소 짓는다. 아이가 사라질 때까지, 천체의 회전에 휘둘리는 관계.
fullmoon/dissonanceTriggerDescription	대화 중 조급함을 드러낼 때
fullmoon/uniqueEffectsDescription	주변 환경에 느긋이 녹아들 때 '달의 관점' 상태이상 획득
hcu/character_full_name	독립 확장팩
hcu/description	공연이 마음에 안 드는가? 장면을 다시 시작하고 배우를 해고하면 된다. 어차피 대사도 제대로 못 외웠다. 누가 말대꾸하거든 기억하라. 여기선 당신이 원본이다.
hcu/dissonanceTriggerDescription	승무원을 잃을 때
hcu/uniqueEffectsDescription	도플갱어가 말할 때 XP 획득
howtopullthisoff/character_full_name	이걸 해내는 법
howtopullthisoff/description	첫 충동은 누구보다 먼저 현장에 도착한다는 장점이 있지만, 좋은 결과로 이어지는 일은 드물다. 준비가 핵심이다. 도어 코드를 알아 두면 그것도 도움이 될 것이다.
howtopullthisoff/dissonanceTriggerDescription	총을 쏘는 대신 숙고할 때
jaroffaces/character_full_name	얼굴 단지
jaroffaces/description	뚜껑을 연다. 눈, 입술, 코 주위에 넓은 붓질로 듬뿍 바른다. 가볍게 두드려 말리면 흡수가 잘된다. 스스로를 알아볼 수 없게 되면 효과가 나는 것이다.
jaroffaces/dissonanceTriggerDescription	얼굴을 가릴 때
jaroffaces/uniqueEffectsDescription	표정을 일그러뜨려 자신을 표현하기
lalaland/character_full_name	라라랜드 인민공화국
lalaland/description	세계적 망상 순위에서 공산주의는 거의 최상위다. 그럼에도 당신은 당 노선을 굳게 지켜 왔고, 해야 할 말을 정확히 해야 할 방식으로 말했다. 그에 대한 보상이 어딘가에서 기다리고 있지 않을까?
landausummer77/character_full_name	란다우, 81년 여름
landausummer77/description	음악이 구급차 안까지 따라온다. 총알이 가슴에 퍽 박히고, 동맥이 휘파람처럼 따라 운다. 춤 한 곡 더?
landausummer77/dissonanceTriggerDescription	총에 맞을 때
landausummer77/uniqueEffectsDescription	음악 이야기를 더 나눌 때
limitedhangout/character_full_name	수정된 제한적 폭로
limitedhangout/description	'어쩌면', '조금만', '좋아, 아마 약간은…' 같은 말들을 당신의 얼버무림 마차 앞에 매어 두었다. 아이러니한 거리감이라는 말들이 아무도 지켜보지 않는 평원을 질주한다.
limitedhangout/dissonanceTriggerDescription	어떤 스킬이든 최고 레벨에 도달할 때
locus_internal_control/character_full_name	내적 통제 소재
locus_internal_control/description	통치는 바깥에서 관찰하기 쉽다. 법률, 세금, 배심원 의무, 다단계 시민 인센티브 제도. 하지만 그것은 고유의 수수께끼 같은 징후를 지닌 내면의 현상이기도 하다. 정말 여기서 누가 책임자일까?
locus_internal_control/dissonanceTriggerDescription	멜리타에게 조언을 구할 때
negligentdischargethought/character_full_name	인류 선발전
negligentdischargethought/description	오늘은 꾀죄죄한 관객 몇 명뿐이다. 접이식 좌석 사이에 빈 종이컵과 찢어진 표가 뒹군다. 이 한심한 구경거리에 큰돈을 냈으니, 최소한 조금은 성의를 보여 줘야 하지 않겠나.
negligentdischargethought/dissonanceTriggerDescription	피로가 고조될 때
phantom_pain/character_full_name	환상통
phantom_pain/description	가장 아픈 건 무엇인가? 아무리 애써도 영영 이루지 못할 것들이다. 무엇이 당신의 발목을 잡는지는 다들 안다... 하지만 아무도 감히 입에 올리지 못한다.
phantom_pain/dissonanceTriggerDescription	'여성스러운' 옷을 입을 때
phantom_pain/uniqueEffectsDescription	자신의 신체 구조와 성 역할에 대해 이야기하기
primitive_accumulation/character_full_name	본원적 축적
primitive_accumulation/description	주머니가 좀 허전해 보인다. 모든 게 조금씩 더 힘들게 느껴진다. 값진 교훈을 얻었다. 선진 세계에서 진짜 범죄는 가난한 것이다.
primitive_accumulation/dissonanceTriggerDescription	부업을 할 때
primitive_accumulation/uniqueEffectsDescription	자판기를 털고 쓰레기통을 더 뒤지기
selfsabotagethought/character_full_name	사과 월드 투어 96
selfsabotagethought/description	모든 게 자기 탓이라고 계속 말하는데, 맞는 말일지도 모른다. 가늠하기 어렵다. 그 똥줄기를 따라 출발점까지 거슬러 올라가 책임자인 멍청이를 찾아내고, 책임을 묻자.
selfsabotagethought/dissonanceTriggerDescription	사람을 물리적으로 해칠 때
selfsabotagethought.reinforcedStateModifiers.skillModifiers[0]/description	불안
single_write_only/character_full_name	단일 쓰기 전용
single_write_only/description	어느 현자는 일어나는 모든 일은 이미 일어났다고 말했다. 이제 누군가 그걸 기록하고 있는 모양이다. 가능한 나머지 모든 세계에 온 것을 환영한다.
single_write_only/dissonanceTriggerDescription	일시정지 메뉴에서 저장 파일을 불러올 때
stoneage/character_full_name	석기시대의 백일몽
stoneage/description	이곳에 와 본 적이 있다... 아주 오래전에. 걸음마다 발가락이 땅에서 꽃을 뜯어내는 동안, 부족의 법과 금지된 골짜기의 전설이 깊숙이 꿈틀댄다.
stoneage/dissonanceTriggerDescription	코카인, 뉴라틴, 프레닥실을 복용할 때
stoneage/uniqueEffectsDescription	식물의 전쟁을 곱씹기
synthetic_desires/character_full_name	최신 합성 욕망
synthetic_desires/description	인민공화국에서 보낸 세월 탓에 선진 세계의 가장 기호학적으로 진보한 광고 앞에서 속수무책이 되었다. 더 탐구한 뒤 가차 없는 자기비판이 필요하다.
synthetic_desires/dissonanceTriggerDescription	짝퉁 물건을 구매할 때
tableauofghosts/character_full_name	유령 녹음기 - 열지 말 것
tableauofghosts/description	불꽃의 궤적이 하늘을 가르며 땅으로 곤두박질친다. 반사율 높은 옷을 입은 관리들이 군중을 통제하고 잔해를 치운다. 과거와 마주할 준비가 되었는가?
tableauofghosts/dissonanceTriggerDescription	옛 일당에 대한 기억을 억누를 때
tableauofghosts/uniqueEffectsDescription	옛 일당과의 기억을 발견하기
tableauofghosts.reinforcedStateModifiers.skillModifiers[0]/description	과거에 대한 애틋함
tellthemwerediplomats/character_full_name	우린 외교관이라고 전해!
tellthemwerediplomats/description	보드게임 카페 바닥에 파트너와 함께 피를 흘리며 누워서도, 외교관 여권을 움켜쥐고 미소 짓지 않을 수 없다... 이 사건은 방금 *국제* 사건이 되었다.
tellthemwerediplomats/dissonanceTriggerDescription	상황이 나빠졌을 때 외교관 면책 특권 주장하기
tellthemwerediplomats/uniqueEffectsDescription	'음모론적' 선택지를 고를 때
the_umbral_host/character_full_name	그늘 군세
the_umbral_host/description	그림자로 된 망토. 빛 없는 허공 위로 이어지는 왕관, 대대로 물려받은 흉터 난 검. 이 도시에는 새로운 종류의 밤이 필요하다. 군세가 기다린다.
the_umbral_host/dissonanceTriggerDescription	밤(오후 9시~오전 4시)에 잠을 잘 때
the_umbral_host/uniqueEffectsDescription	그림자 영역을 받아들이기
theemptyfloor/character_full_name	텅 빈 층
theemptyfloor/description	이제 진지해질 때다. 적어도 당신은 계속 그렇게 말한다. 하지만 이곳에 할 일이 있다는 걸 알아채는 사람은 아무도 없는 듯하다. 좋다, 그럼 당신이 한다. 젠장, 뭐든 하고 만다. 그게 당신의 좌우명이다. 길을 막는 자는 화를 입으리라.
theemptyfloor/dissonanceTriggerDescription	과제를 완료하지 못할 때
theineffablemelancholyofluzianelectropopthought/character_full_name	엘팝의 형언할 수 없는 우수
theineffablemelancholyofluzianelectropopthought/description	텅 빈 강당에 울려 퍼지는 목소리가 마음 깊숙이 남겨 둔 무언가를 부른다. 이 번호 한정판에는 진품임을 보증하는 홀로그램 도장이 찍혀 있다.
theineffablemelancholyofluzianelectropopthought/dissonanceTriggerDescription	엘팝을 경멸하는 태도를 보일 때
theineffablemelancholyofluzianelectropopthought/uniqueEffectsDescription	루스 문화 가십
thepartyandthepartythought/character_full_name	당과 파티
thepartyandthepartythought/description	낮이면 공산주의 청년들은 교리를 암송하며 하루를 보낸다. 밤이면 긁힌 디스크에 녹음한 지하 음악을 나눈다. 귓속에서는 작은 목소리가 '쿵짝-쿵짝-쿵짝' 하고 울린다. 당신에게도 들리는가?
thepartyandthepartythought/dissonanceTriggerDescription	수프레마 100 담배를 피울 때
thequestforitthought/character_full_name	'그것'을 찾아서
thequestforitthought/description	화학적, 기술적, 치료적 개입 그 어느 것도 이 위험한 형이상학적 여정에서 당신을 도울 수 없다. 마누스 파티가 당신을 무명에서 건져 올릴까, 아니면 판에서 가볍게 튕겨 낼까?
thequestforitthought/dissonanceTriggerDescription	당신이나 타인에게 '그것'이 있는지 가늠하기
thequestforitthought/uniqueEffectsDescription	레드 체크에 실패할 때
theyearzero/character_full_name	0년
theyearzero/description	가면 쓴 남자가 환영을 찌른다. 칼은 저마다 삶을 품은 구체들로 흩어진다. 수십억이 살고, 죽고, 다시 산다. 그 한복판 어딘가에서 사건들이 기록된다. 모든 것이 타 버려 재가 내던져질 때까지.
theyearzero/dissonanceTriggerDescription	세상에 중대한 변화를 일으킬 때
unguidedmissilestrikes/character_full_name	무유도 미사일 타격
unguidedmissilestrikes/description	당신을 마주 오는 차량 쪽으로 끌어당기는 핸들의 유혹을 느껴라. 발사 코드를 입력하라. 확전만이 앞으로 나아갈 유일한 길이다.
unguidedmissilestrikes/dissonanceTriggerDescription	미사일 공격 공상
unguidedmissilestrikes/uniqueEffectsDescription	'철학적' 선택지를 고를 때
unrealisedloss/character_full_name	미실현 손실
unrealisedloss/description	대변과 차변, 가계를 맴도는 사악한 쌍둥이. 걱정 마라, 대차대조표에 오르기 전까지는 실재하지 않는다. 어둠 속의 움직임일 뿐이다.
unrealisedloss/dissonanceTriggerDescription	담배, 술, 커피를 살 때
wangway/character_full_name	왕의 길
wangway/description	먼 옛날 먼 곳에서, 한 남자가 추종자들에게 평생의 역작이 적힌 책장을 먹으라고 청한다. 이어서 충성을 증명하라며 서로에게 똥을 싸라고 한다. 당신이라면 어떻게 하겠는가?
wangway/dissonanceTriggerDescription	어떤 식으로든 후회를 드러낸다
wangway/uniqueEffectsDescription	'왕'이라는 말을 입에 달고 산다
chain_cutters/character_full_name	체인 커터
chain_cutters/shortDescription	체인 커터.
flashlight/character_full_name	손전등
flashlight/fullDescription	전술용 손전등. 남들이 숨겨 두고 싶어 하는 것을 봐야 할 때 쓴다.
flashlight/shortDescription	손전등.
lockpick/character_full_name	자물쇠 따개
lockpick/shortDescription	자물쇠 따개.
multi_tool/character_full_name	공작원 공구 세트
multi_tool/fullDescription	모듈식 공구 거치대. 최초의 시제품은 탈주자 벨코프가 47년에 만들었다. 쓸모는 알맞은 확장 부품이 장착되어 있느냐에 전적으로 달려 있다.
multi_tool.gearModifiers.skillModifiers[0]/description	도시의 열쇠
prybar/character_full_name	쇠지레
prybar/fullDescription	규격품 쇠지레. 협상의 여지 없는 지렛대 효과가 필요할 때 가장 먼저 찾는 도구.
prybar/shortDescription	쇠지레.
screwdriver/character_full_name	드라이버
screwdriver/shortDescription	드라이버.
_hoxn3_e6hsnzy3m.modifier[0]/explanation	가짜 팬.
_hoxn3_e6hsnzy3m.modifier[1]/explanation	아무도 평화에 관심 없다.
_hoxn3_e6hsnzy3m.modifier[2]/explanation	엘팝이 불러온 우울.
_hoxn3_e6hsnzy3m.modifier[3]/explanation	신호 차단기는 쓸모없다.
_hoxn3_e6hsnzy3m.modifier[4]/explanation	십대를 열받게 하기는 쉽다.
_hoxn3_e6hsnzy3m.modifier[5]/explanation	당신은 이해하지 못한다.
_hoxn3_e6hsnzy3m.modifier[6]/explanation	당신의 재킷을 좋아한다.
_hoxn3_e6hsnzy3m.modifier[7]/explanation	우상에 대한 과잉 동일시.
0onpq6pdklk6y1i9.modifier[0]/explanation	난간에 앉아 마음을 가다듬었다.
0onpq6pdklk6y1i9.modifier[1]/explanation	훌륭한 점프.
0onpq6pdklk6y1i9.modifier[2]/explanation	끔찍한 착지.
0onpq6pdklk6y1i9.modifier[3]/explanation	수상한 재봉사.
0onpq6pdklk6y1i9.modifier[4]/explanation	반짝반짝.
0onpq6pdklk6y1i9.modifier[5]/explanation	멋진 코트.
0onpq6pdklk6y1i9.modifier[6]/explanation	번쩍이는 무기.
5kdrnjqh6zxymlhh.modifier[0]/explanation	팬 갈아타기.
5kdrnjqh6zxymlhh.modifier[1]/explanation	카르무나를 도왔다.
5kdrnjqh6zxymlhh.modifier[2]/explanation	옷걸이를 살펴보았다.
5kdrnjqh6zxymlhh.modifier[3]/explanation	의상 도둑
5kdrnjqh6zxymlhh.modifier[4]/explanation	환영을 보았다.
5kdrnjqh6zxymlhh.modifier[5]/explanation	파티 용품을 샀다.
5kdrnjqh6zxymlhh.modifier[6]/explanation	진지한 사색가.
7midhwr0agkljv7y.modifier[0]/explanation	더 이상한 쪽에게 밀렸다.
7midhwr0agkljv7y.modifier[1]/explanation	카르무나가 그가 누구인지 알려 줬다.
7midhwr0agkljv7y.modifier[2]/explanation	이미 변태 한 명을 밀쳤다.
7midhwr0agkljv7y.modifier[3]/explanation	형편없는 점프.
7midhwr0agkljv7y.modifier[4]/explanation	영원한 피해자.
7midhwr0agkljv7y.modifier[5]/explanation	위협적으로 큰 머리.
7midhwr0agkljv7y.modifier[6]/explanation	변태 색출 전문가.
7midhwr0agkljv7y.modifier[7]/explanation	문이나 다를 바 없다.
7midhwr0agkljv7y.modifier[8]/explanation	도기 파동.
e17439jaf2h6antd.modifier[0]/explanation	고무적인 소문.
e17439jaf2h6antd.modifier[1]/explanation	상승세를 타고 있다.
e17439jaf2h6antd.modifier[2]/explanation	자기 의심.
e17439jaf2h6antd.modifier[3]/explanation	보이지 않는 봉제 인형.
e17439jaf2h6antd.modifier[4]/explanation	동물 위장.
e17439jaf2h6antd.modifier[5]/explanation	머리 위의 변태
fu7agaifr76tiqsv.modifier[0]/explanation	코카인 떨림.
fu7agaifr76tiqsv.modifier[1]/explanation	철탑을 오르느라 지친 다리.
fu7agaifr76tiqsv.modifier[2]/explanation	운동하기 좋은 옷차림.
fu7agaifr76tiqsv.modifier[3]/explanation	높은 곳에서 내려다보았다.
fu7agaifr76tiqsv.modifier[4]/explanation	사무실 문을 걷어찼다.
fu7agaifr76tiqsv.modifier[5]/explanation	솜처럼 가벼운 발걸음.
fu7agaifr76tiqsv.modifier[6]/explanation	공 좀 아는 사람.
fu7agaifr76tiqsv.modifier[7]/explanation	재미 삼아 무장했다.
kc3xrnbcnpgk0nxw.modifier[0]/explanation	고무적인 소문.
kc3xrnbcnpgk0nxw.modifier[1]/explanation	난간에 앉아 마음을 가다듬었다.
kc3xrnbcnpgk0nxw.modifier[2]/explanation	라인 기술자가 경고해 줬다.
kc3xrnbcnpgk0nxw.modifier[3]/explanation	한 갑 훔치고도 들키지 않았다.
kc3xrnbcnpgk0nxw.modifier[4]/explanation	바자르의 귀염둥이.
kc3xrnbcnpgk0nxw.modifier[5]/explanation	반짝반짝.
kc3xrnbcnpgk0nxw.modifier[6]/explanation	번쩍이는 무기.
kc3xrnbcnpgk0nxw.modifier[7]/explanation	음모론자.
kc3xrnbcnpgk0nxw.modifier[8]/explanation	멋진 코트.
ue8gs1d3uaqp4j9z.modifier[0]/explanation	시선을 받는다는 것의 참을 수 없는 무게.
ue8gs1d3uaqp4j9z.modifier[1]/explanation	담배 훔치기의 달인.
ue8gs1d3uaqp4j9z.modifier[2]/explanation	대단한 점프.
ue8gs1d3uaqp4j9z.modifier[3]/explanation	흔들리는 머리 장구.
ue8gs1d3uaqp4j9z.modifier[4]/explanation	비둘기의 탈출담을 들었다.
ue8gs1d3uaqp4j9z.modifier[5]/explanation	높은 곳에서 모든 것을 내려다보았다.
ue8gs1d3uaqp4j9z.modifier[6]/explanation	당신은 여자애다.
f0xlpkc2nopcsogz.modifier[0]/explanation	그는 당신이 뇌 손상을 입었다고 생각한다.
f0xlpkc2nopcsogz.modifier[10]/explanation	훔치려 한 적이 있다.
f0xlpkc2nopcsogz.modifier[11]/explanation	늑대는 여자애들에게 어울리지 않는다.
f0xlpkc2nopcsogz.modifier[1]/explanation	그를 다치게 했다.
f0xlpkc2nopcsogz.modifier[2]/explanation	증강인간.
f0xlpkc2nopcsogz.modifier[3]/explanation	그의 텔레비전을 멋대로 만졌다.
f0xlpkc2nopcsogz.modifier[4]/explanation	그에게 사과 카드를 건넸다.
f0xlpkc2nopcsogz.modifier[5]/explanation	사과 카드가 형편없었다.
f0xlpkc2nopcsogz.modifier[6]/explanation	낮은 평량.
f0xlpkc2nopcsogz.modifier[7]/explanation	타이거 팬.
f0xlpkc2nopcsogz.modifier[8]/explanation	그의 빌어먹을 쇳덩이 자지를 알아챘다.
f0xlpkc2nopcsogz.modifier[9]/explanation	우체통을 부순 일을 자백했다.
zjr9aexyrj41j4jd.modifier[0]/explanation	타 버리도록 태어났다.
zjr9aexyrj41j4jd.modifier[1]/explanation	운동으로 상대를 박살 내겠다는 협박.
zjr9aexyrj41j4jd.modifier[2]/explanation	출발선에 설 준비 완료.
zjr9aexyrj41j4jd.modifier[3]/explanation	고성능 운동화.
zjr9aexyrj41j4jd.modifier[4]/explanation	부두 노동.
zjr9aexyrj41j4jd.modifier[5]/explanation	타르 낀 폐.
zjr9aexyrj41j4jd.modifier[6]/explanation	풀려난 짐승.
zjr9aexyrj41j4jd.modifier[7]/explanation	발바닥 접지력 부실.
zjr9aexyrj41j4jd.modifier[8]/explanation	여자애처럼 달린다.
zjr9aexyrj41j4jd.modifier[9]/explanation	디바.
oe0iy8w2opapkcgn.modifier[0]/explanation	레이저로 사과를 곧장 남의 머릿속에 쏘아 보낸다.
oe0iy8w2opapkcgn.modifier[1]/explanation	사과의 질을 걱정한다.
oe0iy8w2opapkcgn.modifier[2]/explanation	둔감하다.
oe0iy8w2opapkcgn.modifier[3]/explanation	정말 미안하다.
oe0iy8w2opapkcgn.modifier[4]/explanation	증강인간 관련 의심.
oe0iy8w2opapkcgn.modifier[5]/explanation	에스티에게 사과하러 왔다고 말했다.
oe0iy8w2opapkcgn.modifier[6]/explanation	편지와 소포에 가해 온 폭력의 전력.
oe0iy8w2opapkcgn.modifier[7]/explanation	그램수 감지기.
oe0iy8w2opapkcgn.modifier[8]/explanation	종이 모자.
h3xxh5bobmi_nh6c.modifier[0]/explanation	그녀의 플러그를 뽑았다.
h3xxh5bobmi_nh6c.modifier[10]/explanation	이건 사악하게 끝난다.
h3xxh5bobmi_nh6c.modifier[11]/explanation	화학에 대한 의심.
h3xxh5bobmi_nh6c.modifier[12]/explanation	꿈 늑대.
h3xxh5bobmi_nh6c.modifier[1]/explanation	셉티무스라고 말했다.
h3xxh5bobmi_nh6c.modifier[2]/explanation	이제 진짜 스파이라고 말해 주었다.
h3xxh5bobmi_nh6c.modifier[3]/explanation	기계를 통해 그녀와 대화했다.
h3xxh5bobmi_nh6c.modifier[4]/explanation	“왁.”
h3xxh5bobmi_nh6c.modifier[5]/explanation	귓속 침투.
h3xxh5bobmi_nh6c.modifier[6]/explanation	로퍼 핀을 보여 주었다.
h3xxh5bobmi_nh6c.modifier[7]/explanation	화합, 불화.
h3xxh5bobmi_nh6c.modifier[8]/explanation	기계에 대해 좋은 말을 했다.
h3xxh5bobmi_nh6c.modifier[9]/explanation	기계에 대해 나쁜 말을 했다.
7ebq1y20huiy3n6o.modifier[0]/explanation	삑삑 소리를 따라간다.
7ebq1y20huiy3n6o.modifier[1]/explanation	기술 설명을 들었다.
7ebq1y20huiy3n6o.modifier[2]/explanation	은밀한 도청: 실패.
7ebq1y20huiy3n6o.modifier[3]/explanation	더치스가 어디 사는지 안다.
7ebq1y20huiy3n6o.modifier[4]/explanation	죄수와 다시 연락이 닿았다.
7ebq1y20huiy3n6o.modifier[5]/explanation	유선 전화라는 것을 안다.
ihc59datc33v4ahu.modifier[1]/explanation	다른 터미널에서 네트워크 지도를 봤다.
ihc59datc33v4ahu.modifier[2]/explanation	또 하나의 *거대한* 출력 구간을 추적했다.
ihc59datc33v4ahu.modifier[3]/explanation	장갑을 끼고 준비 완료.
ihc59datc33v4ahu.modifier[4]/explanation	더치스의 주소를 안다.
ihc59datc33v4ahu.modifier[5]/explanation	우주의 공포를 언뜻 보았다.
ihc59datc33v4ahu.modifier[6]/explanation	미리 정돈해 둔 바지.
ihc59datc33v4ahu.modifier[7]/explanation	회선 식별자를 알아냈다.
ihc59datc33v4ahu.modifier[8]/explanation	육체적 연결이 이루어졌다.
307i97m1h2emwh61.modifier[0]/explanation	시 잡지를 찾고 있다.
307i97m1h2emwh61.modifier[1]/explanation	여기로 보내졌다.
307i97m1h2emwh61.modifier[2]/explanation	이미 잡지를 한 권 들고 있다.
307i97m1h2emwh61.modifier[3]/explanation	장갑을 끼고 있다.
307i97m1h2emwh61.modifier[4]/explanation	노련한 돌고래 찌르기 전문가.
307i97m1h2emwh61.modifier[5]/explanation	블랙 사이트 수색견.
307i97m1h2emwh61.modifier[6]/explanation	비평가에게 비판적.
307i97m1h2emwh61.modifier[7]/explanation	기록 보관소 경험.
_e9edxyhewgshivq.modifier[0]/explanation	스트레스 떨림.
_e9edxyhewgshivq.modifier[1]/explanation	팽팽함. 흥분.
_e9edxyhewgshivq.modifier[2]/explanation	전직 조종사들의 이론.
aktjp3rtaw46pmpf.modifier[0]/explanation	유도되지 않은 미사일 공격.
aktjp3rtaw46pmpf.modifier[1]/explanation	점점 커지는 소용돌이.
aktjp3rtaw46pmpf.modifier[2]/explanation	경고의 노크.
aktjp3rtaw46pmpf.modifier[3]/explanation	인적 자본국 책임자를 찾는 중.
aktjp3rtaw46pmpf.modifier[4]/explanation	그의 이름을 안다.
kyrc_250bm_bco3q.modifier[0]/explanation	그의 스트레스를 봤다.
kyrc_250bm_bco3q.modifier[1]/explanation	더치스의 자부심.
kyrc_250bm_bco3q.modifier[2]/explanation	자기 자신에게 연습했다.
kyrc_250bm_bco3q.modifier[3]/explanation	더치스를 울렸다.
kyrc_250bm_bco3q.modifier[4]/explanation	제타를 울렸다.
kyrc_250bm_bco3q.modifier[5]/explanation	제타의 자부심.
tugb8x6v_57tszvq.modifier[0]/explanation	고가의 복장.
tugb8x6v_57tszvq.modifier[1]/explanation	열차 갈취.
tugb8x6v_57tszvq.modifier[2]/explanation	세게 떠밀기.
tugb8x6v_57tszvq.modifier[3]/explanation	떠밀기에 실패했다.
tugb8x6v_57tszvq.modifier[4]/explanation	메타모토 때문에 화났다.
tugb8x6v_57tszvq.modifier[5]/explanation	유도되지 않은 미사일 공격.
8qql43no7y75dqo0.modifier[0]/explanation	자기 물건을 탐내는 걸 알고 있다.
8qql43no7y75dqo0.modifier[1]/explanation	편집자를 눈여겨본다.
8qql43no7y75dqo0.modifier[2]/explanation	시를 한 편 썼다.
8qql43no7y75dqo0.modifier[3]/explanation	문구류 같은 무기력.
lm5johfafonoqdql.modifier[0]/explanation	그녀의 이름을 불렀다.
lm5johfafonoqdql.modifier[1]/explanation	이루어지지 못한 에로틱한 사정.
lm5johfafonoqdql.modifier[2]/explanation	그녀가 사랑한다고 말했다.
lm5johfafonoqdql.modifier[3]/explanation	HOPSCOTCH에 대해 물었다.
lm5johfafonoqdql.modifier[4]/explanation	전화를 끊지 못하게 붙잡았다.
lm5johfafonoqdql.modifier[5]/explanation	집으로 가는 기차.
lm5johfafonoqdql.modifier[6]/explanation	가장 큰 위험을 즐긴다.
zro0o6kbvxlf5eh8.modifier[0]/explanation	그녀가 사진을 마음에 들어 한다.
zro0o6kbvxlf5eh8.modifier[1]/explanation	기차 타고 집으로.
zro0o6kbvxlf5eh8.modifier[2]/explanation	가불금.
zro0o6kbvxlf5eh8.modifier[3]/explanation	공감.
zro0o6kbvxlf5eh8.modifier[4]/explanation	그녀를 끌어당겨라.
zro0o6kbvxlf5eh8.modifier[5]/explanation	기적의 멜리타.
nsfz7ckslv8rq1k4.modifier[0]/explanation	그녀의 여동생을 안다.
nsfz7ckslv8rq1k4.modifier[10]/explanation	아이들의 아버지에 대해 이야기했다.
nsfz7ckslv8rq1k4.modifier[11]/explanation	그녀의 논문을 눈여겨봤다.
nsfz7ckslv8rq1k4.modifier[12]/explanation	심리치료사.
nsfz7ckslv8rq1k4.modifier[13]/explanation	치료는 부르주아나 받는 것.
nsfz7ckslv8rq1k4.modifier[14]/explanation	꿈을 따라가라!
nsfz7ckslv8rq1k4.modifier[15]/explanation	자신의 공허를 탐구했다.
nsfz7ckslv8rq1k4.modifier[1]/explanation	그녀의 진짜 이름을 모른다.
nsfz7ckslv8rq1k4.modifier[2]/explanation	그녀의 교재를 가져다줬다.
nsfz7ckslv8rq1k4.modifier[3]/explanation	그녀의 집을 험담했다.
nsfz7ckslv8rq1k4.modifier[4]/explanation	그녀의 집을 칭찬했다.
nsfz7ckslv8rq1k4.modifier[5]/explanation	그녀의 고객이다.
nsfz7ckslv8rq1k4.modifier[6]/explanation	지루한 사람이라고 했다.
nsfz7ckslv8rq1k4.modifier[7]/explanation	창녀라고 불렀다.
nsfz7ckslv8rq1k4.modifier[8]/explanation	핫라인 동료 상담원.
nsfz7ckslv8rq1k4.modifier[9]/explanation	일 이야기를 했다.
_b58ozaxtvwvj1wx.modifier[0]/explanation	베스파르와 친구가 되었다.
_b58ozaxtvwvj1wx.modifier[1]/explanation	그의 보스에 대해 물었다.
_b58ozaxtvwvj1wx.modifier[2]/explanation	손금을 봐 주었다.
_b58ozaxtvwvj1wx.modifier[3]/explanation	그의 마음에 호소했다.
_b58ozaxtvwvj1wx.modifier[4]/explanation	그를 알게 되었다.
cxxs8u0fzmbyq_ha.modifier[0]/explanation	나란히 서서 베스파르를 애도했다.
cxxs8u0fzmbyq_ha.modifier[1]/explanation	람세스의 약을 두고 거래를 성사시켰다.
cxxs8u0fzmbyq_ha.modifier[2]/explanation	동키사치에서 자랐다.
cxxs8u0fzmbyq_ha.modifier[3]/explanation	아주리와 연줄이 있다.
cxxs8u0fzmbyq_ha.modifier[4]/explanation	냉정한 탈취.
_ye0obp2guwlckst.modifier[0]/explanation	키보드와 마주쳤다.
_ye0obp2guwlckst.modifier[10]/explanation	건물을 둘러봤다.
_ye0obp2guwlckst.modifier[11]/explanation	건물을 둘러봤다.
_ye0obp2guwlckst.modifier[12]/explanation	건물을 둘러봤다.
_ye0obp2guwlckst.modifier[13]/explanation	건물을 둘러봤다.
_ye0obp2guwlckst.modifier[14]/explanation	분위기에 몸을 맡겨라.
_ye0obp2guwlckst.modifier[15]/explanation	탄흔.
_ye0obp2guwlckst.modifier[1]/explanation	엘팝 팬.
_ye0obp2guwlckst.modifier[2]/explanation	빨간 디스크를 들었다.
_ye0obp2guwlckst.modifier[3]/explanation	우주의 목소리를 들었다.
_ye0obp2guwlckst.modifier[4]/explanation	반복 재생러.
_ye0obp2guwlckst.modifier[5]/explanation	페트레를 만났다.
_ye0obp2guwlckst.modifier[6]/explanation	마법에 관심을 보였다.
_ye0obp2guwlckst.modifier[7]/explanation	“왜 그렇게 신경 쓰시죠?”
_ye0obp2guwlckst.modifier[8]/explanation	건축물에 대한 폭력.
_ye0obp2guwlckst.modifier[9]/explanation	자본가를 걷어찼다.
03fi9p02f56ajcnx.modifier[0]/explanation	음모론에 절은 뇌
03fi9p02f56ajcnx.modifier[1]/explanation	이 현실 너머 어딘가에서 들리는 딸깍 소리.
u3ehy2ely6i66oi9.modifier[0]/explanation	잠재된 야만성.
u3ehy2ely6i66oi9.modifier[1]/explanation	실현되지 못한 폭력.
u3ehy2ely6i66oi9.modifier[2]/explanation	불경함.
u3ehy2ely6i66oi9.modifier[3]/explanation	노점 도둑.
u3ehy2ely6i66oi9.modifier[4]/explanation	새끼 돼지들을 만났다.
u3ehy2ely6i66oi9.modifier[5]/explanation	원숭이는 여기 있을 게 아니다.
u3ehy2ely6i66oi9.modifier[6]/explanation	사슬뱀을 죽였다.
u3ehy2ely6i66oi9.modifier[7]/explanation	봉제 인형을 샀다.
u3ehy2ely6i66oi9.modifier[8]/explanation	아버지 모양?
tddkpgnm2m8frb0d.modifier[0]/explanation	그는 프롤레포크를 좋아한다.
tddkpgnm2m8frb0d.modifier[10]/explanation	그를 '초록 년'이라 불렀다.
tddkpgnm2m8frb0d.modifier[11]/explanation	결정적인 순간에 그의 노래를 불렀다.
tddkpgnm2m8frb0d.modifier[12]/explanation	내기 빚을 갚지 않았다.
tddkpgnm2m8frb0d.modifier[13]/explanation	동물 자기.
tddkpgnm2m8frb0d.modifier[14]/explanation	딱정벌레의 자존심을 건드렸다.
tddkpgnm2m8frb0d.modifier[1]/explanation	그를 짓눌러 버리려 했다.
tddkpgnm2m8frb0d.modifier[2]/explanation	자신을 벌레라 부르는 걸 들었다.
tddkpgnm2m8frb0d.modifier[3]/explanation	그에게 돈을 걸지 않았다.
tddkpgnm2m8frb0d.modifier[4]/explanation	그에게 자장가를 불러 줬다.
tddkpgnm2m8frb0d.modifier[5]/explanation	'슈퍼블록, 베이비'가 머릿속에서 떠나지 않는다.
tddkpgnm2m8frb0d.modifier[6]/explanation	주위의 졸개들을 의식하고 있다.
tddkpgnm2m8frb0d.modifier[7]/explanation	그는 울트라 팬이다.
tddkpgnm2m8frb0d.modifier[8]/explanation	딱정벌레는 테크노를 좋아한다.
tddkpgnm2m8frb0d.modifier[9]/explanation	그에게 전투가를 불러 주길 거부했다.
733yqreledcahka6.modifier[0]/explanation	카르무나가 방법을 알려 줬다.
733yqreledcahka6.modifier[1]/explanation	스타처럼 입어야 한다.
733yqreledcahka6.modifier[2]/explanation	약을 하면 쇼핑이 더 잘된다.
733yqreledcahka6.modifier[3]/explanation	규칙 지향.
733yqreledcahka6.modifier[4]/explanation	'잇(It)'을 좇아서.
733yqreledcahka6.modifier[5]/explanation	파파라치에게 걸렸다.
733yqreledcahka6.modifier[6]/explanation	옷걸이가 당신이 넘어지는 걸 지켜봤다.
733yqreledcahka6.modifier[7]/explanation	'좋은 것'을 찾지 말 것.
733yqreledcahka6.modifier[8]/explanation	외투 불안증.
cvsbw3s_3yy8zsm6.modifier[0]/explanation	그녀의 과거를 물었다.
cvsbw3s_3yy8zsm6.modifier[1]/explanation	그녀를 도둑이라 불렀다.
cvsbw3s_3yy8zsm6.modifier[2]/explanation	그녀를 또 도둑이라 불렀다.
cvsbw3s_3yy8zsm6.modifier[3]/explanation	그녀가 야나에게 추파를 던졌다.
cvsbw3s_3yy8zsm6.modifier[4]/explanation	공중 변태.
cvsbw3s_3yy8zsm6.modifier[5]/explanation	그녀는 여전히 아름답다.
cvsbw3s_3yy8zsm6.modifier[6]/explanation	문화궁전을 탐색했다.
cvsbw3s_3yy8zsm6.modifier[7]/explanation	그녀의 물건을 훔쳤다.
xmb4gx6u6eni_1xh.modifier[0]/explanation	늑대 백과사전급 지식.
xmb4gx6u6eni_1xh.modifier[1]/explanation	컵 진열가.
xmb4gx6u6eni_1xh.modifier[2]/explanation	늑대 경시.
xmb4gx6u6eni_1xh.modifier[3]/explanation	늑대 예찬.
xmb4gx6u6eni_1xh.modifier[4]/explanation	고자질했다.
xmb4gx6u6eni_1xh.modifier[5]/explanation	늑대 가죽 외투.
mf5ehsvmuocvzm91.modifier[0]/explanation	청소부들이 현장에 대기 중.
mf5ehsvmuocvzm91.modifier[1]/explanation	더 나은 방법이 없다.
mf5ehsvmuocvzm91.modifier[2]/explanation	갱(gäng)이 뒤를 받쳐 준다.
mf5ehsvmuocvzm91.modifier[3]/explanation	박살 내자!!!
mf5ehsvmuocvzm91.modifier[4]/explanation	토니오가 길을 알려 줬다.
mf5ehsvmuocvzm91.modifier[5]/explanation	오스카가 길을 알려 줬다.
mf5ehsvmuocvzm91.modifier[6]/explanation	야나가 길을 알려 줬다.
mf5ehsvmuocvzm91.modifier[7]/explanation	폴라리스에게 기도했다.
mf5ehsvmuocvzm91.modifier[8]/explanation	레노의 차용증.
oq6t6e9w6krpg1je.modifier[0]/explanation	그의 말을 조금씩 알아듣는다.
oq6t6e9w6krpg1je.modifier[1]/explanation	그가 말을 못 하는 이유에 대한 단서.
oq6t6e9w6krpg1je.modifier[2]/explanation	신비학 청취자.
oq6t6e9w6krpg1je.modifier[3]/explanation	너무 직설적으로 말했다.
oq6t6e9w6krpg1je.modifier[4]/explanation	감옥에 대한 병적인 호기심.
0q85daz6kyp5l3rp.modifier[0]/explanation	그가 왜 거짓말을 하겠는가?
0q85daz6kyp5l3rp.modifier[1]/explanation	그가 하는 말은 하나도 앞뒤가 맞지 않는다.
0q85daz6kyp5l3rp.modifier[2]/explanation	술집의 그 여자일 뿐이다.
2dz8m68tt6ndzvpu.modifier[0]/explanation	느낌이 역겹다.
2dz8m68tt6ndzvpu.modifier[1]/explanation	느낌이 진짜 역겹다.
2dz8m68tt6ndzvpu.modifier[2]/explanation	더 나은 각도를 잡았다.
2dz8m68tt6ndzvpu.modifier[3]/explanation	최종 보스가 보냈다.
y4td_r5qe5x9r56s.modifier[0]/explanation	이그나츠는 신경 쓰지 않을 것이다... 그렇겠지?
y4td_r5qe5x9r56s.modifier[1]/explanation	프로 정신에 대한 헌신.
y4td_r5qe5x9r56s.modifier[2]/explanation	더 나은 각도.
y4td_r5qe5x9r56s.modifier[3]/explanation	느낌이 진짜 역겹다.
fxvd9e50bfy_n1sw.modifier[0]/explanation	가치 40%.
fxvd9e50bfy_n1sw.modifier[1]/explanation	H.S. 라스트라 개소리 인용.
fxvd9e50bfy_n1sw.modifier[2]/explanation	어쩌면 꼬마 관리관과 대화 중일지도 모른다.
fxvd9e50bfy_n1sw.modifier[3]/explanation	적들을 만났다.
fxvd9e50bfy_n1sw.modifier[4]/explanation	문학 입문자.
fxvd9e50bfy_n1sw.modifier[5]/explanation	분대의 평결: 유죄.
fxvd9e50bfy_n1sw.modifier[6]/explanation	현실의 가장자리를 더듬는 중.
fxvd9e50bfy_n1sw.modifier[7]/explanation	'정독'의 의미를 형이상학적으로 설명 들었다.
k9y_2jjj8yy0ndtt/alternative3	사장이 아무 말 없이 빗자루를 건넨다.
ctn5bigzu4ouhz_y.modifier[0]/explanation	아파트 청소 완료.
ctn5bigzu4ouhz_y.modifier[1]/explanation	손전등으로 발견했다.
ctn5bigzu4ouhz_y.modifier[2]/explanation	레노가 기차 모형을 그리워한다.
ctn5bigzu4ouhz_y.modifier[3]/explanation	프레디가 수치심을 숨겼다.
ctn5bigzu4ouhz_y.modifier[4]/explanation	접지력 강화.
j187zj8lrel8faqm.modifier[0]/explanation	바지로 교감했다.
j187zj8lrel8faqm.modifier[1]/explanation	템포의 바지를 입고 있다.
j187zj8lrel8faqm.modifier[2]/explanation	동물 자기.
j187zj8lrel8faqm.modifier[3]/explanation	사진 증거.
j187zj8lrel8faqm.modifier[4]/explanation	교역의 왕에게 담배를 줬다.
co9fopbbesgy14z1.modifier[0]/explanation	그를 당황하게 만듦.
co9fopbbesgy14z1.modifier[1]/explanation	그에게 누군가를 떠올리게 함.
co9fopbbesgy14z1.modifier[2]/explanation	로브.
co9fopbbesgy14z1.modifier[3]/explanation	카노푸시.
co9fopbbesgy14z1.modifier[4]/explanation	광대.
co9fopbbesgy14z1.modifier[5]/explanation	장관 킬러.
v9fehdbeyp1_g6ou.modifier[0]/explanation	옛날 얘기 같은 질문.
v9fehdbeyp1_g6ou.modifier[1]/explanation	골렘이 계속 말하게 함.
v9fehdbeyp1_g6ou.modifier[2]/explanation	관광단 일행이라고 말함.
vesztiuzwhs9f573.modifier[0]/explanation	람세스.
vesztiuzwhs9f573.modifier[1]/explanation	홀로세.
vesztiuzwhs9f573.modifier[2]/explanation	카롤리나.
vesztiuzwhs9f573.modifier[3]/explanation	칼레이도스코프.
vesztiuzwhs9f573.modifier[4]/explanation	야나.
iyyqtnzgedijv5wr.modifier[0]/explanation	혼합 향정신성 물질.
iyyqtnzgedijv5wr.modifier[1]/explanation	표시 없는 모듈.
iyyqtnzgedijv5wr.modifier[2]/explanation	트레페 학파.
iyyqtnzgedijv5wr.modifier[3]/explanation	음모론에 쉽게 끌림.
iyyqtnzgedijv5wr.modifier[4]/explanation	녹음을 들음.
iyyqtnzgedijv5wr.modifier[5]/explanation	성간 풍경.
iyyqtnzgedijv5wr.modifier[6]/explanation	별을 숭배하는 로브.
y724qcdqhbr2z21_.modifier[0]/explanation	기계에게 속삭이는 자.
y724qcdqhbr2z21_.modifier[1]/explanation	흰개미 신세를 받아들임.
ehoyt3awx32gbnst.modifier[0]/explanation	캐스게이드.
ehoyt3awx32gbnst.modifier[1]/explanation	음악을 즐기는 암살자.
ehoyt3awx32gbnst.modifier[2]/explanation	판돈 두 배.
ehoyt3awx32gbnst.modifier[3]/explanation	반사신경 전문가.
ehoyt3awx32gbnst.modifier[4]/explanation	야나는 템포다.
ehoyt3awx32gbnst.modifier[5]/explanation	헤드폰 남자가 십대들을 겁줌.
ehoyt3awx32gbnst.modifier[6]/explanation	스토너급 반응 속도.
tckbdzodfuavsab1.modifier[0]/explanation	EMTERR의 암살자.
tckbdzodfuavsab1.modifier[1]/explanation	슈도팟 명중.
tckbdzodfuavsab1.modifier[2]/explanation	야나는 템포다.
tckbdzodfuavsab1.modifier[3]/explanation	헤드폰 남자가 십대들을 겁줌.
tckbdzodfuavsab1.modifier[4]/explanation	외세의 침략 행위는 용인되지 않는다.
tckbdzodfuavsab1.modifier[5]/explanation	당신에겐 '잇'이 없지만 그에겐 있다.
tckbdzodfuavsab1.modifier[6]/explanation	곤자가 심장 옆 총알에게 말을 걸었다.
tckbdzodfuavsab1.modifier[7]/explanation	이미 한 번 정당방위에 성공했다.
tckbdzodfuavsab1.modifier[8]/explanation	에스티에게 찔림.
4cpomm4x4epjmurm.modifier[0]/explanation	비전문적인 유대 형성.
4cpomm4x4epjmurm.modifier[1]/explanation	템포의 담배를 찾음.
4cpomm4x4epjmurm.modifier[2]/explanation	카르무나의 귀띔.
4cpomm4x4epjmurm.modifier[3]/explanation	템포의 영역.
4cpomm4x4epjmurm.modifier[4]/explanation	우는 눈의 급습.
4cpomm4x4epjmurm.modifier[5]/explanation	'모든 것이 용서되리라.'
4cpomm4x4epjmurm.modifier[6]/explanation	당신이 맞춰 보기를 기다리는 중.
4cpomm4x4epjmurm.modifier[7]/explanation	아마 당신의 적은 아닐 것.
4cpomm4x4epjmurm.modifier[8]/explanation	남자들 사이의 일
4cpomm4x4epjmurm.modifier[9]/explanation	눈싸움에서 이김.
9c8kwmo512mqzmgz.modifier[0]/explanation	그 건물을 발견함.
9c8kwmo512mqzmgz.modifier[1]/explanation	사각지대를 발견함.
9c8kwmo512mqzmgz.modifier[2]/explanation	그가 난처해하는 것을 알아챔.
9c8kwmo512mqzmgz.modifier[3]/explanation	슈도팟의 그늘 아래.
9c8kwmo512mqzmgz.modifier[4]/explanation	선글라스를 낀 채.
9c8kwmo512mqzmgz.modifier[5]/explanation	바자르를 굽어봄.
kgysb_39unxvcu_w.modifier[0]/explanation	템포의 사무실에 들어갔다.
kgysb_39unxvcu_w.modifier[1]/explanation	바자르에서 창피하게 도망침.
kgysb_39unxvcu_w.modifier[2]/explanation	수상한 건물에 대해 털어놨다.
kgysb_39unxvcu_w.modifier[3]/explanation	템포가 죽었다고 알려 줌.
kgysb_39unxvcu_w.modifier[4]/explanation	그가 새를 관찰하는 걸 알아챔.
7vq0g3h68bwg9b3n.modifier[0]/explanation	한 번 성공한 적 있음.
7vq0g3h68bwg9b3n.modifier[1]/explanation	강제 진입.
7vq0g3h68bwg9b3n.modifier[2]/explanation	홀로세의 몽상.
7vq0g3h68bwg9b3n.modifier[3]/explanation	프레데리크에게 먹혔음.
fotfksejo_p3z1fg.modifier[0]/explanation	그에게 상태가 좋지 않다고 말함.
fotfksejo_p3z1fg.modifier[1]/explanation	그의 논문을 읽고 그를 이해함.
fotfksejo_p3z1fg.modifier[2]/explanation	원격 투시 속성 과정.
fotfksejo_p3z1fg.modifier[3]/explanation	편집증적 사고.
fotfksejo_p3z1fg.modifier[4]/explanation	곰팡이 치료제 준비 완료.
nrakl65mlmigzvu9.modifier[0]/explanation	홀로세가 정보는 스스로를 집어삼킨다고 한 말을 떠올림.
nrakl65mlmigzvu9.modifier[1]/explanation	섬망 상태, 정신이 활짝 열림.
nrakl65mlmigzvu9.modifier[2]/explanation	당신들 중 다수.
nrakl65mlmigzvu9.modifier[3]/explanation	포스트코드 트라우마.
nrakl65mlmigzvu9.modifier[4]/explanation	일단 발을 들여야 한다.
nrakl65mlmigzvu9.modifier[5]/explanation	달그락거리는 메달리온.
nrakl65mlmigzvu9.modifier[6]/explanation	수많은 눈.
nrakl65mlmigzvu9.modifier[7]/explanation	텔레파시 연결이 수립됨.
nrakl65mlmigzvu9.modifier[8]/explanation	로브를 걸친 정신 상태.
nrakl65mlmigzvu9.modifier[9]/explanation	마음속의 그의 팩스.
vsmiz07pq86nxidv.modifier[0]/explanation	라이브로 함.
vsmiz07pq86nxidv.modifier[1]/explanation	안경원숭이가 정말 통했다.
vsmiz07pq86nxidv.modifier[2]/explanation	진짜 정신적 유대.
vsmiz07pq86nxidv.modifier[3]/explanation	진짜 뇌 수술.
vsmiz07pq86nxidv.modifier[4]/explanation	천공 위치를 가늠함.
vsmiz07pq86nxidv.modifier[5]/explanation	분대와 떨어짐.
vsmiz07pq86nxidv.modifier[6]/explanation	진지한 의사 얼굴을 함.
vsmiz07pq86nxidv.modifier[7]/explanation	이물질 삽입됨.
oywipje90uoo5x9t.modifier[0]/explanation	자신의 위치를 파악했다.
oywipje90uoo5x9t.modifier[1]/explanation	하부 비우다스를 관찰했다.
oywipje90uoo5x9t.modifier[2]/explanation	네트워크 문제를 진단했다.
oywipje90uoo5x9t.modifier[3]/explanation	피톨 지구를 찾았다.
oywipje90uoo5x9t.modifier[4]/explanation	도시의 심장.
kddq6ec7s46a39tz.modifier[0]/explanation	그의 마취제를 마셨다.
kddq6ec7s46a39tz.modifier[1]/explanation	의료용 모형을 돌려줬다.
kddq6ec7s46a39tz.modifier[2]/explanation	곰팡이 때문에 기분을 상하게 했다.
kddq6ec7s46a39tz.modifier[3]/explanation	그림에 정신이 팔렸다.
kddq6ec7s46a39tz.modifier[4]/explanation	발치.
kddq6ec7s46a39tz.modifier[5]/explanation	여자애처럼 첩보질한다.
7m50n63d2ezcjf3a.modifier[0]/explanation	밤의 어둠에 가려졌다
7m50n63d2ezcjf3a.modifier[1]/explanation	변장했다
7m50n63d2ezcjf3a.modifier[2]/explanation	옷차림이 눈길을 끈다
u9a15sk81o6m0ta8.modifier[0]/explanation	밤의 어둠에 가려졌다
u9a15sk81o6m0ta8.modifier[1]/explanation	변장했다
u9a15sk81o6m0ta8.modifier[2]/explanation	옷차림이 눈길을 끈다
blsp0ljm49cq9du4.modifier[0]/explanation	창문 틈을 가늠했다.
blsp0ljm49cq9du4.modifier[1]/explanation	자물쇠 따기에 실패했다.
elxm2tgwpp3ddlqo.modifier[0]/explanation	람세스와 음악 이야기를 나눴다.
elxm2tgwpp3ddlqo.modifier[1]/explanation	총기는 좋고 윤리는 나쁘다.
elxm2tgwpp3ddlqo.modifier[2]/explanation	자기혐오용 사운드트랙.
elxm2tgwpp3ddlqo.modifier[3]/explanation	엘팝 팬.
elxm2tgwpp3ddlqo.modifier[4]/explanation	선반 탐험의 베테랑.
elxm2tgwpp3ddlqo.modifier[5]/explanation	선사시대 풀과 잘 어울린다.
elxm2tgwpp3ddlqo.modifier[6]/explanation	코카인과 *아주* 잘 어울린다.
elxm2tgwpp3ddlqo.modifier[7]/explanation	포르토피로 음악에 대해 들었다.
000dr_c13t06h_g8.modifier[0]/explanation	교역의 여왕.
000dr_c13t06h_g8.modifier[1]/explanation	부러운 볼주머니.
000dr_c13t06h_g8.modifier[2]/explanation	원숭이는 외롭다.
000dr_c13t06h_g8.modifier[3]/explanation	그와 거래했다.
000dr_c13t06h_g8.modifier[4]/explanation	진심으로 뉘우쳤다.
000dr_c13t06h_g8.modifier[5]/explanation	사과하기엔 너무 하드코어.
000dr_c13t06h_g8.modifier[6]/explanation	혼종 동물과의 유대.
pkr_ztiy4yieoqhq.modifier[0]/explanation	혼종 동물과의 유대.
pkr_ztiy4yieoqhq.modifier[1]/explanation	가짜 번식자.
pkr_ztiy4yieoqhq.modifier[2]/explanation	샘내는 볼주머니.
pkr_ztiy4yieoqhq.modifier[3]/explanation	조니 카즘.
pkr_ztiy4yieoqhq.modifier[4]/explanation	피규어는 카롤리나에게 큰 의미였다.
pkr_ztiy4yieoqhq.modifier[5]/explanation	낡은 우주복을 살펴봤다.
pkr_ztiy4yieoqhq.modifier[6]/explanation	교역의 악당.
pkr_ztiy4yieoqhq.modifier[7]/explanation	길동무가 필요한가?
z2k3ggyr0n0e8myz.modifier[0]/explanation	혼종 동물의 반사신경.
z2k3ggyr0n0e8myz.modifier[1]/explanation	어설프게 뛰어다닌다.
z2k3ggyr0n0e8myz.modifier[2]/explanation	당신은 하드코어다.
z2k3ggyr0n0e8myz.modifier[3]/explanation	가짜 번식자.
z2k3ggyr0n0e8myz.modifier[4]/explanation	번식자.
z2k3ggyr0n0e8myz.modifier[5]/explanation	펜을 훔쳤다.
z2k3ggyr0n0e8myz.modifier[6]/explanation	십 대처럼 움직였다.
z2k3ggyr0n0e8myz.modifier[7]/explanation	눈에 띄는 목걸이.
z2k3ggyr0n0e8myz.modifier[8]/explanation	털가죽 도둑.
5pg6u695qxow99kd.modifier[0]/explanation	키보드와 마주쳤다.
5pg6u695qxow99kd.modifier[10]/explanation	건물을 탐험했다.
5pg6u695qxow99kd.modifier[11]/explanation	건물을 탐험했다.
5pg6u695qxow99kd.modifier[12]/explanation	건물을 탐험했다.
5pg6u695qxow99kd.modifier[13]/explanation	건물을 탐험했다.
5pg6u695qxow99kd.modifier[14]/explanation	분위기에 푹 빠졌다.
5pg6u695qxow99kd.modifier[15]/explanation	네스토르 낙서를 봤다.
5pg6u695qxow99kd.modifier[1]/explanation	엘팝 팬.
5pg6u695qxow99kd.modifier[2]/explanation	붉은 디스크를 들었다.
5pg6u695qxow99kd.modifier[3]/explanation	우주의 목소리를 들었다.
5pg6u695qxow99kd.modifier[4]/explanation	반복 재생자.
5pg6u695qxow99kd.modifier[5]/explanation	페트레를 만났다.
5pg6u695qxow99kd.modifier[6]/explanation	마법에 관심이 있다.
5pg6u695qxow99kd.modifier[7]/explanation	“그게 무슨 상관이죠?”
5pg6u695qxow99kd.modifier[8]/explanation	건축물에 대한 폭력.
5pg6u695qxow99kd.modifier[9]/explanation	자본가를 걷어찼다.
_53_aczaqm3__hyr.modifier[0]/explanation	첫 세 글자를 정확히 맞혔다.
_53_aczaqm3__hyr.modifier[1]/explanation	원리를 훑어봤다.
_53_aczaqm3__hyr.modifier[2]/explanation	M.I.H.O. 신입
_53_aczaqm3__hyr.modifier[3]/explanation	야간 근무 집중.
_53_aczaqm3__hyr.modifier[4]/explanation	ACM 읽고 쓰기
ax2u4_52918ct402.modifier[0]/explanation	문자 빈도를 셌다.
ax2u4_52918ct402.modifier[1]/explanation	이중 문자 조합을 찾았다.
ax2u4_52918ct402.modifier[2]/explanation	삼중 문자 조합 “THE”를 찾았다.
ax2u4_52918ct402.modifier[3]/explanation	진지하게 명상을 시도했다.
ax2u4_52918ct402.modifier[4]/explanation	신비한 방식으로 일부를 즉시 풀었다.
ax2u4_52918ct402.modifier[5]/explanation	암호 해독의 기초를 복습했다.
ax2u4_52918ct402.modifier[6]/explanation	키워드의 길이를 안다.
ax2u4_52918ct402.modifier[7]/explanation	키워드의 길이를 모른다.
ax2u4_52918ct402.modifier[8]/explanation	여자애 두뇌.
80jl8lodia7v9o8b.modifier[0]/explanation	정당한 분노.
80jl8lodia7v9o8b.modifier[1]/explanation	첫 피.
80jl8lodia7v9o8b.modifier[2]/explanation	당이 뒤에서 받쳐 준다.
80jl8lodia7v9o8b.modifier[3]/explanation	카페인 금단.
o8y3jhg18pkb6ah9.modifier[0]/explanation	묽은 커피를 마셨다.
o8y3jhg18pkb6ah9.modifier[1]/explanation	안전가옥은 어디에나 있을 수 있다.
o8y3jhg18pkb6ah9.modifier[2]/explanation	왕 준비 완료.
o8y3jhg18pkb6ah9.modifier[3]/explanation	어쩔 수 없이 흔들어 보기로 했다.
o8y3jhg18pkb6ah9.modifier[4]/explanation	두 번 흔들었다.
o8y3jhg18pkb6ah9.modifier[5]/explanation	*그렇게* 가난하지는 않다.
jsi9ggvcscdner6v.modifier[0]/explanation	실종된 아버지의 서류를 찾았다.
jsi9ggvcscdner6v.modifier[1]/explanation	들키지 않고 들어갔다.
jsi9ggvcscdner6v.modifier[2]/explanation	쓰레기를 뒤졌다.
jsi9ggvcscdner6v.modifier[3]/explanation	그는 EMTERR에서 일한다.
jsi9ggvcscdner6v.modifier[4]/explanation	노동 수용소로 가는 입구.
hgo8ntyj_ru15dt5.modifier[0]/explanation	부적을 손에 쥐었다.
hgo8ntyj_ru15dt5.modifier[1]/explanation	방어 해제.
hgo8ntyj_ru15dt5.modifier[2]/explanation	기술 지원을 받았다.
hgo8ntyj_ru15dt5.modifier[3]/explanation	검을 휘두르는 자.
hgo8ntyj_ru15dt5.modifier[4]/explanation	기적의 핫라인 점쟁이.
k6_suih749nar1ib.modifier[0]/explanation	그가 얼마나 몰락했는지 안다.
k6_suih749nar1ib.modifier[1]/explanation	부재가 흔적을 남겼다.
k6_suih749nar1ib.modifier[2]/explanation	딸을 그리워한다.
k6_suih749nar1ib.modifier[3]/explanation	곤자의 조언을 받았다.
yeuselwg5g6w7ke0.modifier[0]/explanation	의사를 처음 만나는 게 아니다.
yeuselwg5g6w7ke0.modifier[1]/explanation	위조품을 알아보는 눈.
yeuselwg5g6w7ke0.modifier[2]/explanation	엄밀히 말해 도시에 없다.
yeuselwg5g6w7ke0.modifier[3]/explanation	속셈을 알고 있다.
yeuselwg5g6w7ke0.modifier[4]/explanation	면허를 언급했다.
yeuselwg5g6w7ke0.modifier[5]/explanation	진단: 시골 농장으로 보내짐.
05fhbqay9bhlamnw.modifier[0]/explanation	압박이 시인을 만든다.
05fhbqay9bhlamnw.modifier[1]/explanation	브이가 지켜보고 있다.
05fhbqay9bhlamnw.modifier[2]/explanation	몇 가지 불일치를 해소했다.
05fhbqay9bhlamnw.modifier[3]/explanation	이상한 장치를 맡겼다.
05fhbqay9bhlamnw.modifier[4]/explanation	'택스맨'을 넘어서지 못할까 봐 겁난다.
05fhbqay9bhlamnw.modifier[5]/explanation	시적인 기질.
5ri_ar6lw2qcmelc.modifier[0]/explanation	납치된 팝스타가 옆방에 있다.
5ri_ar6lw2qcmelc.modifier[1]/explanation	장치를 맡았다.
5ri_ar6lw2qcmelc.modifier[2]/explanation	EMTERR와 깊이 얽혀 있다.
5ri_ar6lw2qcmelc.modifier[3]/explanation	아스트랄 문 안의 울트라 비올레타 디스크.
5ri_ar6lw2qcmelc.modifier[4]/explanation	부모 이야기를 해 줬다.
5ri_ar6lw2qcmelc.modifier[5]/explanation	총에 맞았다.
5ri_ar6lw2qcmelc.modifier[6]/explanation	이 일로 총에 맞았다.
5ri_ar6lw2qcmelc.modifier[7]/explanation	좋은 질문.
5ri_ar6lw2qcmelc.modifier[8]/explanation	'각인체' 이야기가 영 미덥지 않다.
5ri_ar6lw2qcmelc.modifier[9]/explanation	젠장, 들통났다.
d8t_3t4fesr3jwmf.modifier[0]/explanation	그녀에게 '악질 패거리'를 보여 줬다.
d8t_3t4fesr3jwmf.modifier[1]/explanation	템포가 피우던 담배를 손에 쥐었다.
d8t_3t4fesr3jwmf.modifier[2]/explanation	부두목.
d8t_3t4fesr3jwmf.modifier[3]/explanation	그녀 바로 앞에서 '망쳤다'.
d8t_3t4fesr3jwmf.modifier[4]/explanation	템포를 피로 그렸다.
d8t_3t4fesr3jwmf.modifier[5]/explanation	그녀와 담배를 피웠다.
e5yzvz1eefz3ivgm.modifier[0]/explanation	울트라 문화.
e5yzvz1eefz3ivgm.modifier[1]/explanation	길모퉁이에서.
e5yzvz1eefz3ivgm.modifier[2]/explanation	실종된 팝스타.
e5yzvz1eefz3ivgm.modifier[3]/explanation	팬 흉내.
e5yzvz1eefz3ivgm.modifier[4]/explanation	초감각.
e5yzvz1eefz3ivgm.modifier[5]/explanation	붉은 디스크의 확산.
e5yzvz1eefz3ivgm.modifier[6]/explanation	사기 의심.
j16t2m0xx_lxdpbl.modifier[0]/explanation	그녀에게 요요라는 이름을 붙였다.
j16t2m0xx_lxdpbl.modifier[10]/explanation	이름이 떠오르지 않았다.
j16t2m0xx_lxdpbl.modifier[11]/explanation	브이는 융통성이 없다. 아마 그럴 만하다.
j16t2m0xx_lxdpbl.modifier[12]/explanation	'템포' 건이 영 미덥지 않다.
j16t2m0xx_lxdpbl.modifier[13]/explanation	펠릭스 카이도라면 이렇게 했을 것이다.
j16t2m0xx_lxdpbl.modifier[14]/explanation	브이를 조종했다.
j16t2m0xx_lxdpbl.modifier[15]/explanation	재미 삼아 그녀를 돌려보낸다.
j16t2m0xx_lxdpbl.modifier[16]/explanation	임무의 마지막 부분.
j16t2m0xx_lxdpbl.modifier[17]/explanation	엘팝을 위해서.
j16t2m0xx_lxdpbl.modifier[18]/explanation	너무 쉽게 말이 되고 우수가 부족하다.
j16t2m0xx_lxdpbl.modifier[1]/explanation	뱃사공에게 야나 이야기를 들었다.
j16t2m0xx_lxdpbl.modifier[2]/explanation	감정적 테러.
j16t2m0xx_lxdpbl.modifier[3]/explanation	그녀에게 솔직했다.
j16t2m0xx_lxdpbl.modifier[4]/explanation	브이의 출국 서류를 손에 쥐었다.
j16t2m0xx_lxdpbl.modifier[5]/explanation	그녀가 템포라고 믿는다.
j16t2m0xx_lxdpbl.modifier[6]/explanation	부모 이야기를 해 줬다.
j16t2m0xx_lxdpbl.modifier[7]/explanation	'모든 것이 용서될 것이다.'
j16t2m0xx_lxdpbl.modifier[8]/explanation	함께 담배를 피웠다.
j16t2m0xx_lxdpbl.modifier[9]/explanation	에스티를 압박했다.
zy09iwatlbcfl_0l.modifier[0]/explanation	익숙한 몸짓.
zy09iwatlbcfl_0l.modifier[1]/explanation	'년'들이 득실거린다.
zy09iwatlbcfl_0l.modifier[2]/explanation	어울리는 담배.
zy09iwatlbcfl_0l.modifier[3]/explanation	철저히 유린당했다.
zy09iwatlbcfl_0l.modifier[4]/explanation	루스 사람들의 큰 비밀.
zy09iwatlbcfl_0l.modifier[5]/explanation	담배 친구.
2v1afmpt_76_pyq6.modifier[0]/explanation	그녀와 유대를 맺었다.
2v1afmpt_76_pyq6.modifier[10]/explanation	오페라라는 말에 움찔했다.
2v1afmpt_76_pyq6.modifier[11]/explanation	그림자로 이뤄진 존재가 아니다.
2v1afmpt_76_pyq6.modifier[12]/explanation	위장 신분을 유지했다.
2v1afmpt_76_pyq6.modifier[13]/explanation	배역에서 벗어나지 않고 질문했다.
2v1afmpt_76_pyq6.modifier[14]/explanation	수입업자 시험을 간신히 통과했다.
2v1afmpt_76_pyq6.modifier[15]/explanation	시인 시험에 떨어졌다.
2v1afmpt_76_pyq6.modifier[16]/explanation	시인 시험에서 괜찮은 성적을 받았다.
2v1afmpt_76_pyq6.modifier[17]/explanation	시인 시험을 우수하게 통과했다.
2v1afmpt_76_pyq6.modifier[18]/explanation	진심을 담아 시를 썼다.
2v1afmpt_76_pyq6.modifier[1]/explanation	수입업자 시험에 떨어졌다.
2v1afmpt_76_pyq6.modifier[2]/explanation	계속 추파를 던졌다.
2v1afmpt_76_pyq6.modifier[3]/explanation	촌스럽다고 말했다.
2v1afmpt_76_pyq6.modifier[4]/explanation	성공한 시.
2v1afmpt_76_pyq6.modifier[5]/explanation	"남자를 찾는 중."
2v1afmpt_76_pyq6.modifier[6]/explanation	수입업자 시험을 우수하게 통과했다.
2v1afmpt_76_pyq6.modifier[7]/explanation	마조히스트.
2v1afmpt_76_pyq6.modifier[8]/explanation	그녀의 불안감을 이용했다.
2v1afmpt_76_pyq6.modifier[9]/explanation	계속 실수했다.
5brf8nt1a83lchz7.modifier[0]/explanation	계속 실수했다.
5brf8nt1a83lchz7.modifier[10]/explanation	말을 많이 했다.
5brf8nt1a83lchz7.modifier[11]/explanation	겉보기엔 뚫을 수 없다.
5brf8nt1a83lchz7.modifier[1]/explanation	위장 신분을 썼다.
5brf8nt1a83lchz7.modifier[2]/explanation	그녀를 조롱했다.
5brf8nt1a83lchz7.modifier[3]/explanation	마조히스트.
5brf8nt1a83lchz7.modifier[4]/explanation	자기혐오.
5brf8nt1a83lchz7.modifier[5]/explanation	실패한 로맨티스트.
5brf8nt1a83lchz7.modifier[6]/explanation	입을 다물었다.
5brf8nt1a83lchz7.modifier[7]/explanation	아무 말도 하지 않았다.
5brf8nt1a83lchz7.modifier[8]/explanation	영혼의 결속.
5brf8nt1a83lchz7.modifier[9]/explanation	말을 조금 했다.
bybms15tco77z8_5.modifier[0]/explanation	당신은 하드코어다.
bybms15tco77z8_5.modifier[1]/explanation	동물적 매력.
bybms15tco77z8_5.modifier[2]/explanation	그녀를 "한심하다"고 판단했다.
bybms15tco77z8_5.modifier[3]/explanation	추파를 즐긴다.
bybms15tco77z8_5.modifier[4]/explanation	그녀의 장화를 모욕했다.
f0kywkns9gkwkl4p.modifier[0]/explanation	마조히스트.
f0kywkns9gkwkl4p.modifier[10]/explanation	견딜 수 없었다.
f0kywkns9gkwkl4p.modifier[1]/explanation	추파.
f0kywkns9gkwkl4p.modifier[2]/explanation	사귀는 중이다. 어쩌면.
f0kywkns9gkwkl4p.modifier[3]/explanation	그녀에게 상처를 줬다.
f0kywkns9gkwkl4p.modifier[4]/explanation	위장 신분을 유지했다.
f0kywkns9gkwkl4p.modifier[5]/explanation	촌스럽다고 말했다.
f0kywkns9gkwkl4p.modifier[6]/explanation	그녀를 조롱했다.
f0kywkns9gkwkl4p.modifier[7]/explanation	그녀의 옷차림을 모욕했다.
f0kywkns9gkwkl4p.modifier[8]/explanation	참회 중.
f0kywkns9gkwkl4p.modifier[9]/explanation	하드코어.
l6cbog36svoxebb0.modifier[0]/explanation	그녀를 "한심하다"고 했다.
l6cbog36svoxebb0.modifier[10]/explanation	추파를 던졌다.
l6cbog36svoxebb0.modifier[11]/explanation	시인이다.
l6cbog36svoxebb0.modifier[12]/explanation	양말 수입업자 시험에 떨어졌다.
l6cbog36svoxebb0.modifier[13]/explanation	고통을 견딜 수 없었다.
l6cbog36svoxebb0.modifier[1]/explanation	마조히스트.
l6cbog36svoxebb0.modifier[2]/explanation	불안감을 이용했다.
l6cbog36svoxebb0.modifier[3]/explanation	군침을 흘린다.
l6cbog36svoxebb0.modifier[4]/explanation	그녀의 옷차림을 조롱했다.
l6cbog36svoxebb0.modifier[5]/explanation	멜리타를 속였다.
l6cbog36svoxebb0.modifier[6]/explanation	절박하다.
l6cbog36svoxebb0.modifier[7]/explanation	무례하다.
l6cbog36svoxebb0.modifier[8]/explanation	그녀가 반했다는 걸 안다.
l6cbog36svoxebb0.modifier[9]/explanation	그녀의 어린 시절을 물었다.
t4sq6im3a7v9gftq.modifier[0]/explanation	하드코어.
t4sq6im3a7v9gftq.modifier[1]/explanation	철학적.
t4sq6im3a7v9gftq.modifier[2]/explanation	참회 중.
t4sq6im3a7v9gftq.modifier[3]/explanation	음모를 꾸미는.
vnwj2whvkak515pp.modifier[0]/explanation	그녀를 한심하다고 말했다.
vnwj2whvkak515pp.modifier[10]/explanation	적과 추파를 던졌다.
vnwj2whvkak515pp.modifier[11]/explanation	성공한 시.
vnwj2whvkak515pp.modifier[1]/explanation	인간 소포.
vnwj2whvkak515pp.modifier[2]/explanation	수입업자 질문에 오답을 말했다.
vnwj2whvkak515pp.modifier[3]/explanation	그녀를 조롱했다.
vnwj2whvkak515pp.modifier[4]/explanation	철학적.
vnwj2whvkak515pp.modifier[5]/explanation	사당에서 기도했다.
vnwj2whvkak515pp.modifier[6]/explanation	그녀를 불안하게 만들었다.
vnwj2whvkak515pp.modifier[7]/explanation	그녀의 첫 기억을 안다.
vnwj2whvkak515pp.modifier[8]/explanation	전형적인 여자들의 신경전.
vnwj2whvkak515pp.modifier[9]/explanation	《그림자 어머니》를 훑어봤다.
8gy6kl6070yqhltt.modifier[0]/explanation	벗겨진 곳을 문질렀다.
8gy6kl6070yqhltt.modifier[10]/explanation	멜리타에게 질책당했다.
8gy6kl6070yqhltt.modifier[11]/explanation	옛 엑스트라를 끌어들였다.
8gy6kl6070yqhltt.modifier[12]/explanation	전부 가짜다.
8gy6kl6070yqhltt.modifier[13]/explanation	일찌감치 퇴장.
8gy6kl6070yqhltt.modifier[14]/explanation	주머니를 뒤졌다.
8gy6kl6070yqhltt.modifier[1]/explanation	맥박이 뛴다.
8gy6kl6070yqhltt.modifier[2]/explanation	당의 명을 받아.
8gy6kl6070yqhltt.modifier[3]/explanation	머리를 토닥였다.
8gy6kl6070yqhltt.modifier[4]/explanation	"모든 것이 용서될 것이다."
8gy6kl6070yqhltt.modifier[5]/explanation	바지를 뒤졌다.
8gy6kl6070yqhltt.modifier[6]/explanation	암호의 반쪽.
8gy6kl6070yqhltt.modifier[7]/explanation	자신의 이력을 읽었다.
8gy6kl6070yqhltt.modifier[8]/explanation	파일을 열 수 없었다.
8gy6kl6070yqhltt.modifier[9]/explanation	분명히 응답이 없다.
9hundeq93hgvivct.modifier[0]/explanation	그는 캔버스다.
9hundeq93hgvivct.modifier[1]/explanation	연결이 이뤄졌다.
9hundeq93hgvivct.modifier[2]/explanation	사타구니 추행범.
9hundeq93hgvivct.modifier[3]/explanation	키스 최악.
9hundeq93hgvivct.modifier[4]/explanation	LASS 치료.
9hundeq93hgvivct.modifier[5]/explanation	함께하자고 청했다.
9hundeq93hgvivct.modifier[6]/explanation	그를 바람맞혔다.
9hundeq93hgvivct.modifier[7]/explanation	그를 버렸다.
_3kreg7kfyz95mfg.modifier[0]/explanation	엄청난 희생.
_3kreg7kfyz95mfg.modifier[1]/explanation	도플갱은 슈도팟이 행복하다고 상상해야 한다.
_3kreg7kfyz95mfg.modifier[2]/explanation	단테가 작동 원리를 설명해 줬다.
_3kreg7kfyz95mfg.modifier[3]/explanation	그의 진짜 이름을 안다.
_3kreg7kfyz95mfg.modifier[4]/explanation	그는 당신의 캔버스다.
xsjsb_7m51nnj9g4.modifier[0]/explanation	대머리 자리가 마음을 달래 준다.
xsjsb_7m51nnj9g4.modifier[1]/explanation	더는 떠오르는 생각이 없다.
xsjsb_7m51nnj9g4.modifier[2]/explanation	자외선에 능욕당했다.
h5683vhpwl1t6c_9.modifier[0]/explanation	그를 걷어찼다.
h5683vhpwl1t6c_9.modifier[1]/explanation	술을 더 먹여 손을 진정시켰다.
h5683vhpwl1t6c_9.modifier[2]/explanation	예술적.
h5683vhpwl1t6c_9.modifier[3]/explanation	허벅지의 살집 있는 부분.
h5683vhpwl1t6c_9.modifier[4]/explanation	방금 발굽이었나?
hghjla2khwp6344y.modifier[0]/explanation	그를 걷어찼다.
hghjla2khwp6344y.modifier[1]/explanation	대사인 친구의 아내.
hghjla2khwp6344y.modifier[2]/explanation	그에게 술을 더 줬다.
hghjla2khwp6344y.modifier[3]/explanation	이미 절반을 손에 넣었다.
hghjla2khwp6344y.modifier[4]/explanation	프레데리크 에징.
hghjla2khwp6344y.modifier[5]/explanation	다시 술에 빠진 알코올 중독자.
hghjla2khwp6344y.modifier[6]/explanation	진정한 사랑의 챔피언.
hghjla2khwp6344y.modifier[7]/explanation	롤리타는 거인이다.
hghjla2khwp6344y.modifier[8]/explanation	롤리타는 켄타우로스일지도 모른다.
dzmt5zb3hc1ft7cd.modifier[0]/explanation	이미 낚시를 해 봤다.
dzmt5zb3hc1ft7cd.modifier[1]/explanation	근처에 감옥이 있다는 귀띔을 받았다.
dzmt5zb3hc1ft7cd.modifier[2]/explanation	손전등 장착.
dzmt5zb3hc1ft7cd.modifier[3]/explanation	근처에 수상한 건물.
dzmt5zb3hc1ft7cd.modifier[4]/explanation	감옥 외관을 조사했다.
dzmt5zb3hc1ft7cd.modifier[5]/explanation	종이 탐식가.
dzmt5zb3hc1ft7cd.modifier[6]/explanation	쓰레기 뒤지기가 몸에 뱄다.
dzmt5zb3hc1ft7cd.modifier[7]/explanation	인터폰을 눌렀다.
dzmt5zb3hc1ft7cd.modifier[8]/explanation	쓰레기 점술 방어구 +2.
dzmt5zb3hc1ft7cd.modifier[9]/explanation	쓰레기 점술사 방어구 일부.
cptwasc1alju__e0.modifier[0]/explanation	파이프를 살펴봤다.
cptwasc1alju__e0.modifier[1]/explanation	공작원 프로버블이 여기 있었다.
cptwasc1alju__e0.modifier[2]/explanation	분필 가루를 뒤집어썼다.
cptwasc1alju__e0.modifier[3]/explanation	물렸다.
cptwasc1alju__e0.modifier[4]/explanation	또 물렸다.
cptwasc1alju__e0.modifier[5]/explanation	너무 일찍 빼냈다.
cptwasc1alju__e0.modifier[6]/explanation	쥐들의 승인.
cptwasc1alju__e0.modifier[7]/explanation	최고 쌍년
cptwasc1alju__e0.modifier[8]/explanation	카르무나는 네스토르에게 갈 물건이라고 했다.
8fjpst5i2i8uh5uj.modifier[0]/explanation	무유도 미사일 공격.
8fjpst5i2i8uh5uj.modifier[1]/explanation	멜이 시켰다.
8fjpst5i2i8uh5uj.modifier[2]/explanation	멜이 당신더러 자기를 해치길 바란다고 전했다.
8fjpst5i2i8uh5uj.modifier[3]/explanation	멜이 아름답다고 말해 줬다.
8fjpst5i2i8uh5uj.modifier[4]/explanation	그는 패배자다.
8fjpst5i2i8uh5uj.modifier[5]/explanation	그를 들쑤시는 게 처음이 아니다.
8fjpst5i2i8uh5uj.modifier[6]/explanation	그러지 않겠다고 말했다.
8fjpst5i2i8uh5uj.modifier[7]/explanation	도플갱이 그를 받쳐 주겠다고 약속했다.
8fjpst5i2i8uh5uj.modifier[8]/explanation	뺨을 때렸다.
8fjpst5i2i8uh5uj.modifier[9]/explanation	또 하나의 미해결 문제.
t9dsmf4qugfrbg9_.modifier[0]/explanation	사과했다.
t9dsmf4qugfrbg9_.modifier[1]/explanation	멜이 어떻게 생겼는지 모른다.
t9dsmf4qugfrbg9_.modifier[2]/explanation	음모론에 대해 말해 줬다.
t9dsmf4qugfrbg9_.modifier[3]/explanation	멜리타가 원하는 일은 하지 않겠다고 말했다.
t9dsmf4qugfrbg9_.modifier[4]/explanation	유령 녹음기.
t9dsmf4qugfrbg9_.modifier[5]/explanation	경력 기회.
t9dsmf4qugfrbg9_.modifier[6]/explanation	란다우, 81.
t9dsmf4qugfrbg9_.modifier[7]/explanation	냉장 창고.
t9dsmf4qugfrbg9_.modifier[8]/explanation	길 잃은 자 하나 더.
v__w2thbfpmsqji9.modifier[0]/explanation	디스크 얘기를 상기시켰다.
v__w2thbfpmsqji9.modifier[10]/explanation	부두에서 다정했다.
v__w2thbfpmsqji9.modifier[11]/explanation	길 잃은 자 하나 더.
v__w2thbfpmsqji9.modifier[1]/explanation	사과했다.
v__w2thbfpmsqji9.modifier[2]/explanation	위협했다.
v__w2thbfpmsqji9.modifier[3]/explanation	그의 마음을 아프게 했다.
v__w2thbfpmsqji9.modifier[4]/explanation	자신이 패배자임을 안다.
v__w2thbfpmsqji9.modifier[5]/explanation	음모론에 대해 말해 줬다.
v__w2thbfpmsqji9.modifier[6]/explanation	그를 혐오스러운 존재라고 불렀다.
v__w2thbfpmsqji9.modifier[7]/explanation	멜리타가 원하는 일은 하지 않겠다고 말했다.
v__w2thbfpmsqji9.modifier[8]/explanation	무유도 미사일 공격.
v__w2thbfpmsqji9.modifier[9]/explanation	당신의 연장선.
ca55ev93ciabxupf.modifier[0]/explanation	동물적 자기력
ca55ev93ciabxupf.modifier[10]/explanation	표식을 읽는다.
ca55ev93ciabxupf.modifier[11]/explanation	그녀가 적극적으로 당신을 저주하고 있다.
ca55ev93ciabxupf.modifier[1]/explanation	셉티무스를 위협했다.
ca55ev93ciabxupf.modifier[2]/explanation	전혀 미안하지 않다.
ca55ev93ciabxupf.modifier[3]/explanation	당신은 하드코어다.
ca55ev93ciabxupf.modifier[4]/explanation	당신은 개수작 안 부린다.
ca55ev93ciabxupf.modifier[5]/explanation	기계 지식 제로.
ca55ev93ciabxupf.modifier[6]/explanation	문을 걷어차 열었다.
ca55ev93ciabxupf.modifier[7]/explanation	보일러를 걷어찼다.
ca55ev93ciabxupf.modifier[8]/explanation	네스토르를 쐈다.
ca55ev93ciabxupf.modifier[9]/explanation	마녀 헛짓거리
1lrzp1s5wvu0xmjb.modifier[0]/explanation	건물 구조 손상을 알아챘다.
1lrzp1s5wvu0xmjb.modifier[10]/explanation	노래에는 무관심.
1lrzp1s5wvu0xmjb.modifier[11]/explanation	가스 누출을 의심했다.
1lrzp1s5wvu0xmjb.modifier[12]/explanation	마법에 관심이 있다.
1lrzp1s5wvu0xmjb.modifier[13]/explanation	안쪽이 더 재미있다.
1lrzp1s5wvu0xmjb.modifier[14]/explanation	가스 누출설이 돌아왔다.
1lrzp1s5wvu0xmjb.modifier[15]/explanation	마우리토가 *하면 안 되는* 본보기를 보여 줬다.
1lrzp1s5wvu0xmjb.modifier[16]/explanation	포르토피로의 음악계는 죽지 않는다.
1lrzp1s5wvu0xmjb.modifier[17]/explanation	울트라 비올레타가 퇴장했다.
1lrzp1s5wvu0xmjb.modifier[1]/explanation	건물 구조 손상을 알아챘다.
1lrzp1s5wvu0xmjb.modifier[2]/explanation	건물 구조 손상을 알아챘다.
1lrzp1s5wvu0xmjb.modifier[3]/explanation	건물 구조 손상을 알아챘다.
1lrzp1s5wvu0xmjb.modifier[4]/explanation	건물 구조 손상을 알아챘다.
1lrzp1s5wvu0xmjb.modifier[5]/explanation	구조적 안정성에 대한 생각.
1lrzp1s5wvu0xmjb.modifier[6]/explanation	구조적 안정성에 대한 생각.
1lrzp1s5wvu0xmjb.modifier[7]/explanation	구조적 안정성에 대한 생각.
1lrzp1s5wvu0xmjb.modifier[8]/explanation	구조적 안정성에 대한 생각.
1lrzp1s5wvu0xmjb.modifier[9]/explanation	구조적 안정성에 대한 생각.
5qkgwkhwxsdmg_gz.modifier[0]/explanation	폭탄이다! 주머니 속에.
5qkgwkhwxsdmg_gz.modifier[1]/explanation	프로버블이 여기 있었다.
5qkgwkhwxsdmg_gz.modifier[2]/explanation	UV와 협업은 없다.
kga0k16gz8jznvtp.modifier[0]/explanation	폭탄 상태는 양호하다.
kga0k16gz8jznvtp.modifier[1]/explanation	운 따위는 믿지 않는다.
kga0k16gz8jznvtp.modifier[2]/explanation	운이 좋은 건 사람이지, 병이 아니다.
kga0k16gz8jznvtp.modifier[3]/explanation	믿고 싶다.
kga0k16gz8jznvtp.modifier[4]/explanation	할아버지가 던지라고 부추겼다.
kga0k16gz8jznvtp.modifier[5]/explanation	구조물 공포.
kga0k16gz8jznvtp.modifier[6]/explanation	바람이 세다.
kga0k16gz8jznvtp.modifier[7]/explanation	로타네프에게서 훔쳤다.
_avjl0b43cjidw7_.modifier[0]/explanation	사리사욕.
_avjl0b43cjidw7_.modifier[1]/explanation	어둠에 몸을 숨겼다.
_avjl0b43cjidw7_.modifier[2]/explanation	제 몫을 챙긴다.
_avjl0b43cjidw7_.modifier[3]/explanation	도마뱀붙이 같은 손.
_avjl0b43cjidw7_.modifier[4]/explanation	불안한 신경.
_avjl0b43cjidw7_.modifier[5]/explanation	0.5초의 지체.
8522utlvlccbv28k.modifier[0]/explanation	실패의 고통.
8522utlvlccbv28k.modifier[10]/explanation	거절당한 블루스.
8522utlvlccbv28k.modifier[11]/explanation	십 대 시절의 만화 집착.
8522utlvlccbv28k.modifier[12]/explanation	*그 무언가*를 찾아서.
8522utlvlccbv28k.modifier[1]/explanation	영적 자가 수술.
8522utlvlccbv28k.modifier[2]/explanation	편집자의 펜.
8522utlvlccbv28k.modifier[3]/explanation	시 연습 문제를 읽었다.
8522utlvlccbv28k.modifier[4]/explanation	너무 뚫어져라 봤다.
8522utlvlccbv28k.modifier[5]/explanation	노스코렌테스의 시를 읽었다.
8522utlvlccbv28k.modifier[6]/explanation	편집장을 비판했다.
8522utlvlccbv28k.modifier[7]/explanation	더 깊이 파야 한다.
8522utlvlccbv28k.modifier[8]/explanation	하마터면 위장이 들통날 뻔했다.
8522utlvlccbv28k.modifier[9]/explanation	가장 뼈아픈 실패를 마주했다.
8wv4nsb1492albys.modifier[0]/explanation	경험 많은 시인.
8wv4nsb1492albys.modifier[1]/explanation	가장 뼈아픈 실패를 마주했다.
8wv4nsb1492albys.modifier[2]/explanation	그의 가족사진을 봤다.
8wv4nsb1492albys.modifier[3]/explanation	채널을 돌렸다.
8wv4nsb1492albys.modifier[4]/explanation	뇌 손상이 있다고 생각한다.
8wv4nsb1492albys.modifier[5]/explanation	그의 늑대 컵을 가져갔다.
8wv4nsb1492albys.modifier[6]/explanation	그의 우편함을 부쉈다.
8wv4nsb1492albys.modifier[7]/explanation	틀림없는 증강인간.
bbgroakmu85jj4t4.modifier[0]/explanation	너무 뚫어져라 봤다.
bbgroakmu85jj4t4.modifier[1]/explanation	전문성이 담긴 펜.
bbgroakmu85jj4t4.modifier[2]/explanation	배우기 쉬운 형태의 시.
bbgroakmu85jj4t4.modifier[3]/explanation	시 몇 편을 읽었다.
bbgroakmu85jj4t4.modifier[4]/explanation	편집자의 조언.
bbgroakmu85jj4t4.modifier[5]/explanation	암호를 풀었다.
bbgroakmu85jj4t4.modifier[6]/explanation	그늘 군세.
bbgroakmu85jj4t4.modifier[7]/explanation	양말 수입업자 위장.
lt1i175w39ma6c3d.modifier[0]/explanation	자신을 알아보았다.
lt1i175w39ma6c3d.modifier[1]/explanation	이제 혼자다.
lt1i175w39ma6c3d.modifier[2]/explanation	소름 끼치는 느낌.
lt1i175w39ma6c3d.modifier[3]/explanation	실존적 위조.
lt1i175w39ma6c3d.modifier[4]/explanation	*아주* 적나라한 사실.
lt1i175w39ma6c3d.modifier[5]/explanation	냉동고로 돌아간다.
lt1i175w39ma6c3d.modifier[6]/explanation	말소된 공작원.
lt1i175w39ma6c3d.modifier[7]/explanation	이유가 있어 여기 있다.
lt1i175w39ma6c3d.modifier[8]/explanation	암호가 맥없이 뚫렸다.
snsi313s5di6nudg.modifier[0]/explanation	자신의 실패에 대해 읽었다.
snsi313s5di6nudg.modifier[1]/explanation	거대한 짝사랑.
snsi313s5di6nudg.modifier[2]/explanation	비극적인 이혼녀.
snsi313s5di6nudg.modifier[3]/explanation	그를 초특급 변태라고 불렀다.
snsi313s5di6nudg.modifier[4]/explanation	그의 기차 모형 바퀴를 가져갔다.
snsi313s5di6nudg.modifier[5]/explanation	사과하려 하지 않았다.
snsi313s5di6nudg.modifier[6]/explanation	이미 사과했다.
snsi313s5di6nudg.modifier[7]/explanation	'미안해' 하는 사람이다.
vgilm36va6opxssu.modifier[0]/explanation	시를 썼다.
vgilm36va6opxssu.modifier[10]/explanation	그녀의 우편함을 부쉈다.
vgilm36va6opxssu.modifier[11]/explanation	TV를 멋대로 만졌다.
vgilm36va6opxssu.modifier[12]/explanation	온화 늑대를 가져갔다.
vgilm36va6opxssu.modifier[1]/explanation	겉으로는 참회 중.
vgilm36va6opxssu.modifier[2]/explanation	복무 기록을 읽었다.
vgilm36va6opxssu.modifier[3]/explanation	그녀를 찔렀다.
vgilm36va6opxssu.modifier[4]/explanation	그녀에게 찔렸다.
vgilm36va6opxssu.modifier[5]/explanation	사과하겠다고 말했다.
vgilm36va6opxssu.modifier[6]/explanation	홀로세를 죽였다.
vgilm36va6opxssu.modifier[7]/explanation	베스파르가 죽었다.
vgilm36va6opxssu.modifier[8]/explanation	카롤리나가 고문당했음을 알았다.
vgilm36va6opxssu.modifier[9]/explanation	가족사진을 봤다.
w88uib98th41778n.modifier[0]/explanation	단서에 굶주렸다.
w88uib98th41778n.modifier[10]/explanation	'따분한 루저 쓰레기.'
w88uib98th41778n.modifier[11]/explanation	암호 풀이는 너무 계집애 같다.
w88uib98th41778n.modifier[1]/explanation	옛 친구가 얽혀 있다.
w88uib98th41778n.modifier[2]/explanation	전에 해 본 적 있다.
w88uib98th41778n.modifier[3]/explanation	해리 증상.
w88uib98th41778n.modifier[4]/explanation	'주머니 가득 채운 답'.
w88uib98th41778n.modifier[5]/explanation	여기 있는 이유.
w88uib98th41778n.modifier[6]/explanation	두 번째 단어는 '폭포'.
w88uib98th41778n.modifier[7]/explanation	'팀워크'.
w88uib98th41778n.modifier[8]/explanation	눈에 띄는 임무 없음.
w88uib98th41778n.modifier[9]/explanation	기지로 호출됨.
rr0oylalz6lhksk5.modifier[0]/explanation	슈냅스에 푹 절은 기억.
rr0oylalz6lhksk5.modifier[1]/explanation	다시 이어 붙이러 왔다.
rr0oylalz6lhksk5.modifier[2]/explanation	기억의 장난.
rr0oylalz6lhksk5.modifier[3]/explanation	폴라리스에게 기도했다.
rr0oylalz6lhksk5.modifier[4]/explanation	빌어먹게 외로움.
rr0oylalz6lhksk5.modifier[5]/explanation	폐점 시간.
rr0oylalz6lhksk5.modifier[6]/explanation	낯선 노인.
1ghuoz2a_pqn_e6b.modifier[0]/explanation	승자들의 아이디어를 들었다.
1ghuoz2a_pqn_e6b.modifier[10]/explanation	립스틱을 발랐다.
1ghuoz2a_pqn_e6b.modifier[11]/explanation	왕의 형상을 본떠 만든 총.
1ghuoz2a_pqn_e6b.modifier[12]/explanation	왕화됨.
1ghuoz2a_pqn_e6b.modifier[13]/explanation	왕의 형상을 본떠 만든 총.
1ghuoz2a_pqn_e6b.modifier[1]/explanation	승자들의 아이디어를 잔뜩 들었다.
1ghuoz2a_pqn_e6b.modifier[2]/explanation	보일러를 걷어찼다.
1ghuoz2a_pqn_e6b.modifier[3]/explanation	퇴거당하는 건 승자답지 않다.
1ghuoz2a_pqn_e6b.modifier[4]/explanation	레버를 당겼다.
1ghuoz2a_pqn_e6b.modifier[5]/explanation	레버를 당겼다.
1ghuoz2a_pqn_e6b.modifier[6]/explanation	레버를 당겼다.
1ghuoz2a_pqn_e6b.modifier[7]/explanation	파티 기계의 톱니바퀴.
1ghuoz2a_pqn_e6b.modifier[8]/explanation	보일러를 걷어찼다.
1ghuoz2a_pqn_e6b.modifier[9]/explanation	그가 괴로워하도록 도왔다.
xg2xn53otsyur5yd.modifier[0]/explanation	승자들의 아이디어를 들었다.
xg2xn53otsyur5yd.modifier[10]/explanation	립스틱을 발랐다.
xg2xn53otsyur5yd.modifier[11]/explanation	왕화 안 됨.
xg2xn53otsyur5yd.modifier[12]/explanation	왕화됨.
xg2xn53otsyur5yd.modifier[1]/explanation	승자들의 아이디어를 잔뜩 들었다.
xg2xn53otsyur5yd.modifier[2]/explanation	보일러를 걷어찼다.
xg2xn53otsyur5yd.modifier[3]/explanation	퇴거당하는 건 승자답지 않다.
xg2xn53otsyur5yd.modifier[4]/explanation	레버를 당겼다.
xg2xn53otsyur5yd.modifier[5]/explanation	레버를 당겼다.
xg2xn53otsyur5yd.modifier[6]/explanation	레버를 당겼다.
xg2xn53otsyur5yd.modifier[7]/explanation	파티 기계의 톱니바퀴.
xg2xn53otsyur5yd.modifier[8]/explanation	보일러를 걷어찼다.
xg2xn53otsyur5yd.modifier[9]/explanation	그가 괴로워하도록 도왔다.
bzg3fmtovc_qzg03.modifier[0]/explanation	그를 제대로 망가뜨렸다.
bzg3fmtovc_qzg03.modifier[10]/explanation	소용돌이에 귀를 기울였다.
bzg3fmtovc_qzg03.modifier[11]/explanation	그가 말했다.
bzg3fmtovc_qzg03.modifier[1]/explanation	멜리타는 그에게 과분하다.
bzg3fmtovc_qzg03.modifier[2]/explanation	그는 더 슬픈 공작원이다.
bzg3fmtovc_qzg03.modifier[3]/explanation	공허발을 받아들였다.
bzg3fmtovc_qzg03.modifier[4]/explanation	가정폭력을 인정했다.
bzg3fmtovc_qzg03.modifier[5]/explanation	바지의 연대.
bzg3fmtovc_qzg03.modifier[6]/explanation	부하의 정체를 파악했다.
bzg3fmtovc_qzg03.modifier[7]/explanation	그는 멜리타를 질투한다.
bzg3fmtovc_qzg03.modifier[8]/explanation	그가 쓰레기 같은 공작원이라고 했다.
bzg3fmtovc_qzg03.modifier[9]/explanation	그에게 못되게 굴었다.
0halj6cu8786axun.modifier[0]/explanation	슈퍼블록, 베이비!
0halj6cu8786axun.modifier[1]/explanation	끝까지 우려먹기.
0halj6cu8786axun.modifier[2]/explanation	오페라가 연루됐다.
0halj6cu8786axun.modifier[3]/explanation	네스토르의 유령을 쏘았다.
0halj6cu8786axun.modifier[4]/explanation	폭탄을 끌어안았다.
0halj6cu8786axun.modifier[5]/explanation	폭탄을 핥았다.
qa9zr0wts5wirh1c.modifier[0]/explanation	키보드를 만났다.
qa9zr0wts5wirh1c.modifier[10]/explanation	건물을 탐색했다.
qa9zr0wts5wirh1c.modifier[11]/explanation	건물을 탐색했다.
qa9zr0wts5wirh1c.modifier[12]/explanation	건물을 탐색했다.
qa9zr0wts5wirh1c.modifier[13]/explanation	건물을 탐색했다.
qa9zr0wts5wirh1c.modifier[14]/explanation	분위기에 몸을 맡김.
qa9zr0wts5wirh1c.modifier[15]/explanation	현수막을 짓밟았다.
qa9zr0wts5wirh1c.modifier[1]/explanation	엘팝 팬.
qa9zr0wts5wirh1c.modifier[2]/explanation	붉은 디스크를 들었다.
qa9zr0wts5wirh1c.modifier[3]/explanation	우주의 목소리를 들었다.
qa9zr0wts5wirh1c.modifier[4]/explanation	반복 재생족.
qa9zr0wts5wirh1c.modifier[5]/explanation	페트레를 만났다.
qa9zr0wts5wirh1c.modifier[6]/explanation	마법에 관심 있음.
qa9zr0wts5wirh1c.modifier[7]/explanation	"왜 그렇게 신경 쓰시죠?"
qa9zr0wts5wirh1c.modifier[8]/explanation	건축물에 대한 폭력.
qa9zr0wts5wirh1c.modifier[9]/explanation	자본가를 걷어찼다.
4htl3l1h9c9k526n.modifier[0]/explanation	익숙한 목소리.
4htl3l1h9c9k526n.modifier[1]/explanation	람세스는 갱(gäng) 소속.
4htl3l1h9c9k526n.modifier[2]/explanation	'91년부터 도청 중.
4htl3l1h9c9k526n.modifier[3]/explanation	귀뚜라미(도청기) 애호가.
4htl3l1h9c9k526n.modifier[4]/explanation	당황함.
4htl3l1h9c9k526n.modifier[5]/explanation	'엑스트라'에 대한 의심.
3siuebi4jg2e0u07.modifier[0]/explanation	감당이 안 된다.
3siuebi4jg2e0u07.modifier[1]/explanation	고그립 장갑.
3siuebi4jg2e0u07.modifier[2]/explanation	이게 필요하다.
3siuebi4jg2e0u07.modifier[3]/explanation	동물 자기.
3siuebi4jg2e0u07.modifier[4]/explanation	마스코트가 마스코트에게.
3siuebi4jg2e0u07.modifier[5]/explanation	누구네 고양이지?
3siuebi4jg2e0u07.modifier[6]/explanation	완벽한 종이봉투 위장.
3siuebi4jg2e0u07.modifier[7]/explanation	에스티에게 야옹거렸다.
7b00obq32fl17l9e.modifier[0]/explanation	템포는 죽었다.
7b00obq32fl17l9e.modifier[1]/explanation	슈도팟은 죽었다.
7b00obq32fl17l9e.modifier[2]/explanation	제물을 바쳤다.
7b00obq32fl17l9e.modifier[3]/explanation	무르기 없음.
7b00obq32fl17l9e.modifier[4]/explanation	예복.
b052f_s05k_tea7w.modifier[0]/explanation	정신적 연결.
b052f_s05k_tea7w.modifier[1]/explanation	안경원숭이의 형상을 보았다.
b052f_s05k_tea7w.modifier[2]/explanation	눈을 마주쳤다.
b052f_s05k_tea7w.modifier[3]/explanation	공유 정신병(folie à deux).
b052f_s05k_tea7w.modifier[4]/explanation	자리를 지키는 중.
ffrmnmu4wwyjfz6_.modifier[0]/explanation	비상구가 닫혀 있다.
ffrmnmu4wwyjfz6_.modifier[1]/explanation	위로받은 기계들.
ffrmnmu4wwyjfz6_.modifier[2]/explanation	폴라리스에게 기도했다.
ffrmnmu4wwyjfz6_.modifier[3]/explanation	음악 없는 도시들, 제2권.
ffrmnmu4wwyjfz6_.modifier[4]/explanation	죄 없는 문을 걷어찼다.
ffrmnmu4wwyjfz6_.modifier[5]/explanation	어디에나 엔트로피.
ffrmnmu4wwyjfz6_.modifier[6]/explanation	주의를 흐트러뜨리는 비상구.
ffrmnmu4wwyjfz6_.modifier[7]/explanation	카르무나의 회의론.
nx5io70a7h3je83a.modifier[0]/explanation	야나가 동의했다.
nx5io70a7h3je83a.modifier[1]/explanation	감옥이 어디 있는지 안다.
nx5io70a7h3je83a.modifier[2]/explanation	지난번에는 통하지 않았다.
nx5io70a7h3je83a.modifier[3]/explanation	시가 거절당했다.
nx5io70a7h3je83a.modifier[4]/explanation	보안문이 끄떡없다.
8w7l8nw_zippy4go.modifier[0]/explanation	그녀를 유심히 살폈다.
8w7l8nw_zippy4go.modifier[1]/explanation	그녀의 역할을 모욕했다.
8w7l8nw_zippy4go.modifier[2]/explanation	그 남자에게 꺼지라고 했다.
8w7l8nw_zippy4go.modifier[3]/explanation	도플갱어에게 충성한다.
8w7l8nw_zippy4go.modifier[4]/explanation	도플갱어에게 푹 빠져 있다.
8w7l8nw_zippy4go.modifier[5]/explanation	계급의 적.
8w7l8nw_zippy4go.modifier[6]/explanation	아이러니한 공산주의자.
8w7l8nw_zippy4go.modifier[7]/explanation	스릴 때문에 여기 있다.
c_xtjurfptl64_ib.modifier[0]/explanation	흡입한 듯하다.
c_xtjurfptl64_ib.modifier[1]/explanation	화학에 능하다.
c_xtjurfptl64_ib.modifier[2]/explanation	들떠 있다.
c_xtjurfptl64_ib.modifier[3]/explanation	창문에는 태연하다.
c_xtjurfptl64_ib.modifier[4]/explanation	'걸레'를 쓰라고 했다.
fgbpkm4qu2j8yu6o.modifier[0]/explanation	임무를 위해서다.
fgbpkm4qu2j8yu6o.modifier[10]/explanation	자유 시장을 존중한다.
fgbpkm4qu2j8yu6o.modifier[11]/explanation	대체로 좋은 관계를 유지했다.
fgbpkm4qu2j8yu6o.modifier[1]/explanation	무기 사는 데 더 필요하다.
fgbpkm4qu2j8yu6o.modifier[2]/explanation	그녀의 하루가 어땠는지 물었다.
fgbpkm4qu2j8yu6o.modifier[3]/explanation	"술이랑 약 사는 데 쓸 거야."
fgbpkm4qu2j8yu6o.modifier[4]/explanation	전화를 끊었다.
fgbpkm4qu2j8yu6o.modifier[5]/explanation	이미 부유하다.
fgbpkm4qu2j8yu6o.modifier[6]/explanation	최종 소비자.
fgbpkm4qu2j8yu6o.modifier[7]/explanation	그녀가 쾌락에 신음하는 소리를 들었다.
fgbpkm4qu2j8yu6o.modifier[8]/explanation	그녀를 몇 번 짜증 나게 했다.
fgbpkm4qu2j8yu6o.modifier[9]/explanation	탈물질주의적 물질주의자.
u1ogq7v1xhedszr6.modifier[0]/explanation	비밀 코드.
u1ogq7v1xhedszr6.modifier[1]/explanation	"멜"이라 부르며 친한 척했다.
u1ogq7v1xhedszr6.modifier[2]/explanation	암호를 해독함.
u1ogq7v1xhedszr6.modifier[3]/explanation	사이비 슈도팟.
u1ogq7v1xhedszr6.modifier[4]/explanation	복무 기록을 읽음.
u1ogq7v1xhedszr6.modifier[5]/explanation	함정을 의심함.
2r_z5pdjljypv92v.modifier[0]/explanation	그의 감정을 상하게 하고 싶지 않다.
2r_z5pdjljypv92v.modifier[1]/explanation	음악이 당긴다고 말했다.
2r_z5pdjljypv92v.modifier[2]/explanation	사운드트랙을 "쓰레기"라고 불렀다.
2r_z5pdjljypv92v.modifier[3]/explanation	람세스의 악랄한 조롱.
2r_z5pdjljypv92v.modifier[4]/explanation	U.V. 굿즈 착용.
2r_z5pdjljypv92v.modifier[5]/explanation	배달 전에 람세스에게 연락했다.
2r_z5pdjljypv92v.modifier[6]/explanation	약을 혼자 가로채려 했다.
2r_z5pdjljypv92v.modifier[7]/explanation	약을 혼자 가로채려 했다.
8f50cd_dtzx1ayz3.modifier[0]/explanation	뼛속까지 스파이.
8f50cd_dtzx1ayz3.modifier[1]/explanation	프로버블 설정 덕후.
8f50cd_dtzx1ayz3.modifier[2]/explanation	음악 없음.
8f50cd_dtzx1ayz3.modifier[3]/explanation	정신 나간 음악.
8f50cd_dtzx1ayz3.modifier[4]/explanation	운전대 앞에서 *그것*이 감지됐다.
8f50cd_dtzx1ayz3.modifier[5]/explanation	멜리타에게 프로버블에 대해 물어봄.
8f50cd_dtzx1ayz3.modifier[6]/explanation	66년 폭탄 계획을 알게 됨.
9ptcuj8gfbozaerv.modifier[0]/explanation	철학적으로 취함.
9ptcuj8gfbozaerv.modifier[1]/explanation	집중이 안 된다.
9ptcuj8gfbozaerv.modifier[2]/explanation	*우주적 기이함*을 접해 본 적이 있다.
9ptcuj8gfbozaerv.modifier[3]/explanation	이상한 인력을 느꼈다.
9ptcuj8gfbozaerv.modifier[4]/explanation	만성 현실 회의론자.
9ptcuj8gfbozaerv.modifier[5]/explanation	*생각*하기엔 너무 터프하다.
auqzgvhrdfhp_seh.modifier[0]/explanation	자동 조종 기능 손상.
auqzgvhrdfhp_seh.modifier[1]/explanation	꼬마 관리관에게 인계.
auqzgvhrdfhp_seh.modifier[2]/explanation	몸이 극도로 경계 중.
auqzgvhrdfhp_seh.modifier[3]/explanation	자신감 전무.
auqzgvhrdfhp_seh.modifier[4]/explanation	팩스기와 대화하는 자.
auqzgvhrdfhp_seh.modifier[5]/explanation	운전 중 졸음.
auqzgvhrdfhp_seh.modifier[6]/explanation	여자는 운전을 못한다는 내면화된 통념.
c7jlxx24i4v5p2dz.modifier[0]/explanation	마지막 대마초를 피움.
c7jlxx24i4v5p2dz.modifier[1]/explanation	음악이 *일부러* 사고를 내려는 듯하다.
c7jlxx24i4v5p2dz.modifier[2]/explanation	이 어중간한 상태보단 죽는 게 낫다.
c7jlxx24i4v5p2dz.modifier[3]/explanation	비유도 미사일.
c7jlxx24i4v5p2dz.modifier[4]/explanation	유도는 선택 사항.
c7jlxx24i4v5p2dz.modifier[5]/explanation	심장마비가 걱정된다.
c7jlxx24i4v5p2dz.modifier[6]/explanation	죽음으로 뛰어들기를 거부했다.
epux_rbkp5py0o_f.modifier[0]/explanation	영영 여기서 못 나갈 거라 확신함.
epux_rbkp5py0o_f.modifier[1]/explanation	철학적 기질.
epux_rbkp5py0o_f.modifier[2]/explanation	인위적인 세속의 속박.
epux_rbkp5py0o_f.modifier[3]/explanation	한 발은 이미 현실 밖.
epux_rbkp5py0o_f.modifier[4]/explanation	그저 원하기를 그만두면 된다.
epux_rbkp5py0o_f.modifier[5]/explanation	전반적인 수용의 태도.
epux_rbkp5py0o_f.modifier[6]/explanation	인류학 지식.
m6arn7ietnzwe0g0.modifier[0]/explanation	취한 정도가 아니라 거의 긴장증.
m6arn7ietnzwe0g0.modifier[1]/explanation	한참 전부터 길을 잃었다.
m6arn7ietnzwe0g0.modifier[2]/explanation	완벽한 강도 행각의 여세를 몰아.
m6arn7ietnzwe0g0.modifier[3]/explanation	기계 조작에 부적합.
m6arn7ietnzwe0g0.modifier[4]/explanation	신경을 다잡을 작은 한 방.
m6arn7ietnzwe0g0.modifier[5]/explanation	포르토피로 지리를 안다.
m6arn7ietnzwe0g0.modifier[6]/explanation	그리 현실적인 편은 아니다.
z4_2xq1m0xq28sv6.modifier[0]/explanation	음악을 들을 준비 완료.
z4_2xq1m0xq28sv6.modifier[1]/explanation	역병 메탈 애호가.
z4_2xq1m0xq28sv6.modifier[2]/explanation	추함의 미학.
z4_2xq1m0xq28sv6.modifier[3]/explanation	"그렇게 심해?"
z4_2xq1m0xq28sv6.modifier[4]/explanation	아무것도 모른다.
z4_2xq1m0xq28sv6.modifier[5]/explanation	아드레날린 주사.
z4_2xq1m0xq28sv6.modifier[6]/explanation	람세스의 후진 음악 이론.
z4_2xq1m0xq28sv6.modifier[7]/explanation	안 그래도 불안하다.
0meinwuownlezttr.modifier[0]/explanation	참가자를 알고 있다.
0meinwuownlezttr.modifier[1]/explanation	협상 대표가 영 미덥지 않다.
0meinwuownlezttr.modifier[2]/explanation	토니오가 길을 알려 줬다.
0meinwuownlezttr.modifier[3]/explanation	외교관 면책 특권.
0meinwuownlezttr.modifier[4]/explanation	책 때문에 왔다.
16mjrze97hcnjcp2.modifier[0]/explanation	락픽 준비 완료.
16mjrze97hcnjcp2.modifier[1]/explanation	허술한 자물쇠.
16mjrze97hcnjcp2.modifier[2]/explanation	툭툭 추돌 사고.
16mjrze97hcnjcp2.modifier[3]/explanation	쇠지레 준비 완료.
16mjrze97hcnjcp2.modifier[4]/explanation	자물쇠 따기의 마법사.
16mjrze97hcnjcp2.modifier[5]/explanation	또 빌어먹을 자물쇠야?
0wughp3livb8yfcp.modifier[0]/explanation	거짓말을 했다.
0wughp3livb8yfcp.modifier[1]/explanation	또 거짓말을 했다.
0wughp3livb8yfcp.modifier[2]/explanation	웅얼웅얼.
0wughp3livb8yfcp.modifier[3]/explanation	먹먹한 목소리.
0wughp3livb8yfcp.modifier[4]/explanation	파스칼은 듣지 않는다.
7f3m7hoeb8_y2xni.modifier[0]/explanation	거짓말을 했다.
7f3m7hoeb8_y2xni.modifier[1]/explanation	또 거짓말을 했다.
7f3m7hoeb8_y2xni.modifier[2]/explanation	수상한 갈매기.
7f3m7hoeb8_y2xni.modifier[3]/explanation	우편 범죄를 자백했다.
7f3m7hoeb8_y2xni.modifier[4]/explanation	멋진 부츠.
7f3m7hoeb8_y2xni.modifier[5]/explanation	그녀의 톱니바퀴를 봤다.
a7v11g9qcwrs3qjn.modifier[0]/explanation	기기의 적.
a7v11g9qcwrs3qjn.modifier[1]/explanation	명령을 사용했다.
a7v11g9qcwrs3qjn.modifier[2]/explanation	그녀의 공격을 피했다.
a7v11g9qcwrs3qjn.modifier[3]/explanation	맨발.
b0hyld78xnh4mdyf.modifier[0]/explanation	강철 머리를 두려워하라.
b0hyld78xnh4mdyf.modifier[1]/explanation	쿠키는 끝내 못 받았다.
b0hyld78xnh4mdyf.modifier[2]/explanation	그녀는 우체부와 결혼했다.
b0hyld78xnh4mdyf.modifier[3]/explanation	정말 미안하다.
b0hyld78xnh4mdyf.modifier[4]/explanation	샌들.
ortthlbpzt7l9_yb.modifier[0]/explanation	티오펜탈 나트륨.
ortthlbpzt7l9_yb.modifier[1]/explanation	이 안에 뭐가 들었지?
ortthlbpzt7l9_yb.modifier[2]/explanation	우울한 아파트.
ortthlbpzt7l9_yb.modifier[3]/explanation	강철 머리를 두려워하라.
ortthlbpzt7l9_yb.modifier[4]/explanation	하드코어.
ortthlbpzt7l9_yb.modifier[5]/explanation	명령을 사용했다.
ortthlbpzt7l9_yb.modifier[6]/explanation	그녀의 공격을 피했다.
ortthlbpzt7l9_yb.modifier[7]/explanation	목 보호대.
205675fil5b28e3o.modifier[0]/explanation	투쟁-도피 반응 발동.
205675fil5b28e3o.modifier[10]/explanation	습격자를 알아봤다.
205675fil5b28e3o.modifier[1]/explanation	구리 악마.
205675fil5b28e3o.modifier[2]/explanation	더는 가짜 시간에 갇혀 있지 않다.
205675fil5b28e3o.modifier[3]/explanation	피해망상.
205675fil5b28e3o.modifier[4]/explanation	자신에게 무슨 일이 일어나는지 이해한다.
205675fil5b28e3o.modifier[5]/explanation	돌고래 혼종에 대한 침투적 공포.
205675fil5b28e3o.modifier[6]/explanation	숨을 되찾았다.
205675fil5b28e3o.modifier[7]/explanation	몸이 있다면 죽일 수도 있다.
205675fil5b28e3o.modifier[8]/explanation	무유도 미사일 공격.
205675fil5b28e3o.modifier[9]/explanation	동물 자기.
8g4czjklaxxfpsd3.modifier[0]/explanation	초조, 혼란.
8g4czjklaxxfpsd3.modifier[1]/explanation	홀로세 때문에 생긴 피해망상.
8g4czjklaxxfpsd3.modifier[2]/explanation	피해망상의 이력.
8g4czjklaxxfpsd3.modifier[3]/explanation	함정을 예상한다.
8g4czjklaxxfpsd3.modifier[4]/explanation	시간에 관한 비밀.
8g4czjklaxxfpsd3.modifier[5]/explanation	혼자가 아니라는 걸 알아챘다.
cv6cdtw_6njfk2s4.modifier[0]/explanation	수많은 늑대의 이름을 안다.
cv6cdtw_6njfk2s4.modifier[1]/explanation	〈66마리 늑대〉의 배경 설정을 속속들이 안다.
cv6cdtw_6njfk2s4.modifier[2]/explanation	〈66마리 늑대〉를 어쩌다 접해 본 정도.
cv6cdtw_6njfk2s4.modifier[3]/explanation	컵 수집가.
cv6cdtw_6njfk2s4.modifier[4]/explanation	컵에 미친 광팬.
cv6cdtw_6njfk2s4.modifier[5]/explanation	더치스와 칼 이야기로 수위 높은 대화를 나눴다.
cv6cdtw_6njfk2s4.modifier[6]/explanation	머릿속에 총 생각뿐.
cv6cdtw_6njfk2s4.modifier[7]/explanation	한때 이걸로 새를 협박한 적이 있다.
du_x45vvs5qg5bie.modifier[0]/explanation	머릿속이 음모로 가득하다.
du_x45vvs5qg5bie.modifier[1]/explanation	착란 상태.
du_x45vvs5qg5bie.modifier[2]/explanation	음울한 패션.
du_x45vvs5qg5bie.modifier[3]/explanation	현실감각이 쓸 만하다.
du_x45vvs5qg5bie.modifier[4]/explanation	현실감각이 탄탄하다.
du_x45vvs5qg5bie.modifier[5]/explanation	심문을 버텨 냈다.
du_x45vvs5qg5bie.modifier[6]/explanation	옴브레 옴브레 포스터를 붙였다.
du_x45vvs5qg5bie.modifier[7]/explanation	밖에서 보낸 하룻밤.
du_x45vvs5qg5bie.modifier[8]/explanation	바깥이 어두워지고 있다.
ka03ruv2bnqzqpz9.modifier[0]/explanation	진짜 시간을 알아차렸다.
ka03ruv2bnqzqpz9.modifier[1]/explanation	폭력을 위해 산다.
ka03ruv2bnqzqpz9.modifier[2]/explanation	납치당한 과거.
ka03ruv2bnqzqpz9.modifier[3]/explanation	시간을 통제할 수 있다고 믿는다.
ka03ruv2bnqzqpz9.modifier[4]/explanation	무유도 미사일 공격.
ka03ruv2bnqzqpz9.modifier[5]/explanation	동물 자기.
ka03ruv2bnqzqpz9.modifier[6]/explanation	혼자가 아니라는 걸 알아챘다.
2ddx8xqh_l65boqh.modifier[0]/explanation	형편없는 베이비시터.
2ddx8xqh_l65boqh.modifier[1]/explanation	점토를 먹는다.
2ddx8xqh_l65boqh.modifier[2]/explanation	카롤리나의 저주.
2ddx8xqh_l65boqh.modifier[3]/explanation	프리스비 부상.
2ddx8xqh_l65boqh.modifier[4]/explanation	전에 본 적 있다.
2ddx8xqh_l65boqh.modifier[5]/explanation	전부 정체를 밝혀냈다.
2ddx8xqh_l65boqh.modifier[6]/explanation	맞춰 입은 옷.
2ddx8xqh_l65boqh.modifier[7]/explanation	맞춰 입은 옷.
2zv1kulp8gceanml.modifier[0]/explanation	엑스트라 ANTLERS.
2zv1kulp8gceanml.modifier[10]/explanation	으으으윽.
2zv1kulp8gceanml.modifier[1]/explanation	엑스트라 MYRMEX.
2zv1kulp8gceanml.modifier[2]/explanation	엑스트라 BOTTLEGREEN.
2zv1kulp8gceanml.modifier[3]/explanation	엑스트라 CARAPACE.
2zv1kulp8gceanml.modifier[4]/explanation	정신적으로 당신 것이다.
2zv1kulp8gceanml.modifier[5]/explanation	행운의 병.
2zv1kulp8gceanml.modifier[6]/explanation	무유도 미사일 공격.
2zv1kulp8gceanml.modifier[7]/explanation	동물 자기.
2zv1kulp8gceanml.modifier[8]/explanation	하드코어.
2zv1kulp8gceanml.modifier[9]/explanation	꿈의 샤먼.
4evll27fe5lq5yfs.modifier[0]/explanation	깡패가 열받았다.
4evll27fe5lq5yfs.modifier[1]/explanation	어르신 인증 유산소 운동.
4evll27fe5lq5yfs.modifier[2]/explanation	운동복.
4evll27fe5lq5yfs.modifier[3]/explanation	폭격 맞은 지형.
4evll27fe5lq5yfs.modifier[4]/explanation	동기화됨.
4evll27fe5lq5yfs.modifier[5]/explanation	전차를 위한 음악.
4gibtgakjg2zkjlc.modifier[0]/explanation	엑스트라 ANTLERS.
4gibtgakjg2zkjlc.modifier[10]/explanation	과도한 포옹.
4gibtgakjg2zkjlc.modifier[11]/explanation	그에게 공을 건넸다.
4gibtgakjg2zkjlc.modifier[12]/explanation	제복 차림.
4gibtgakjg2zkjlc.modifier[1]/explanation	엑스트라 BOTTLEGREEN.
4gibtgakjg2zkjlc.modifier[2]/explanation	엑스트라 CARAPACE.
4gibtgakjg2zkjlc.modifier[3]/explanation	엑스트라 MYRMEX.
4gibtgakjg2zkjlc.modifier[4]/explanation	그의 남성성에 굴복한다.
4gibtgakjg2zkjlc.modifier[5]/explanation	행운의 대머리 자리.
4gibtgakjg2zkjlc.modifier[6]/explanation	행운의 병.
4gibtgakjg2zkjlc.modifier[7]/explanation	그를 떨어뜨렸다.
4gibtgakjg2zkjlc.modifier[8]/explanation	뇌 없음.
4gibtgakjg2zkjlc.modifier[9]/explanation	기억 하나를 제물로 바쳤다.
6w1_295e6iena5ov.modifier[0]/explanation	카르무나에게서 훔쳤다.
6w1_295e6iena5ov.modifier[1]/explanation	거래의 왕에게서 훔쳤다.
6w1_295e6iena5ov.modifier[2]/explanation	로타네프에게서 훔쳤다.
6w1_295e6iena5ov.modifier[3]/explanation	곤자에게서 훔쳤다.
6w1_295e6iena5ov.modifier[4]/explanation	책 가판대에서 훔쳤다.
6w1_295e6iena5ov.modifier[5]/explanation	자판기에서 훔쳤다.
6w1_295e6iena5ov.modifier[6]/explanation	*모든* 자판기에서 훔쳤다.
6w1_295e6iena5ov.modifier[7]/explanation	도둑질에 딱 맞는 장갑.
99ka938j1ky4fbc4.modifier[0]/explanation	펠릭스 카이도의 발라드.
99ka938j1ky4fbc4.modifier[1]/explanation	죽으면 더 슬프다.
99ka938j1ky4fbc4.modifier[2]/explanation	그의 총알을 피했다.
99ka938j1ky4fbc4.modifier[3]/explanation	관심을 가졌다.
99ka938j1ky4fbc4.modifier[4]/explanation	그의 헤드폰을 썼다.
99ka938j1ky4fbc4.modifier[5]/explanation	앨러스테어.
99ka938j1ky4fbc4.modifier[6]/explanation	달을 가려라.
aayj3niw72_bl7ls.modifier[0]/explanation	이 노래를 좋아한다.
aayj3niw72_bl7ls.modifier[1]/explanation	균형 유지 중.
aayj3niw72_bl7ls.modifier[2]/explanation	균형이 엉망.
aayj3niw72_bl7ls.modifier[3]/explanation	총기를 손질했다.
aayj3niw72_bl7ls.modifier[4]/explanation	함께 바다를 바라봤다.
aayj3niw72_bl7ls.modifier[5]/explanation	사당에서 그의 주의를 돌렸다.
aayj3niw72_bl7ls.modifier[6]/explanation	아동 사냥꾼.
aayj3niw72_bl7ls.modifier[7]/explanation	포장 코코아.
aayj3niw72_bl7ls.modifier[8]/explanation	코코아 전문 지식.
aayj3niw72_bl7ls.modifier[9]/explanation	로보토미 전쟁.
cdvn_nvf4jolq0zt.modifier[0]/explanation	카롤리나의 장비에 침입했다.
cdvn_nvf4jolq0zt.modifier[1]/explanation	귀를 막았다.
cdvn_nvf4jolq0zt.modifier[2]/explanation	우주의 노래를 들었다.
cdvn_nvf4jolq0zt.modifier[3]/explanation	연기 자욱한 원 안.
cdvn_nvf4jolq0zt.modifier[4]/explanation	사람을 해킹했다.
cdvn_nvf4jolq0zt.modifier[5]/explanation	참사에 어울리는 차림.
cdvn_nvf4jolq0zt.modifier[6]/explanation	온화 늑대.
djagsyvhb41ktrzc.modifier[0]/explanation	부하가 이 노래를 좋아한다.
djagsyvhb41ktrzc.modifier[1]/explanation	노래를 고르지 못해 망설이는 중.
djagsyvhb41ktrzc.modifier[2]/explanation	괜찮은 도시 비트.
djagsyvhb41ktrzc.modifier[3]/explanation	안티-LASS 치료를 받았다.
djagsyvhb41ktrzc.modifier[4]/explanation	폭탄을 끌어안는 사람.
djagsyvhb41ktrzc.modifier[5]/explanation	무유도 미사일 공격.
djagsyvhb41ktrzc.modifier[6]/explanation	총알 맞을 준비.
fis09e1kqw030zgc.modifier[0]/explanation	부하가 격분했다.
fis09e1kqw030zgc.modifier[1]/explanation	어르신 인증 유산소 운동.
fis09e1kqw030zgc.modifier[2]/explanation	운동복.
fis09e1kqw030zgc.modifier[3]/explanation	폭격맞은 지형.
fis09e1kqw030zgc.modifier[4]/explanation	동기화됨.
fis09e1kqw030zgc.modifier[5]/explanation	전차 음악.
h0e4tk6xfbeegwsw.modifier[0]/explanation	암호명 말실수.
h0e4tk6xfbeegwsw.modifier[1]/explanation	마르코의 이빨을 가지고 있다.
h0e4tk6xfbeegwsw.modifier[2]/explanation	폴라리스에게 마르코의 이빨을 바쳤다.
h0e4tk6xfbeegwsw.modifier[3]/explanation	그녀와 함께 담배를 피웠다.
h0e4tk6xfbeegwsw.modifier[4]/explanation	템포를 알아봤다.
h0e4tk6xfbeegwsw.modifier[5]/explanation	울트라 비올레타의 노래를 깔았다.
h0e4tk6xfbeegwsw.modifier[6]/explanation	혁명이든 뭐든.
h0e4tk6xfbeegwsw.modifier[7]/explanation	추억에 맞춰서는 춤출 수 없다.
h0e4tk6xfbeegwsw.modifier[8]/explanation	달을 가려라.
jsn861zk702s_5cd.modifier[0]/explanation	분대를 위한 기도.
jsn861zk702s_5cd.modifier[1]/explanation	유령이 함께한다.
jsn861zk702s_5cd.modifier[2]/explanation	폴라리스에게 기도했다.
jsn861zk702s_5cd.modifier[3]/explanation	분대 사진을 간직했다.
jsn861zk702s_5cd.modifier[4]/explanation	전원을 찾았다.
jsn861zk702s_5cd.modifier[5]/explanation	슈도팟을 두고 왔다.
nttzozso5dixbks3.modifier[0]/explanation	균형 유지 중.
nttzozso5dixbks3.modifier[1]/explanation	균형이 엉망.
nttzozso5dixbks3.modifier[2]/explanation	사당에서 그의 주의를 돌렸다.
nttzozso5dixbks3.modifier[3]/explanation	사당에서 그의 주의를 돌렸다.
nttzozso5dixbks3.modifier[4]/explanation	포장 코코아.
nttzozso5dixbks3.modifier[5]/explanation	계집애처럼 움직인다.
nttzozso5dixbks3.modifier[6]/explanation	그를 위로했다.
nttzozso5dixbks3.modifier[7]/explanation	로타네프의 불만.
pl5iluohtkjjt9uj.modifier[0]/explanation	네스토르의 유령에게 총을 쐈다.
pl5iluohtkjjt9uj.modifier[1]/explanation	총에 맞았다.
pl5iluohtkjjt9uj.modifier[2]/explanation	괜찮은 도시 비트.
pl5iluohtkjjt9uj.modifier[3]/explanation	노래를 고르지 못해 망설이는 중.
pl5iluohtkjjt9uj.modifier[4]/explanation	그늘 속의 한순간.
pl5iluohtkjjt9uj.modifier[5]/explanation	카노푸스의 적.
pl5iluohtkjjt9uj.modifier[6]/explanation	분대를 위한 기도.
pl5iluohtkjjt9uj.modifier[7]/explanation	멜리타의 자장가.
pl5iluohtkjjt9uj.modifier[8]/explanation	뒷배가 든든하다.
y8nkx2cmrg96pnh7.modifier[0]/explanation	폭탄을 끌어안는 사람.
y8nkx2cmrg96pnh7.modifier[1]/explanation	폭탄이 앵과 되를 봤다.
y8nkx2cmrg96pnh7.modifier[2]/explanation	행운 따위 믿지 않는다.
y8nkx2cmrg96pnh7.modifier[3]/explanation	암호를 손으로 풀었다.
y8nkx2cmrg96pnh7.modifier[4]/explanation	전자 기기에 능하다.
y8nkx2cmrg96pnh7.modifier[5]/explanation	얼굴을 가리는 헬멧.
y8nkx2cmrg96pnh7.modifier[6]/explanation	방아쇠를 스스로 알아냈다.
615wezrh2av9di3j.modifier[0]/explanation	다른 번호로 시도했다.
615wezrh2av9di3j.modifier[10]/explanation	물질 협상 베테랑.
615wezrh2av9di3j.modifier[1]/explanation	절차를 안다.
615wezrh2av9di3j.modifier[2]/explanation	절차도 모르고 전화를 걸었다.
615wezrh2av9di3j.modifier[3]/explanation	정적에 사로잡혔다.
615wezrh2av9di3j.modifier[4]/explanation	번호를 훔쳤다.
615wezrh2av9di3j.modifier[5]/explanation	번호를 외웠다.
615wezrh2av9di3j.modifier[6]/explanation	가짜 외교관.
615wezrh2av9di3j.modifier[7]/explanation	이건 *남자*의 일이다.
615wezrh2av9di3j.modifier[8]/explanation	염소눈에게 가는 보급선이 열렸다.
615wezrh2av9di3j.modifier[9]/explanation	곤자에게 가는 보급선이 열렸다.
evsfj5jlwelv391x.modifier[0]/explanation	기계와 대화하는 사람.
evsfj5jlwelv391x.modifier[1]/explanation	흰개미 신세를 받아들였다.
evsfj5jlwelv391x.modifier[2]/explanation	장갑을 꼈다.
evsfj5jlwelv391x.modifier[3]/explanation	얼굴을 가려라.
evsfj5jlwelv391x.modifier[4]/explanation	팩스 기술자.
evsfj5jlwelv391x.modifier[5]/explanation	콘스탄츠가 팩스기를 고쳤다.
evsfj5jlwelv391x.modifier[6]/explanation	흐려진 거울의 TV를 퇴마했다.
evsfj5jlwelv391x.modifier[7]/explanation	손재주가 좋다.
xwtk2lbas4njjx0q.modifier[0]/explanation	원격 투시 증언을 읽었다.
xwtk2lbas4njjx0q.modifier[1]/explanation	상간 위상 전이 보고서를 살펴봤다.
xwtk2lbas4njjx0q.modifier[2]/explanation	처량한 배급 식량을 발견했다.
xwtk2lbas4njjx0q.modifier[3]/explanation	곰팡이와 진지하게 마주했다.
azvlk2iiflttbqul.modifier[0]/explanation	이그나츠에게 못되게 굴었다.
azvlk2iiflttbqul.modifier[1]/explanation	브이에게 새 이름을 지어 줬다.
azvlk2iiflttbqul.modifier[2]/explanation	야나에게 끝내주는 코드네임을 지어 줬다.
azvlk2iiflttbqul.modifier[3]/explanation	형편없는 사진.
azvlk2iiflttbqul.modifier[4]/explanation	살인 혐의를 받는 중.
azvlk2iiflttbqul.modifier[5]/explanation	괜찮은 사진.
azvlk2iiflttbqul.modifier[6]/explanation	당신을 위해 기다려 줬다.
smwehxea8e9g83c6.modifier[0]/explanation	비유도 미사일 공격.
smwehxea8e9g83c6.modifier[1]/explanation	머리가 모자란 줄 알았다.
smwehxea8e9g83c6.modifier[2]/explanation	그녀가 불었냐고 물어봤다.
smwehxea8e9g83c6.modifier[3]/explanation	대치 상태.
smwehxea8e9g83c6.modifier[4]/explanation	빌어먹을 총이 있다.
smwehxea8e9g83c6.modifier[5]/explanation	진짜 총이 아니다.
wnt041h_q7o0bgcc.modifier[0]/explanation	겁을 주려 했다.
wnt041h_q7o0bgcc.modifier[1]/explanation	사람 좋아 보인다고 말했다.
wnt041h_q7o0bgcc.modifier[2]/explanation	소닉 둠을 함께 애도했다.
wnt041h_q7o0bgcc.modifier[3]/explanation	당신은 아무데서나 안 한다.
wnt041h_q7o0bgcc.modifier[4]/explanation	그녀가 불었냐고 물어봤다.
wnt041h_q7o0bgcc.modifier[5]/explanation	꿈속의 호랑이.
32eaud2e3smvqeed.modifier[0]/explanation	왕의 추종자.
32eaud2e3smvqeed.modifier[1]/explanation	*이번*엔 총에 맞지 않는다.
32eaud2e3smvqeed.modifier[2]/explanation	염소눈이 알고 있다.
32eaud2e3smvqeed.modifier[3]/explanation	물이 올랐다.
32eaud2e3smvqeed.modifier[4]/explanation	몸이 붕 뜨는 기분이다.
32eaud2e3smvqeed.modifier[5]/explanation	베스파르가 달가워하지 않을 것이다.
32eaud2e3smvqeed.modifier[6]/explanation	청소복 때문에 움직임이 제한된다.
32eaud2e3smvqeed.modifier[7]/explanation	기습의 이점을 잃었다.
32eaud2e3smvqeed.modifier[8]/explanation	허를 찔렀다.
32eaud2e3smvqeed.modifier[9]/explanation	발작 위험.
korel_po8wrpjsz3.modifier[0]/explanation	아주리에게 전화했다.
korel_po8wrpjsz3.modifier[1]/explanation	약간 고무됨.
korel_po8wrpjsz3.modifier[2]/explanation	세상이 가볍게 느껴진다.
korel_po8wrpjsz3.modifier[3]/explanation	배그맨에게 정체가 드러남.
korel_po8wrpjsz3.modifier[4]/explanation	피해망상에 빠진 유인원.
korel_po8wrpjsz3.modifier[5]/explanation	만성 생각 과잉.
pt2l_e3zffs896i4.modifier[0]/explanation	기습의 이점을 잃었다.
pt2l_e3zffs896i4.modifier[1]/explanation	기습의 이점.
pt2l_e3zffs896i4.modifier[2]/explanation	왕의 신봉자.
pt2l_e3zffs896i4.modifier[3]/explanation	*이번*엔 총에 맞지 않는다.
wgizrjusidcc9y37.modifier[0]/explanation	왕의 추종자.
wgizrjusidcc9y37.modifier[1]/explanation	기습의 이점.
wgizrjusidcc9y37.modifier[2]/explanation	*이번*엔 총에 맞지 않는다.
wgizrjusidcc9y37.modifier[3]/explanation	물이 올랐다.
wgizrjusidcc9y37.modifier[4]/explanation	몸이 붕 뜨는 기분이다.
wgizrjusidcc9y37.modifier[5]/explanation	완전 불투명.
wgizrjusidcc9y37.modifier[6]/explanation	발작 위험.
x13huz5aks9xcbcc.modifier[0]/explanation	살짝 취함.
x13huz5aks9xcbcc.modifier[1]/explanation	기분 좋게 몽롱함.
x13huz5aks9xcbcc.modifier[2]/explanation	과거에 시달리는 중.
x13huz5aks9xcbcc.modifier[3]/explanation	직업상 닫아 둔 마음.
x13huz5aks9xcbcc.modifier[4]/explanation	정신을 놓을 만큼 피웠다.
x13huz5aks9xcbcc.modifier[5]/explanation	냉동고.
x13huz5aks9xcbcc.modifier[6]/explanation	*괴물 같은* 한 모금.
k9o8vah1mq7cjpfy.modifier[0]/explanation	로타네프에게 기도했다.
k9o8vah1mq7cjpfy.modifier[1]/explanation	폴라리스에게 기도했다.
k9o8vah1mq7cjpfy.modifier[2]/explanation	오스카에게 의식 이야기를 들었다.
k9o8vah1mq7cjpfy.modifier[3]/explanation	어차피 전부 가짜다.
k9o8vah1mq7cjpfy.modifier[4]/explanation	아버지가 못마땅해한다.
nih3ovu4d4d5wcno.modifier[0]/explanation	정치경제학을 공부하는 학생을 알고 있다.
nih3ovu4d4d5wcno.modifier[1]/explanation	본원적 축적.
nih3ovu4d4d5wcno.modifier[2]/explanation	공인 멍청이.
nih3ovu4d4d5wcno.modifier[3]/explanation	아버지가 못마땅해한다.
nih3ovu4d4d5wcno.modifier[4]/explanation	선진 세계는 마법에 의존하지 않는다.
nih3ovu4d4d5wcno.modifier[5]/explanation	글로벌 씬 랭킹.
nih3ovu4d4d5wcno.modifier[6]/explanation	자유 시장이 정곡을 찔렀다.
nih3ovu4d4d5wcno.modifier[7]/explanation	처음엔 거절당했다.
nih3ovu4d4d5wcno.modifier[8]/explanation	씬의 과거가 밝혀졌다.
nih3ovu4d4d5wcno.modifier[9]/explanation	씬의 미래가 밝혀졌다.
8ielglwcua9ic1nr.modifier[0]/explanation	같은 기차 애호가.
8ielglwcua9ic1nr.modifier[1]/explanation	모형 기차를 돌려주었다.
8ielglwcua9ic1nr.modifier[2]/explanation	직접 만든 총을 보여 주었다.
8ielglwcua9ic1nr.modifier[3]/explanation	본원적 축적.
8ielglwcua9ic1nr.modifier[4]/explanation	협조적인 경찰
8ielglwcua9ic1nr.modifier[5]/explanation	사면 의식을 목격했다.
8ielglwcua9ic1nr.modifier[6]/explanation	경제전의 달인.
4_whla3s3irxwygb.modifier[0]/explanation	전문가용 물건.
4_whla3s3irxwygb.modifier[1]/explanation	자작 장치.
4_whla3s3irxwygb.modifier[2]/explanation	총알 자국투성이.
4_whla3s3irxwygb.modifier[3]/explanation	그의 총알을 피했다.
4_whla3s3irxwygb.modifier[4]/explanation	캐스게이드.
4_whla3s3irxwygb.modifier[5]/explanation	그저 외교관 두 명이 외교를 하는 중.
4_whla3s3irxwygb.modifier[6]/explanation	맞춤형 고객.
p1iaqbdv95klsz0g.modifier[0]/explanation	뒤틀린 플라스틱이 핵심이다.
p1iaqbdv95klsz0g.modifier[1]/explanation	숙련된 총기 제작자.
p1iaqbdv95klsz0g.modifier[2]/explanation	당신은 장난감 개조광이다.
p1iaqbdv95klsz0g.modifier[3]/explanation	기차와 여자 거인에 대한 기묘한 연상.
p1iaqbdv95klsz0g.modifier[4]/explanation	쥐어짜는 도구.
p1iaqbdv95klsz0g.modifier[5]/explanation	원래 주인이 그리워한다.
p1iaqbdv95klsz0g.modifier[6]/explanation	프레데리크가 방법을 알려 줬다.
sn1j93pucwq8tplu.modifier[0]/explanation	총기의 기본 원리를 모른다.
sn1j93pucwq8tplu.modifier[1]/explanation	왕의 철학을 받아들였다.
sn1j93pucwq8tplu.modifier[2]/explanation	설계도를 살펴봤다.
sn1j93pucwq8tplu.modifier[3]/explanation	강철 같은 심지.
sn1j93pucwq8tplu.modifier[4]/explanation	기차를 수리했다.
sn1j93pucwq8tplu.modifier[5]/explanation	총 한 자루로는 부족하다.
sn1j93pucwq8tplu.modifier[6]/explanation	체크리스트를 채운 만족감.
sn1j93pucwq8tplu.modifier[7]/explanation	사는 건 비싸다.
p7v3r3asd2eliqum.modifier[0]/explanation	담배 꿈.
p7v3r3asd2eliqum.modifier[1]/explanation	영원히 지켜본다.
p7v3r3asd2eliqum.modifier[2]/explanation	현지인을 만났다.
p7v3r3asd2eliqum.modifier[3]/explanation	뱃사공이 뭔가 숨기고 있다.
p7v3r3asd2eliqum.modifier[4]/explanation	그림자 군세.
edgsvikmiodc2bfy.modifier[0]/explanation	언더그라운드 작사가.
edgsvikmiodc2bfy.modifier[10]/explanation	동료 사절.
edgsvikmiodc2bfy.modifier[1]/explanation	키보드를 만졌다.
edgsvikmiodc2bfy.modifier[2]/explanation	무슨 팝스타?
edgsvikmiodc2bfy.modifier[3]/explanation	흥미로운 스파이 아우라.
edgsvikmiodc2bfy.modifier[4]/explanation	출국 서류 협력.
edgsvikmiodc2bfy.modifier[5]/explanation	애쓴 옷차림.
edgsvikmiodc2bfy.modifier[6]/explanation	음악 실력.
edgsvikmiodc2bfy.modifier[7]/explanation	참담한 연주회.
edgsvikmiodc2bfy.modifier[8]/explanation	야나가 의심한다.
edgsvikmiodc2bfy.modifier[9]/explanation	야나는 다른 방에 있다.
ezt9pivujof6qazu.modifier[0]/explanation	슈도팟의 정신을 날려 버렸다.
ezt9pivujof6qazu.modifier[1]/explanation	운석 숭배자.
ezt9pivujof6qazu.modifier[2]/explanation	예술적 사보타주.
ezt9pivujof6qazu.modifier[3]/explanation	우주에서 온 목소리를 들었다.
ezt9pivujof6qazu.modifier[4]/explanation	"협업"이 불타고 있다.
ezt9pivujof6qazu.modifier[5]/explanation	협업이 진행 중이다.
ezt9pivujof6qazu.modifier[6]/explanation	키보드 맛보기.
ezt9pivujof6qazu.modifier[7]/explanation	멜로디 감각.
ezt9pivujof6qazu.modifier[8]/explanation	배그맨이 의심하고 있다.
vhrt58ntbbf7q6s9.modifier[0]/explanation	이미 그녀에게 거짓말을 했다.
vhrt58ntbbf7q6s9.modifier[1]/explanation	그녀와 야나를 갈라놓았다.
avp19hbblpr_rg17.modifier[0]/explanation	*누군가*를 두려워한다.
avp19hbblpr_rg17.modifier[1]/explanation	"여자친구"를 언급했다.
avp19hbblpr_rg17.modifier[2]/explanation	쇠지렛대 솜씨가 형편없다.
avp19hbblpr_rg17.modifier[3]/explanation	그의 이를 가지고 있다.
pbcoln9e06gjkbnp.modifier[0]/explanation	왕의 방식을 안다.
pbcoln9e06gjkbnp.modifier[1]/explanation	금속에 능하다.
pbcoln9e06gjkbnp.modifier[2]/explanation	십대는 두렵지 않다.
pbcoln9e06gjkbnp.modifier[3]/explanation	시를 접한 적 있다.
pbcoln9e06gjkbnp.modifier[4]/explanation	그에게 한 모금 줬다.
pbcoln9e06gjkbnp.modifier[5]/explanation	자신이 멋져 보이지 않았다는 걸 안다.
pbcoln9e06gjkbnp.modifier[6]/explanation	그에게 무기를 보여 줬다.
pbcoln9e06gjkbnp.modifier[7]/explanation	그에게 신상을 물었다.
pbcoln9e06gjkbnp.modifier[8]/explanation	곤자가 피를 봤다.
pyl8v_lqmlng_a9w.modifier[0]/explanation	왕의 방식을 안다.
pyl8v_lqmlng_a9w.modifier[1]/explanation	금속에 능하다.
pyl8v_lqmlng_a9w.modifier[2]/explanation	십대는 두렵지 않다.
pyl8v_lqmlng_a9w.modifier[3]/explanation	시를 접한 적 있다.
pyl8v_lqmlng_a9w.modifier[4]/explanation	그에게 한 모금 줬다.
pyl8v_lqmlng_a9w.modifier[5]/explanation	자신이 멋져 보이지 않았다는 걸 안다.
pyl8v_lqmlng_a9w.modifier[6]/explanation	그에게 무기를 보여 줬다.
pyl8v_lqmlng_a9w.modifier[7]/explanation	그에게 신상을 물었다.
pyl8v_lqmlng_a9w.modifier[8]/explanation	곤자가 피를 봤다.
0panwdevu_y1pebn.modifier[0]/explanation	플러그를 뽑았다.
0panwdevu_y1pebn.modifier[10]/explanation	사진을 찍었다.
0panwdevu_y1pebn.modifier[11]/explanation	직접 만든 무기.
0panwdevu_y1pebn.modifier[12]/explanation	증강인간 편집증.
0panwdevu_y1pebn.modifier[13]/explanation	증강인간 환상.
0panwdevu_y1pebn.modifier[14]/explanation	홀로세의 두개골을 뚫었다.
0panwdevu_y1pebn.modifier[15]/explanation	슈도팟의 암호를 풀었다.
0panwdevu_y1pebn.modifier[16]/explanation	홀로세의 암호를 풀었다.
0panwdevu_y1pebn.modifier[17]/explanation	공허의 대가.
0panwdevu_y1pebn.modifier[18]/explanation	우주비행사 피규어를 확보했다.
0panwdevu_y1pebn.modifier[19]/explanation	인터페이스.
0panwdevu_y1pebn.modifier[1]/explanation	개수작은 안 부린다.
0panwdevu_y1pebn.modifier[20]/explanation	"시스템"을 눌렀다.
0panwdevu_y1pebn.modifier[21]/explanation	팩스 기술자.
0panwdevu_y1pebn.modifier[22]/explanation	소자 작업 베테랑.
0panwdevu_y1pebn.modifier[2]/explanation	여자애다.
0panwdevu_y1pebn.modifier[3]/explanation	그 뭐시기를 흔들었다.
0panwdevu_y1pebn.modifier[4]/explanation	분필로 기름 부음을 받았다.
0panwdevu_y1pebn.modifier[5]/explanation	폭탄 애호가.
0panwdevu_y1pebn.modifier[6]/explanation	람세스의 가르침.
0panwdevu_y1pebn.modifier[7]/explanation	귀뚜라미 설치자.
0panwdevu_y1pebn.modifier[8]/explanation	소나티인 키메라.
0panwdevu_y1pebn.modifier[9]/explanation	팩스로 보냈다.
_qdh2tdf_ucftcxv.modifier[0]/explanation	프린터를 고쳤다.
_qdh2tdf_ucftcxv.modifier[1]/explanation	팩스를 먹었다.
_qdh2tdf_ucftcxv.modifier[2]/explanation	이상한 기계를 만지작거렸다.
_qdh2tdf_ucftcxv.modifier[3]/explanation	마녀 지랄을 식별했다.
_qdh2tdf_ucftcxv.modifier[4]/explanation	"인터페이스"를 알게 됐다.
0yo9l6ypotd27uxi.modifier[0]/explanation	시인처럼 말한다.
0yo9l6ypotd27uxi.modifier[10]/explanation	트라우마 거울.
0yo9l6ypotd27uxi.modifier[1]/explanation	"난 너한테 더한 짓도 했을 거야."
0yo9l6ypotd27uxi.modifier[2]/explanation	고문하려고 술을 마셨다.
0yo9l6ypotd27uxi.modifier[3]/explanation	문학은 구리다.
0yo9l6ypotd27uxi.modifier[4]/explanation	이용당하고 싶다.
0yo9l6ypotd27uxi.modifier[5]/explanation	알딸딸하게 취했다.
0yo9l6ypotd27uxi.modifier[6]/explanation	만취했다.
0yo9l6ypotd27uxi.modifier[7]/explanation	데이트가 아니다.
0yo9l6ypotd27uxi.modifier[8]/explanation	인간 방패.
0yo9l6ypotd27uxi.modifier[9]/explanation	그 뭐시기가 있다.
2cgsdhs890cn88ek.modifier[0]/explanation	증강인간을 알아봤다.
2cgsdhs890cn88ek.modifier[1]/explanation	디에고에게 못되게 굴었다.
2cgsdhs890cn88ek.modifier[2]/explanation	튤립 잔.
2cgsdhs890cn88ek.modifier[3]/explanation	육체적으로 정신이 팔렸다.
2cgsdhs890cn88ek.modifier[4]/explanation	취했다.
2cgsdhs890cn88ek.modifier[5]/explanation	알딸딸하게 취했다.
2cgsdhs890cn88ek.modifier[6]/explanation	물건 만들기는 어렵다.
2cgsdhs890cn88ek.modifier[7]/explanation	걸레질 공작원 이야기를 들었다.
2cgsdhs890cn88ek.modifier[8]/explanation	칼로마닉에 능통하다.
2cgsdhs890cn88ek.modifier[9]/explanation	우월한 남성 뇌.
5qdu_kufhwczllvn.modifier[0]/explanation	직접 만든 총.
5qdu_kufhwczllvn.modifier[1]/explanation	왕이 함께한다.
5qdu_kufhwczllvn.modifier[2]/explanation	복수 그 자체.
5qdu_kufhwczllvn.modifier[3]/explanation	스스로 총에 맞았다.
5qdu_kufhwczllvn.modifier[4]/explanation	디에고가 말을 잇지 못한다.
syohvez5r2m6dsk4.modifier[0]/explanation	마조히스트.
syohvez5r2m6dsk4.modifier[10]/explanation	참회 중.
syohvez5r2m6dsk4.modifier[11]/explanation	영원한 희생자.
syohvez5r2m6dsk4.modifier[12]/explanation	디에고에게 못되게 굴었다.
syohvez5r2m6dsk4.modifier[13]/explanation	입술이 가려져 있다.
syohvez5r2m6dsk4.modifier[14]/explanation	그녀는 당신을 엉뚱하다고 생각한다.
syohvez5r2m6dsk4.modifier[15]/explanation	뭐시기를 보여 줬다.
syohvez5r2m6dsk4.modifier[16]/explanation	그녀 안의 공허를 봤다.
syohvez5r2m6dsk4.modifier[17]/explanation	데이트를 신청했다.
syohvez5r2m6dsk4.modifier[18]/explanation	장화를 깠다.
syohvez5r2m6dsk4.modifier[19]/explanation	흉터를 보여 줬다.
syohvez5r2m6dsk4.modifier[1]/explanation	총으로 쏴 주겠다고 제안했다.
syohvez5r2m6dsk4.modifier[20]/explanation	헤드폰은 멋지다.
syohvez5r2m6dsk4.modifier[21]/explanation	고문에 호기심을 보였다.
syohvez5r2m6dsk4.modifier[22]/explanation	튤립 잔.
syohvez5r2m6dsk4.modifier[2]/explanation	손을 그녀의 허벅지에 올렸다.
syohvez5r2m6dsk4.modifier[3]/explanation	마음에 깊이가 있다.
syohvez5r2m6dsk4.modifier[4]/explanation	솔직함을 싫어하지 않는다.
syohvez5r2m6dsk4.modifier[5]/explanation	그녀의 언니를 언급했다.
syohvez5r2m6dsk4.modifier[6]/explanation	오스카 이야기를 들었다.
syohvez5r2m6dsk4.modifier[7]/explanation	데이트가 아니라고 말해 줬다.
syohvez5r2m6dsk4.modifier[8]/explanation	문학은 구리다.
syohvez5r2m6dsk4.modifier[9]/explanation	하드코어.
x9llw_q_yyj8zhow.modifier[0]/explanation	운명적 등장(Entrada predestinada).
x9llw_q_yyj8zhow.modifier[1]/explanation	아노니모의 내부에 있다.
x9llw_q_yyj8zhow.modifier[2]/explanation	그녀의 의식의 본질을 이해한다.
x9llw_q_yyj8zhow.modifier[3]/explanation	루스 사람 흉내쟁이.
x9llw_q_yyj8zhow.modifier[4]/explanation	눈싸움에서 그녀를 이겼다.
x9llw_q_yyj8zhow.modifier[5]/explanation	루스식 각인의 베테랑.
x9llw_q_yyj8zhow.modifier[6]/explanation	방금 시체를 봤다.
rtlkal4cbiui5sez.modifier[0]/explanation	일급 사당.
rtlkal4cbiui5sez.modifier[1]/explanation	습관성 숭배자.
rtlkal4cbiui5sez.modifier[2]/explanation	'낡은 돌덩이'라고 불렀다.
rtlkal4cbiui5sez.modifier[3]/explanation	핵심에 경의를 표했다.
rtlkal4cbiui5sez.modifier[4]/explanation	폴라리스에게 기도했다.
rtlkal4cbiui5sez.modifier[5]/explanation	폴라리스는 말이 없다.
rtlkal4cbiui5sez.modifier[6]/explanation	시리우스에게 기도했다.
rtlkal4cbiui5sez.modifier[7]/explanation	로타네브에게 기도했다.
rtlkal4cbiui5sez.modifier[8]/explanation	분대 사진을 놓았다.
rtlkal4cbiui5sez.modifier[9]/explanation	제의.
n1_llqrg8euutwgn.modifier[0]/explanation	원격 투시 증언을 읽었다.
n1_llqrg8euutwgn.modifier[1]/explanation	위상 변이 보고서를 살펴봤다.
n1_llqrg8euutwgn.modifier[2]/explanation	처량한 배급 식량을 발견했다.
n1_llqrg8euutwgn.modifier[3]/explanation	곰팡이와 진지하게 마주했다.
q7q03xfguft238ul.modifier[0]/explanation	버튼의 기능을 알아냈다.
q7q03xfguft238ul.modifier[1]/explanation	수중문을 언급했다.
q7q03xfguft238ul.modifier[2]/explanation	이 사다리는 *어딘가*로 이어질 텐데……
q7q03xfguft238ul.modifier[3]/explanation	제어 장치를 건드렸다.
q7q03xfguft238ul.modifier[4]/explanation	초록 버튼의 배신.
sww7w06oo0ofslec.modifier[0]/explanation	논문을 흡수했다.
sww7w06oo0ofslec.modifier[1]/explanation	논문 *흡수 해제*.
sww7w06oo0ofslec.modifier[2]/explanation	M.I.H.O. 입문.
sww7w06oo0ofslec.modifier[3]/explanation	배급 식량으로 연명.
sww7w06oo0ofslec.modifier[4]/explanation	그를 밀고했다.
sww7w06oo0ofslec.modifier[5]/explanation	암호를 해독했다.
sww7w06oo0ofslec.modifier[6]/explanation	두개골 천공술이 예상보다 잘 풀렸다.
sww7w06oo0ofslec.modifier[7]/explanation	정신적 이해.
x8iwe1ywl536tugo.modifier[0]/explanation	쇠지렛대가 있다.
x8iwe1ywl536tugo.modifier[1]/explanation	노련한 침입 전문가.
x8iwe1ywl536tugo.modifier[2]/explanation	에스티가 이 안 어딘가에 있다.
x8iwe1ywl536tugo.modifier[3]/explanation	토니오의 자살을 앞당길 수도 있다.
x8iwe1ywl536tugo.modifier[4]/explanation	행복한 결혼 생활.
x8iwe1ywl536tugo.modifier[5]/explanation	찾아야 할 분대원 중 첫 번째.
x8iwe1ywl536tugo.modifier[6]/explanation	이제 EMTERR에서 일한다.
x8iwe1ywl536tugo.modifier[7]/explanation	멜리타가 다시 해 보라고 한다.
x8iwe1ywl536tugo.modifier[8]/explanation	그녀의 집 호수를 알아냈다.
0p4u485e5ztaqvx4.modifier[0]/explanation	각인 장치를 사용했다.
0p4u485e5ztaqvx4.modifier[1]/explanation	브랜드 홍보대사.
0p4u485e5ztaqvx4.modifier[2]/explanation	이그나츠에 대한 불신.
0p4u485e5ztaqvx4.modifier[3]/explanation	은행나무를 묘사했다.
0p4u485e5ztaqvx4.modifier[4]/explanation	그에게 신세를 졌다.
0p4u485e5ztaqvx4.modifier[5]/explanation	빌어먹을 공산주의자.
0p4u485e5ztaqvx4.modifier[6]/explanation	시시한 소비주의자.
0p4u485e5ztaqvx4.modifier[7]/explanation	하우츠만의 소문.
ipue4l6q918sgftm.modifier[0]/explanation	말하느라 시간을 낭비했다.
ipue4l6q918sgftm.modifier[1]/explanation	이런, 여자다.
ipue4l6q918sgftm.modifier[2]/explanation	어둠과의 친화.
ipue4l6q918sgftm.modifier[3]/explanation	어두운 옷차림.
ipue4l6q918sgftm.modifier[4]/explanation	깜박이는 불빛? *여기*에서?
ipue4l6q918sgftm.modifier[5]/explanation	일하기엔 안 맞는 신발.
ipue4l6q918sgftm.modifier[6]/explanation	발가락 갈라진 잠입꾼.
ipue4l6q918sgftm.modifier[7]/explanation	편집자의 의심.
ipue4l6q918sgftm.modifier[8]/explanation	문 앞에서 초인종도 안 눌렀다.
x6_7eh843gphry3f.modifier[0]/explanation	모든 것이 용서받으리라.
x6_7eh843gphry3f.modifier[1]/explanation	출국 문서.
x6_7eh843gphry3f.modifier[2]/explanation	이상한 소문.
x6_7eh843gphry3f.modifier[3]/explanation	코카인 눈.
x6_7eh843gphry3f.modifier[4]/explanation	대중문화부.
x6_7eh843gphry3f.modifier[5]/explanation	문화 봉쇄.
ud6rmlyq9vcq4vu1.modifier[0]/explanation	구원은 가능하다.
ud6rmlyq9vcq4vu1.modifier[1]/explanation	새로 사면 그만이다.
ud6rmlyq9vcq4vu1.modifier[2]/explanation	신형 모델의 세이렌 노래.
ud6rmlyq9vcq4vu1.modifier[3]/explanation	자석 애호가를 알게 됐다.
ud6rmlyq9vcq4vu1.modifier[4]/explanation	스포츠에 자극받았다.
ud6rmlyq9vcq4vu1.modifier[5]/explanation	힘센 남자가 기계를 고친다.
lq34qyxoo1b415ll.modifier[0]/explanation	홀로세가 지켜본다.
lq34qyxoo1b415ll.modifier[1]/explanation	방 안 분위기를 가늠한다.
lq34qyxoo1b415ll.modifier[2]/explanation	곰팡이를 먹고는 멈추지 못한다.
lq34qyxoo1b415ll.modifier[3]/explanation	뇌 조율을 받았다.
5nebwmyqtsq3xaop.modifier[0]/explanation	자물쇠를 따 본 게 처음이 아니다.
5nebwmyqtsq3xaop.modifier[1]/explanation	공중전화를 해킹했다.
5nebwmyqtsq3xaop.modifier[2]/explanation	바로 여기서 총에 맞았다.
5nebwmyqtsq3xaop.modifier[3]/explanation	다른 방법이 없다.
mj64gjuay2h4okuv.modifier[0]/explanation	자물쇠를 따 본 게 처음이 아니다.
mj64gjuay2h4okuv.modifier[1]/explanation	공중전화를 해킹했다.
mj64gjuay2h4okuv.modifier[2]/explanation	바로 여기서 총에 맞았다.
mj64gjuay2h4okuv.modifier[3]/explanation	앞으로 나아갈 다른 길이 없다.
09tpi7aucqg5n9j_.modifier[0]/explanation	키보드와 마주쳤다.
09tpi7aucqg5n9j_.modifier[10]/explanation	건물을 탐험했다.
09tpi7aucqg5n9j_.modifier[11]/explanation	건물을 탐험했다.
09tpi7aucqg5n9j_.modifier[12]/explanation	건물을 탐험했다.
09tpi7aucqg5n9j_.modifier[13]/explanation	건물을 탐험했다.
09tpi7aucqg5n9j_.modifier[14]/explanation	분위기에 몸을 맡긴다.
09tpi7aucqg5n9j_.modifier[15]/explanation	벽이 부끄러워한다.
09tpi7aucqg5n9j_.modifier[1]/explanation	엘팝 팬.
09tpi7aucqg5n9j_.modifier[2]/explanation	빨간 디스크를 들었다.
09tpi7aucqg5n9j_.modifier[3]/explanation	우주의 목소리를 들었다.
09tpi7aucqg5n9j_.modifier[4]/explanation	반복 재생러.
09tpi7aucqg5n9j_.modifier[5]/explanation	페트레를 만났다.
09tpi7aucqg5n9j_.modifier[6]/explanation	마법에 관심이 있다.
09tpi7aucqg5n9j_.modifier[7]/explanation	"그게 당신들과 무슨 상관이죠?"
09tpi7aucqg5n9j_.modifier[8]/explanation	건축물에 대한 폭력.
09tpi7aucqg5n9j_.modifier[9]/explanation	자본가를 걷어찼다.
df_fd91vnrgj8_kk.modifier[0]/explanation	그가 건넨 담배를 받자 경계를 풀었다.
df_fd91vnrgj8_kk.modifier[1]/explanation	깡패가 한 명 모자란다.
df_fd91vnrgj8_kk.modifier[2]/explanation	그에게선 설득력 있는 구석이 하나도 없다.
df_fd91vnrgj8_kk.modifier[3]/explanation	전에 어디선가 본 적이 있다.
df_fd91vnrgj8_kk.modifier[4]/explanation	공감하기엔 너무 하드코어하다.
df_fd91vnrgj8_kk.modifier[5]/explanation	심장 옆의 총알과 닿았다.
0kopd9mralpxswj0.modifier[0]/explanation	몸을 작게 웅크렸다.
0kopd9mralpxswj0.modifier[1]/explanation	밀폐형 두부 장비.
samkuthlpfxqy9xw.modifier[0]/explanation	몸을 작게 웅크렸다.
samkuthlpfxqy9xw.modifier[1]/explanation	불빛을 가져왔다.
samkuthlpfxqy9xw.modifier[2]/explanation	중심을 잡았다.
iyw8opm7c5l5vx4u.modifier[0]/explanation	이미 자백했다.
iyw8opm7c5l5vx4u.modifier[10]/explanation	슈도팟이 사탕 때문에 투덜거렸다.
iyw8opm7c5l5vx4u.modifier[11]/explanation	부적절한 행동(신체 접촉).
iyw8opm7c5l5vx4u.modifier[1]/explanation	자신이 양말 수입업자라고 믿는다.
iyw8opm7c5l5vx4u.modifier[2]/explanation	창문이 깨지는 소리를 들었다.
iyw8opm7c5l5vx4u.modifier[3]/explanation	각인을 강행했다.
iyw8opm7c5l5vx4u.modifier[4]/explanation	콘스탄츠를 밀고했다.
iyw8opm7c5l5vx4u.modifier[5]/explanation	멜리타의 총애를 받는다.
iyw8opm7c5l5vx4u.modifier[6]/explanation	각인에 대해 말해 주었다.
iyw8opm7c5l5vx4u.modifier[7]/explanation	슈도팟을 호되게 대했다.
iyw8opm7c5l5vx4u.modifier[8]/explanation	수리 예산의 안개.
iyw8opm7c5l5vx4u.modifier[9]/explanation	침착함을 유지했다.
o30cc1dlioom1n20.modifier[0]/explanation	팩스기에 관한 조언을 해 주었다.
o30cc1dlioom1n20.modifier[1]/explanation	몸이 감당하지 못한다.
o30cc1dlioom1n20.modifier[2]/explanation	모욕을 줬다.
o30cc1dlioom1n20.modifier[3]/explanation	잃어버린 것들을 그리워한다.
o30cc1dlioom1n20.modifier[4]/explanation	두려움을 마주하기를 거부한다.
o30cc1dlioom1n20.modifier[5]/explanation	이 일에는 자격 미달.
aucusv2auqo3y42_.modifier[0]/explanation	유기 각인체.
aucusv2auqo3y42_.modifier[10]/explanation	그에게 슈도팟이라고 말해 줬다.
aucusv2auqo3y42_.modifier[1]/explanation	각인을 강행했다.
aucusv2auqo3y42_.modifier[2]/explanation	템포를 언급했다.
aucusv2auqo3y42_.modifier[3]/explanation	양말이라는 그의 현실에 의문을 제기했다.
aucusv2auqo3y42_.modifier[4]/explanation	이름을 밝혔다.
aucusv2auqo3y42_.modifier[5]/explanation	심장 없는 남자에게 설명을 들었다.
aucusv2auqo3y42_.modifier[6]/explanation	도플갱이 그를 받쳐 준다.
aucusv2auqo3y42_.modifier[7]/explanation	쾅.
aucusv2auqo3y42_.modifier[8]/explanation	무슨 수치?
aucusv2auqo3y42_.modifier[9]/explanation	당신은 허셸이다.
pj69_xhl919wgo5f.modifier[0]/explanation	유기 각인체.
pj69_xhl919wgo5f.modifier[10]/explanation	도플갱이 그를 받쳐 준다.
pj69_xhl919wgo5f.modifier[1]/explanation	각인을 강행했다.
pj69_xhl919wgo5f.modifier[2]/explanation	템포를 언급했다.
pj69_xhl919wgo5f.modifier[3]/explanation	그를 위협했다.
pj69_xhl919wgo5f.modifier[4]/explanation	그 수법을 떠올렸다.
pj69_xhl919wgo5f.modifier[5]/explanation	존재하지 않는 양말.
pj69_xhl919wgo5f.modifier[6]/explanation	'스티글리츠'라는 이름을 곱씹었다.
pj69_xhl919wgo5f.modifier[7]/explanation	심장 없는 남자에게 설명을 들었다.
pj69_xhl919wgo5f.modifier[8]/explanation	반모성 본능.
pj69_xhl919wgo5f.modifier[9]/explanation	무유도 미사일 공격.
gjbn5jp32qnrx3d8.modifier[0]/explanation	'양말 수입업자'라는 말에 그녀가 머뭇거렸다.
gjbn5jp32qnrx3d8.modifier[1]/explanation	당신의 욕구를 탐색했다.
gjbn5jp32qnrx3d8.modifier[2]/explanation	죄인.
gjbn5jp32qnrx3d8.modifier[3]/explanation	그가 딱 맞는 자리에 있다.
v3dxo0af1jhk6vxl.modifier[0]/explanation	무기가 된 음악.
v3dxo0af1jhk6vxl.modifier[1]/explanation	신도 중 하나.
v3dxo0af1jhk6vxl.modifier[2]/explanation	아인첼톤.
v3dxo0af1jhk6vxl.modifier[3]/explanation	하지 말았어야 했다.
v3dxo0af1jhk6vxl.modifier[4]/explanation	울트라 비올레타 소문을 들었다.
v3dxo0af1jhk6vxl.modifier[5]/explanation	전에도 여기 와 봤다.
cih6c3qgi39bsqhb.modifier[0]/explanation	허술한 제본을 알아챘다.
cih6c3qgi39bsqhb.modifier[1]/explanation	외과 수술 같은 경험.
cih6c3qgi39bsqhb.modifier[2]/explanation	그립감이 좋다.
cih6c3qgi39bsqhb.modifier[3]/explanation	그림자 같은 혈연.
cih6c3qgi39bsqhb.modifier[4]/explanation	살짝 젖었다.
cih6c3qgi39bsqhb.modifier[5]/explanation	한때 선정적인 만화를 읽곤 했다.
cih6c3qgi39bsqhb.modifier[6]/explanation	일에 맞지 않는 장갑.
90iad8n_ogqemzve.modifier[0]/explanation	머릿속 문서고.
90iad8n_ogqemzve.modifier[10]/explanation	멜리타에게 일러바쳤다.
90iad8n_ogqemzve.modifier[1]/explanation	홀로세를 안정시켰다.
90iad8n_ogqemzve.modifier[2]/explanation	변증법적 뼈대.
90iad8n_ogqemzve.modifier[3]/explanation	시인의 영혼.
90iad8n_ogqemzve.modifier[4]/explanation	사이비 시인.
90iad8n_ogqemzve.modifier[5]/explanation	공산주의 해석학.
90iad8n_ogqemzve.modifier[6]/explanation	〈그림자 어머니〉를 읽었다.
90iad8n_ogqemzve.modifier[7]/explanation	이념의 늪.
90iad8n_ogqemzve.modifier[8]/explanation	공작원 쓰러짐.
90iad8n_ogqemzve.modifier[9]/explanation	홀로세의 암호문을 풀었다.
jez87n8p5ugnqw5y.modifier[0]/explanation	공중전화 도둑.
jez87n8p5ugnqw5y.modifier[1]/explanation	보안문을 뚫었다.
jez87n8p5ugnqw5y.modifier[2]/explanation	무선 네트워크를 알아냈다.
jez87n8p5ugnqw5y.modifier[3]/explanation	단말기에 도움을 청했다.
jez87n8p5ugnqw5y.modifier[4]/explanation	진단을 실행했다.
jez87n8p5ugnqw5y.modifier[5]/explanation	네트워크 추적에 실패했다.
jez87n8p5ugnqw5y.modifier[6]/explanation	공중전화에 먹혔다.
5tvncdimnxlfsd8f.modifier[0]/explanation	퇴근 후의 침입자.
5tvncdimnxlfsd8f.modifier[1]/explanation	복귀 후 첫 자물쇠.
5tvncdimnxlfsd8f.modifier[2]/explanation	템포가 기다리고 있다.
5tvncdimnxlfsd8f.modifier[3]/explanation	우는 눈이 지켜보고 있다.
bh025iventh2duu3.modifier[0]/explanation	자기화된 동물.
bh025iventh2duu3.modifier[1]/explanation	템포의 구역.
bh025iventh2duu3.modifier[2]/explanation	슈도팟 퇴장.
bh025iventh2duu3.modifier[3]/explanation	도플갱의 호출.
bh025iventh2duu3.modifier[4]/explanation	시험 발차기 개시.
bh025iventh2duu3.modifier[5]/explanation	해낼 수 있다.
bh025iventh2duu3.modifier[6]/explanation	의심이 든다.
bh025iventh2duu3.modifier[7]/explanation	한밤의 면책.
bh025iventh2duu3.modifier[8]/explanation	생각이 너무 많은 습격자.
k7g57nn1gmtrfkwe.modifier[0]/explanation	야간 불법 침입자.
k7g57nn1gmtrfkwe.modifier[1]/explanation	복귀 후 첫 번째 자물쇠.
k7g57nn1gmtrfkwe.modifier[2]/explanation	템포가 기다린다.
k7g57nn1gmtrfkwe.modifier[3]/explanation	우는 눈이 지켜보고 있다.
0rdmjfgtj6xz72mm.modifier[0]/explanation	부편집장에게는 후원자가 있다.
0rdmjfgtj6xz72mm.modifier[1]/explanation	잡지 감사의 글에 이름이 올라 있었다.
0rdmjfgtj6xz72mm.modifier[2]/explanation	진짜 책임자는 누구일까?
0rdmjfgtj6xz72mm.modifier[3]/explanation	자금 얘기는 달가워하지 않는다.
0rdmjfgtj6xz72mm.modifier[4]/explanation	인터폰이 필요하다.
0rdmjfgtj6xz72mm.modifier[5]/explanation	머리가 너무 몽롱해서 생각이 안 된다.
0rdmjfgtj6xz72mm.modifier[6]/explanation	여기가 바로 감옥이다.
0rdmjfgtj6xz72mm.modifier[7]/explanation	여기가 아마도 감옥일 것이다.
rheytxe1hdxq5zbw.modifier[0]/explanation	시인의 뇌 가동.
rheytxe1hdxq5zbw.modifier[1]/explanation	어떻게든 비집고 들어갔다.
rheytxe1hdxq5zbw.modifier[2]/explanation	시를 두고 논쟁했다.
rheytxe1hdxq5zbw.modifier[3]/explanation	사람을 찾고 있다는 걸 들켰다.
rheytxe1hdxq5zbw.modifier[4]/explanation	감시당하고 있다.
rheytxe1hdxq5zbw.modifier[5]/explanation	하마터면 위장 신분이 들통날 뻔했다.
rheytxe1hdxq5zbw.modifier[6]/explanation	확실히 감옥이다.
4u994aaxrovntker.modifier[0]/explanation	시를 몇 편 썼다.
4u994aaxrovntker.modifier[1]/explanation	벌레를 직접 만났다.
4u994aaxrovntker.modifier[2]/explanation	틈에 대해 들었다.
4u994aaxrovntker.modifier[3]/explanation	그를 밀쳤다.
4u994aaxrovntker.modifier[4]/explanation	EMTERR 사람들을 많이 만났다.
4u994aaxrovntker.modifier[5]/explanation	작은 기차 이야기를 안다.
4u994aaxrovntker.modifier[6]/explanation	너무 약에 취했다.
4u994aaxrovntker.modifier[7]/explanation	녹음을 전부 들었다.
wpo3618xitxh42xj.modifier[0]/explanation	도망치려 했다.
wpo3618xitxh42xj.modifier[1]/explanation	아무도 입을 막지 못한다.
wpo3618xitxh42xj.modifier[2]/explanation	마음을 추슬렀다.
wpo3618xitxh42xj.modifier[3]/explanation	끼어들지 말라는 말을 들었다.
wpo3618xitxh42xj.modifier[4]/explanation	하나, 둘, 죽음.
wpo3618xitxh42xj.modifier[5]/explanation	람세스에 대한 기억.
wpo3618xitxh42xj.modifier[6]/explanation	죄책감 떠넘기기.
y8cwqzc4pxb7ba9g.modifier[1]/explanation	공포는 분비샘에 있다
y8cwqzc4pxb7ba9g.modifier[2]/explanation	공포의 과학을 안다.
y8cwqzc4pxb7ba9g.modifier[3]/explanation	“죽여 줘”라고 말하는 소리를 들었다.
y8cwqzc4pxb7ba9g.modifier[4]/explanation	죄수를 쏘지 않았다.
y8cwqzc4pxb7ba9g.modifier[5]/explanation	터널에서 이성을 잃었다.
y8cwqzc4pxb7ba9g.modifier[6]/explanation	쿠르트를 심연에 빼앗겼다.
y8cwqzc4pxb7ba9g.modifier[7]/explanation	죄수를 쏘았다.
y8cwqzc4pxb7ba9g.modifier[8]/explanation	타오르는 원을 보았다.
y8cwqzc4pxb7ba9g.modifier[9]/explanation	람세스와 함께 엿들었다.
3mwzbux7srfnqmui.modifier[0]/explanation	산업사 연구가.
3mwzbux7srfnqmui.modifier[1]/explanation	카르무나의 바자르 시절 과거.
3mwzbux7srfnqmui.modifier[2]/explanation	뜯지 않은 상자들.
3mwzbux7srfnqmui.modifier[3]/explanation	사색에 잠긴 흡연자.
3mwzbux7srfnqmui.modifier[4]/explanation	피톨 지구 광고판을 보았다.
3mwzbux7srfnqmui.modifier[5]/explanation	멍청함의 유물.
2g1vsyl5jh23gx41.modifier[0]/explanation	그렇게 *어려울* 리 없다.
2g1vsyl5jh23gx41.modifier[1]/explanation	암호 해독을 시도했다.
2g1vsyl5jh23gx41.modifier[2]/explanation	제발…… 숫자는 이제 그만.
2g1vsyl5jh23gx41.modifier[3]/explanation	침으로 하는 무례.
2g1vsyl5jh23gx41.modifier[4]/explanation	지첸 왕이라면 이렇게 했을 것이다.
2g1vsyl5jh23gx41.modifier[5]/explanation	“그것”을 쫓을 마음이 없다.
2g1vsyl5jh23gx41.modifier[6]/explanation	별자리 도안 인식.
2g1vsyl5jh23gx41.modifier[7]/explanation	여기엔 아무도 없으니 판단당할 일도 없다.
lt0zw4k4r_qw16wh.modifier[0]/explanation	숫자로 쓴 시.
lt0zw4k4r_qw16wh.modifier[1]/explanation	운율을 익힌다.
lt0zw4k4r_qw16wh.modifier[2]/explanation	청소부의 정체를 파악했다.
lt0zw4k4r_qw16wh.modifier[3]/explanation	경우의 수가 줄었다.
lt0zw4k4r_qw16wh.modifier[4]/explanation	암호를 여러 개 시도했다.
lt0zw4k4r_qw16wh.modifier[5]/explanation	상대에게 경의를 표했다.
lt0zw4k4r_qw16wh.modifier[6]/explanation	천체 기하학.
lt0zw4k4r_qw16wh.modifier[7]/explanation	그림자의 하수인.
lt0zw4k4r_qw16wh.modifier[8]/explanation	잃어버린 “그것”을 찾는 중.
7o67xv6u5y4e5u96/alternative5	손목을 휙 돌려 메스칼 병을 딴다.
knavy8kp5jc44ryp.modifier[0]/explanation	키보드와 마주쳤다.
knavy8kp5jc44ryp.modifier[10]/explanation	건물을 탐색했다.
knavy8kp5jc44ryp.modifier[11]/explanation	건물을 탐색했다.
knavy8kp5jc44ryp.modifier[12]/explanation	건물을 탐색했다.
knavy8kp5jc44ryp.modifier[13]/explanation	건물을 탐색했다.
knavy8kp5jc44ryp.modifier[14]/explanation	분위기에 몸을 맡긴다.
knavy8kp5jc44ryp.modifier[15]/explanation	집단 부정.
knavy8kp5jc44ryp.modifier[1]/explanation	엘팝 팬.
knavy8kp5jc44ryp.modifier[2]/explanation	빨간 디스크를 들었다.
knavy8kp5jc44ryp.modifier[3]/explanation	우주의 목소리를 들었다.
knavy8kp5jc44ryp.modifier[4]/explanation	반복 재생족.
knavy8kp5jc44ryp.modifier[5]/explanation	페트레와 마주쳤다.
knavy8kp5jc44ryp.modifier[6]/explanation	마법에 관심이 있다.
knavy8kp5jc44ryp.modifier[7]/explanation	“그게 당신과 무슨 상관이죠?”
knavy8kp5jc44ryp.modifier[8]/explanation	건축물에 가한 폭력.
knavy8kp5jc44ryp.modifier[9]/explanation	자본가를 걷어찼다.
01unzr69v_69e9yy.modifier[0]/explanation	처음 올리는 기도가 아니다.
d85rw_q2m0ltjttb.modifier[0]/explanation	손에 든 무기.
d85rw_q2m0ltjttb.modifier[1]/explanation	주변에 아무도 없다.
d85rw_q2m0ltjttb.modifier[2]/explanation	영양실조에 걸린 노인.
d85rw_q2m0ltjttb.modifier[3]/explanation	리치와 아주 닮았다.
d85rw_q2m0ltjttb.modifier[4]/explanation	카르무나의 기도.
ufyd_aqy8ems6ego.modifier[0]/explanation	다른 여자의 물건 비닐을 뜯었다.
ufyd_aqy8ems6ego.modifier[1]/explanation	분명 감옥이다.
ufyd_aqy8ems6ego.modifier[2]/explanation	아마도 감옥이다.
ufyd_aqy8ems6ego.modifier[3]/explanation	목소리를 칭찬했다.
ufyd_aqy8ems6ego.modifier[4]/explanation	새 인터콤.
ufyd_aqy8ems6ego.modifier[5]/explanation	말로 제압당함.
ufyd_aqy8ems6ego.modifier[6]/explanation	뱃사공은 이곳이 마음에 들지 않는다.
ufyd_aqy8ems6ego.modifier[7]/explanation	철탑 기술자가 수상한 움직임을 목격했다.
3ufqph28u6h6u0rc.modifier[0]/explanation	부서지기 쉬운 성질.
3ufqph28u6h6u0rc.modifier[1]/explanation	어둠에 가려짐.
3ufqph28u6h6u0rc.modifier[2]/explanation	잡범.
3ufqph28u6h6u0rc.modifier[3]/explanation	잠긴 문이 빌어먹게 많다.
3ufqph28u6h6u0rc.modifier[4]/explanation	전방에 공중 변태.
3ufqph28u6h6u0rc.modifier[5]/explanation	조롱당함.
3ufqph28u6h6u0rc.modifier[6]/explanation	열성적인 문짝 파괴자.
t9hley1wdq3xt8e9.modifier[0]/explanation	부서지기 쉬운 성질.
t9hley1wdq3xt8e9.modifier[1]/explanation	어둠에 가려짐.
t9hley1wdq3xt8e9.modifier[2]/explanation	잡범.
t9hley1wdq3xt8e9.modifier[3]/explanation	잠긴 문이 빌어먹게 많다.
t9hley1wdq3xt8e9.modifier[4]/explanation	전방에 공중 변태.
t9hley1wdq3xt8e9.modifier[5]/explanation	조롱당함.
t9hley1wdq3xt8e9.modifier[6]/explanation	해가 저물어 간다.
t9hley1wdq3xt8e9.modifier[7]/explanation	열성적인 문짝 파괴자.
4xzcdjsl5c1rgdvf.modifier[0]/explanation	무유도 미사일 공격.
4xzcdjsl5c1rgdvf.modifier[1]/explanation	카라비네로에 대한 공포.
4xzcdjsl5c1rgdvf.modifier[2]/explanation	당신의 소유물이다.
4xzcdjsl5c1rgdvf.modifier[3]/explanation	무장한 상태.
4xzcdjsl5c1rgdvf.modifier[4]/explanation	자기 역할이 불확실함.
4xzcdjsl5c1rgdvf.modifier[5]/explanation	그는 무장했다.
9247yfcxs75h53bu.modifier[0]/explanation	인류를 위한 시험 가동.
9247yfcxs75h53bu.modifier[1]/explanation	동물적 매력.
9247yfcxs75h53bu.modifier[2]/explanation	사제복.
9247yfcxs75h53bu.modifier[3]/explanation	프레데리크를 떠밂.
9247yfcxs75h53bu.modifier[4]/explanation	바자르의 추적자에게 돌진함.
atuy9xdx5ymtgsb8.modifier[0]/explanation	시간에 관한 이야기.
atuy9xdx5ymtgsb8.modifier[1]/explanation	담배는 가짜다.
atuy9xdx5ymtgsb8.modifier[2]/explanation	돈은 가짜다.
atuy9xdx5ymtgsb8.modifier[3]/explanation	새우 두 마리.
atuy9xdx5ymtgsb8.modifier[4]/explanation	예언자복.
atuy9xdx5ymtgsb8.modifier[5]/explanation	0년.
atuy9xdx5ymtgsb8.modifier[6]/explanation	소지품은 가짜다.
atuy9xdx5ymtgsb8.modifier[7]/explanation	단골 전화 청취자.
atuy9xdx5ymtgsb8.modifier[8]/explanation	디스크를 순순히 넘겨줌.
atuy9xdx5ymtgsb8.modifier[9]/explanation	신경전달물질.
u_rtbsz8gsl9icnb.modifier[0]/explanation	전에도 죽인 적 있음.
u_rtbsz8gsl9icnb.modifier[1]/explanation	무유도 미사일 공격.
u_rtbsz8gsl9icnb.modifier[2]/explanation	'처음'이라고?
u_rtbsz8gsl9icnb.modifier[3]/explanation	불분명한 상황.
u_rtbsz8gsl9icnb.modifier[4]/explanation	봉투 대 봉투의 폭력.
vl1oj97ixchf00pj.modifier[0]/explanation	한때 오페라 소속.
vl1oj97ixchf00pj.modifier[1]/explanation	널 개체.
vl1oj97ixchf00pj.modifier[2]/explanation	슈도팟과 대화했다더라.
w4xw0eoz_ut49r2a.modifier[0]/explanation	바보 같은 수작을 부림.
w4xw0eoz_ut49r2a.modifier[1]/explanation	임무 불명.
w4xw0eoz_ut49r2a.modifier[2]/explanation	티오펜탈 나트륨.
71aruxl0fltqt75y.modifier[0]/explanation	수상한 붉은 디스크.
71aruxl0fltqt75y.modifier[1]/explanation	테크플렉서.
71aruxl0fltqt75y.modifier[2]/explanation	리플레이어.
71aruxl0fltqt75y.modifier[3]/explanation	리플레이어가 아님.
71aruxl0fltqt75y.modifier[4]/explanation	자기 소거.
71aruxl0fltqt75y.modifier[5]/explanation	페트레를 모욕함.
71aruxl0fltqt75y.modifier[6]/explanation	죽은 문화.
71aruxl0fltqt75y.modifier[7]/explanation	도래할 초병기.
_9htf4sjqfu70nju.modifier[0]/explanation	포맷에 관한 무언가.
_9htf4sjqfu70nju.modifier[1]/explanation	시간 낭비.
_9htf4sjqfu70nju.modifier[2]/explanation	슈도팟이 디스크를 들었다.
_9htf4sjqfu70nju.modifier[3]/explanation	〈꿈에서 온 너〉.
_9htf4sjqfu70nju.modifier[4]/explanation	자살 개입일 가능성.
vbt4629tqbdo399g.modifier[0]/explanation	음모론자.
vbt4629tqbdo399g.modifier[1]/explanation	관객에게 손을 흔듦.
vbt4629tqbdo399g.modifier[2]/explanation	끝내주는 장치.
vbt4629tqbdo399g.modifier[3]/explanation	전부 처리함.
tlhbsig73c6anc6y.modifier[0]/explanation	원격 투시 증언을 읽음.
tlhbsig73c6anc6y.modifier[1]/explanation	위상 이동 보고서를 살펴봄.
tlhbsig73c6anc6y.modifier[2]/explanation	침울한 배급식량을 발견함.
tlhbsig73c6anc6y.modifier[3]/explanation	곰팡이와 교감함.
vx4v_ccxy3h9vf9e.modifier[0]/explanation	출처 불명.
vx4v_ccxy3h9vf9e.modifier[1]/explanation	아마추어 균류학자.
vx4v_ccxy3h9vf9e.modifier[2]/explanation	이미 *인간* 샘플을 수집하는 중.
vx4v_ccxy3h9vf9e.modifier[3]/explanation	곰팡이를 알려면 먹어 봐야 한다.
vx4v_ccxy3h9vf9e.modifier[4]/explanation	저들은 이제 공작원을 생물 에어로졸로 만든다.
vx4v_ccxy3h9vf9e.modifier[5]/explanation	냉각하면 포자가 죽는다.
aw42si1ymmb7xmh_.modifier[0]/explanation	원격 투시 증언을 읽음.
aw42si1ymmb7xmh_.modifier[1]/explanation	위상 이동 보고서를 살펴봄.
aw42si1ymmb7xmh_.modifier[2]/explanation	처량한 배급식량을 발견함.
aw42si1ymmb7xmh_.modifier[3]/explanation	곰팡이와 교감함.
sgg65b1ouqg_6eg5.modifier[0]/explanation	배역에 몰입하지 못함.
sgg65b1ouqg_6eg5.modifier[1]/explanation	곤자의 명성은 익히 들음.
sgg65b1ouqg_6eg5.modifier[2]/explanation	의료위원회 비서와 같은 안경.
sriz2be3o81i4cba.modifier[0]/explanation	당신은 위원회보다 더 질이 나쁘다.
sriz2be3o81i4cba.modifier[1]/explanation	위원회의 끄나풀과 한통속이 됨.
sriz2be3o81i4cba.modifier[2]/explanation	같은 코카인 중독자.
sriz2be3o81i4cba.modifier[3]/explanation	마찬가지로 제정신이 아님.
l3z700gkmb0v5jmm.modifier[0]/explanation	에스티와 파스칼에게 사과함.
l3z700gkmb0v5jmm.modifier[10]/explanation	텔레비전을 봄.
l3z700gkmb0v5jmm.modifier[11]/explanation	그녀를 찔렀음.
l3z700gkmb0v5jmm.modifier[12]/explanation	카롤리나 때문에 몹시 슬픔.
l3z700gkmb0v5jmm.modifier[13]/explanation	무너지지 않았음.
l3z700gkmb0v5jmm.modifier[14]/explanation	말렌의 가족을 파괴함.
l3z700gkmb0v5jmm.modifier[15]/explanation	파시스트처럼 말함.
l3z700gkmb0v5jmm.modifier[16]/explanation	훌륭한 공산주의자.
l3z700gkmb0v5jmm.modifier[17]/explanation	매듭공예로 기분 전환.
l3z700gkmb0v5jmm.modifier[18]/explanation	부르르.
l3z700gkmb0v5jmm.modifier[19]/explanation	낮은 평량.
l3z700gkmb0v5jmm.modifier[1]/explanation	사과 카드가 근사함.
l3z700gkmb0v5jmm.modifier[2]/explanation	사과 실패.
l3z700gkmb0v5jmm.modifier[3]/explanation	비유도 미사일 공격.
l3z700gkmb0v5jmm.modifier[4]/explanation	위풍당당한 부츠.
l3z700gkmb0v5jmm.modifier[5]/explanation	부하들이 벌인 연쇄 살인.
l3z700gkmb0v5jmm.modifier[6]/explanation	홀로세를 죽임.
l3z700gkmb0v5jmm.modifier[7]/explanation	당신은 소녀다.
l3z700gkmb0v5jmm.modifier[8]/explanation	분대원 전원과 이야기를 나눔.
l3z700gkmb0v5jmm.modifier[9]/explanation	파스칼을 아프게 함.
66am07it7yl9i8f2.modifier[1]/explanation	연습용 살인.
